Alcohol Notalcohol,Belted Unbelted,Bike Nonbike,Collision Type,CRASH_DT (copy),Crash Dt,Crash Event Type Dsc,Crash Military Tm,Crash Severity,Juris Name Used,Area Type Used,First Harmful Event of Entire Crash,Time Slicing Used,Phy_Juris_Nm,Offset-Ft,Intersection Analysis,Day Of Week,Deer Nodeer,TOTAL CRASH,Document Nbr,FAC,First Harmful Event,FUN,Gr Nogr,Hitrun Not Hitrun,Injury Crashes,Intersection Type,Int Doc,K_CRASH,K People,Lgtruck Nonlgtruck,Light Condition,MAINLINE (group),Mainline Yn,Motor Nonmotor,Node Info,Ownership,Total People Killed & Injured,Ped Nonped,Persons Injured,VSP_Used,Rd Type,Relation To Roadway,Rns Mp,Roadway Alignment,Roadway Description,Roadway Surface Cond,Rte Nm,School Zone,Senior Notsenior,Speed Notspeed,Time Slicing,Total Crashes including Property Damage Only,Traffic Control Type,District_Used ,Weather Condition,Work Zone Related,Young Notyoung
Not ALCIHOL,Not UNBELTED,BIKE,2. Angle,5/7/2011,5/7/2011,22. Bicycle,928,B.Visiible Injury,Chesapeake,Urban,22. Bicycle,9AM TO 12PM,131.Chesapeake,,Not Intersection,Saturday,Not DEER,1,111440855,,1. On Roadway,,Not GUARDRAIL,Not HIT_RUN,1,1. Not at Intersection,,0,0,Not LRTRUCK,2. Daylight,MAINLINE,,Not MOTORCYCLE,.,SEC_URBAN,1,Not PED,1,5,NOT-RD,8. Non-Intersection,,1. Straight - Level,"1. Two-Way, Not Divided",1. Dry,U-VA131SC99999UK,3. No,Not SENIOR,Not SPEED,9AM TO 12PM,1,6. Traffic Lanes Marked,5.Hampton Roads,1. No Adverse Condition (Clear/Cloudy),2. No,Not YOUNG
Not ALCIHOL,Not UNBELTED,BIKE,2. Angle,5/7/2011,5/7/2011,22. Bicycle,1455,B.Visiible Injury,Virginia Beach,Urban,22. Bicycle,12PM TO 3PM,134.Virginia Beach,"1,758",Intersection,Saturday,Not DEER,1,111335078,"1.Divided, no control of access",1. On Roadway,I.Urban Collector,Not GUARDRAIL,Not HIT_RUN,1,1. Not at Intersection,111335078,0,0,Not LRTRUCK,2. Daylight,MAINLINE,MAIN,Not MOTORCYCLE,541104.  US00060       US00060      13408724,PRI_URBAN,1,Not PED,1,5,NOT-RD,1. Main-Line Roadway,303.87,1. Straight - Level,"1. Two-Way, Not Divided",1. Dry,R-VA   US00060EB,3. No,Not SENIOR,Not SPEED,12PM TO 3PM,1,6. Traffic Lanes Marked,5.Hampton Roads,1. No Adverse Condition (Clear/Cloudy),2. No,YOUNG
Not ALCIHOL,Not UNBELTED,BIKE,2. Angle,5/9/2011,5/9/2011,22. Bicycle,1630,B.Visiible Injury,Virginia Beach,Urban,22. Bicycle,3PM TO 6PM,134.Virginia Beach,,Not Intersection,Monday,Not DEER,1,111345155,,1. On Roadway,,Not GUARDRAIL,Not HIT_RUN,1,4. Four Approaches,,0,0,Not LRTRUCK,2. Daylight,MAINLINE,,Not MOTORCYCLE,.,SEC_URBAN,1,Not PED,1,5,NOT-RD,9. Within Intersection,,1. Straight - Level,"3. Two-Way, Divided, Positive Median Barrier",1. Dry,U-VA134SC99999UK,3. No,Not SENIOR,Not SPEED,3PM TO 6PM,1,3. Traffic Signal,5.Hampton Roads,1. No Adverse Condition (Clear/Cloudy),2. No,Not YOUNG
Not ALCIHOL,Not UNBELTED,BIKE,2. Angle,5/10/2011,5/10/2011,22. Bicycle,1433,C.Non-Visible Injury,Virginia Beach,Urban,22. Bicycle,12PM TO 3PM,134.Virginia Beach,834,Intersection,Tuesday,Not DEER,1,111315199,"1.Divided, no control of access",1. On Roadway,H.Urban Minor Arterial,Not GUARDRAIL,Not HIT_RUN,1,4. Four Approaches,111315199,0,0,Not LRTRUCK,2. Daylight,MAINLINE,MAIN,Not MOTORCYCLE,541287. 13400013      13400013      13408750,SEC_URBAN,1,Not PED,1,5,NOT-RD,9. Within Intersection,0.83,1. Straight - Level,"2. Two-Way, Divided, Unprotected Median",1. Dry,R-VA134UR00013NB,3. No,Not SENIOR,Not SPEED,12PM TO 3PM,1,4. Stop Sign,5.Hampton Roads,1. No Adverse Condition (Clear/Cloudy),2. No,Not YOUNG
Not ALCIHOL,Not UNBELTED,BIKE,2. Angle,5/11/2011,5/11/2011,22. Bicycle,1836,C.Non-Visible Injury,Virginia Beach,Urban,22. Bicycle,6PM TO 9PM,134.Virginia Beach,48,Intersection,Wednesday,Not DEER,1,111335004,"0.Two-way, non-divided",1. On Roadway,I.Urban Collector,Not GUARDRAIL,Not HIT_RUN,1,4. Four Approaches,111335004,0,0,Not LRTRUCK,2. Daylight,MAINLINE,MAIN,Not MOTORCYCLE,542254. 13408739      13408829      13408829,SEC_URBAN,1,Not PED,1,5,NOT-RD,9. Within Intersection,1.47,1. Straight - Level,"1. Two-Way, Not Divided",1. Dry,R-VA134UR08829WB,3. No,Not SENIOR,Not SPEED,6PM TO 9PM,1,3. Traffic Signal,5.Hampton Roads,1. No Adverse Condition (Clear/Cloudy),2. No,Not YOUNG
Not ALCIHOL,Not UNBELTED,BIKE,2. Angle,5/11/2011,5/11/2011,22. Bicycle,1346,PDO.Property Damage Only,Virginia Beach,Urban,22. Bicycle,12PM TO 3PM,134.Virginia Beach,581,Intersection,Wednesday,Not DEER,1,111325244,"1.Divided, no control of access",1. On Roadway,H.Urban Minor Arterial,Not GUARDRAIL,HIT_RUN,0,2. Two Approaches,111325244,0,0,Not LRTRUCK,2. Daylight,MAINLINE,MAIN,Not MOTORCYCLE,541073.  SR00279       US00058       US00058      13408685,SEC_URBAN,0,Not PED,0,5,NOT-RD,9. Within Intersection,3.70,1. Straight - Level,"2. Two-Way, Divided, Unprotected Median",1. Dry,R-VA134UR08685NB,3. No,Not SENIOR,Not SPEED,12PM TO 3PM,1,6. Traffic Lanes Marked,5.Hampton Roads,1. No Adverse Condition (Clear/Cloudy),2. No,Not YOUNG
Not ALCIHOL,Not UNBELTED,BIKE,2. Angle,5/11/2011,5/11/2011,22. Bicycle,1910,B.Visiible Injury,Norfolk,Urban,22. Bicycle,6PM TO 9PM,122.Norfolk,37,Intersection,Wednesday,Not DEER,1,111460147,"1.Divided, no control of access",1. On Roadway,H.Urban Minor Arterial,Not GUARDRAIL,HIT_RUN,1,1. Not at Intersection,111460147,0,0,Not LRTRUCK,2. Daylight,MAINLINE,MAIN,Not MOTORCYCLE,485086. 12208563      12208563      12208572      12208572,SEC_URBAN,1,Not PED,1,5,NOT-RD,10. Intersection Related - Within 150 Feet,0.98,3. Grade - Straight,"3. Two-Way, Divided, Positive Median Barrier",1. Dry,R-VA122UR08563NB,3. No,Not SENIOR,Not SPEED,6PM TO 9PM,1,3. Traffic Signal,5.Hampton Roads,1. No Adverse Condition (Clear/Cloudy),2. No,Not YOUNG
Not ALCIHOL,Not UNBELTED,BIKE,2. Angle,5/13/2011,5/13/2011,22. Bicycle,1244,B.Visiible Injury,Virginia Beach,Urban,22. Bicycle,12PM TO 3PM,134.Virginia Beach,,Not Intersection,Friday,Not DEER,1,111555143,,1. On Roadway,,Not GUARDRAIL,Not HIT_RUN,1,4. Four Approaches,,0,0,Not LRTRUCK,2. Daylight,MAINLINE,,Not MOTORCYCLE,.,SEC_URBAN,1,Not PED,1,5,NOT-RD,9. Within Intersection,,1. Straight - Level,"2. Two-Way, Divided, Unprotected Median",1. Dry,U-VA134SC99999UK,3. No,Not SENIOR,Not SPEED,12PM TO 3PM,1,4. Stop Sign,5.Hampton Roads,1. No Adverse Condition (Clear/Cloudy),2. No,Not YOUNG
Not ALCIHOL,UNBELTED,BIKE,15. Backed Into,5/14/2011,5/14/2011,22. Bicycle,1416,A.Ambulatory Injury,Virginia Beach,Urban,22. Bicycle,12PM TO 3PM,134.Virginia Beach,,Not Intersection,Saturday,Not DEER,1,111485118,,1. On Roadway,,Not GUARDRAIL,Not HIT_RUN,1,1. Not at Intersection,,0,0,Not LRTRUCK,2. Daylight,MAINLINE,,Not MOTORCYCLE,.,SEC_URBAN,1,Not PED,1,5,NOT-RD,8. Non-Intersection,,1. Straight - Level,"1. Two-Way, Not Divided",1. Dry,U-VA134SC99999UK,3. No,Not SENIOR,Not SPEED,12PM TO 3PM,1,1. No Traffic Control,5.Hampton Roads,1. No Adverse Condition (Clear/Cloudy),2. No,Not YOUNG
Not ALCIHOL,Not UNBELTED,BIKE,2. Angle,5/15/2011,5/15/2011,22. Bicycle,1135,B.Visiible Injury,Norfolk,Urban,22. Bicycle,9AM TO 12PM,122.Norfolk,438,Intersection,Sunday,Not DEER,1,111570204,"1.Divided, no control of access",1. On Roadway,E.Urban Other Principle Arterials; Connecting Links of Other Rural Principal Arterial,Not GUARDRAIL,Not HIT_RUN,1,1. Not at Intersection,111570204,0,0,Not LRTRUCK,2. Daylight,MAINLINE,MAIN,Not MOTORCYCLE,483118.  US00058       US00058      12208644,PRI_URBAN,2,Not PED,2,5,NOT-RD,8. Non-Intersection,496.47,1. Straight - Level,"3. Two-Way, Divided, Positive Median Barrier",1. Dry,R-VA   US00058EB,3. No,Not SENIOR,Not SPEED,9AM TO 12PM,1,4. Stop Sign,5.Hampton Roads,1. No Adverse Condition (Clear/Cloudy),2. No,YOUNG
Not ALCIHOL,Not UNBELTED,BIKE,2. Angle,5/17/2011,5/17/2011,22. Bicycle,535,A.Ambulatory Injury,Norfolk,Urban,22. Bicycle,3AM TO 6AM,122.Norfolk,"1,927",Intersection,Tuesday,Not DEER,1,111720002,"1.Divided, no control of access",1. On Roadway,E.Urban Other Principle Arterials; Connecting Links of Other Rural Principal Arterial,Not GUARDRAIL,Not HIT_RUN,1,4. Four Approaches,111720002,0,0,Not LRTRUCK,2. Daylight,MAINLINE,MAIN,Not MOTORCYCLE,483647.  SR00337       SR00337      12208610,PRI_URBAN,1,Not PED,1,5,NOT-RD,1. Main-Line Roadway,33.72,1. Straight - Level,"2. Two-Way, Divided, Unprotected Median",1. Dry,R-VA   SR00337WB,3. No,Not SENIOR,Not SPEED,3AM TO 6AM,1,3. Traffic Signal,5.Hampton Roads,1. No Adverse Condition (Clear/Cloudy),2. No,Not YOUNG
Not ALCIHOL,Not UNBELTED,BIKE,2. Angle,5/20/2011,5/20/2011,22. Bicycle,1830,B.Visiible Injury,Virginia Beach,Urban,22. Bicycle,6PM TO 9PM,134.Virginia Beach,32,Intersection,Friday,Not DEER,1,111895114,"1.Divided, no control of access",1. On Roadway,H.Urban Minor Arterial,Not GUARDRAIL,Not HIT_RUN,1,4. Four Approaches,111895114,0,0,Not LRTRUCK,2. Daylight,MAINLINE,MAIN,Not MOTORCYCLE,541093. 13408723      13408723     C7US00058     C7US00058,PRI_URBAN,3,Not PED,3,5,NOT-RD,9. Within Intersection,2.81,1. Straight - Level,"3. Two-Way, Divided, Positive Median Barrier",1. Dry,R-VA   US00058EBBUS007,3. No,Not SENIOR,Not SPEED,6PM TO 9PM,1,3. Traffic Signal,5.Hampton Roads,1. No Adverse Condition (Clear/Cloudy),2. No,Not YOUNG
Not ALCIHOL,Not UNBELTED,BIKE,2. Angle,5/20/2011,5/20/2011,20. Motor Vehicle In Transport,1928,B.Visiible Injury,Virginia Beach,Urban,20. Motor Vehicle In Transport,6PM TO 9PM,134.Virginia Beach,"1,426",Intersection,Friday,Not DEER,1,111815189,"0.Two-way, non-divided",1. On Roadway,H.Urban Minor Arterial,Not GUARDRAIL,Not HIT_RUN,1,4. Four Approaches,111815189,0,0,Not LRTRUCK,2. Daylight,MAINLINE,MAIN,Not MOTORCYCLE,541493. 13408669      13408669      13408724      13408724,SEC_URBAN,1,Not PED,1,5,NOT-RD,9. Within Intersection,22.26,1. Straight - Level,"1. Two-Way, Not Divided",1. Dry,R-VA134UR08669NB,3. No,Not SENIOR,Not SPEED,6PM TO 9PM,1,3. Traffic Signal,5.Hampton Roads,1. No Adverse Condition (Clear/Cloudy),2. No,YOUNG
Not ALCIHOL,Not UNBELTED,BIKE,2. Angle,5/21/2011,5/21/2011,20. Motor Vehicle In Transport,1835,B.Visiible Injury,Virginia Beach,Urban,20. Motor Vehicle In Transport,6PM TO 9PM,134.Virginia Beach,,Not Intersection,Saturday,Not DEER,1,111655059,,1. On Roadway,,Not GUARDRAIL,Not HIT_RUN,1,4. Four Approaches,,0,0,Not LRTRUCK,2. Daylight,MAINLINE,,Not MOTORCYCLE,.,SEC_URBAN,1,Not PED,1,5,NOT-RD,9. Within Intersection,,2. Curve - Level,"2. Two-Way, Divided, Unprotected Median",1. Dry,U-VA134SC99999UK,3. No,Not SENIOR,Not SPEED,6PM TO 9PM,1,4. Stop Sign,5.Hampton Roads,1. No Adverse Condition (Clear/Cloudy),2. No,Not YOUNG
Not ALCIHOL,Not UNBELTED,BIKE,2. Angle,5/22/2011,5/22/2011,20. Motor Vehicle In Transport,1309,C.Non-Visible Injury,Norfolk,Urban,20. Motor Vehicle In Transport,12PM TO 3PM,122.Norfolk,,Not Intersection,Sunday,Not DEER,1,111570587,,1. On Roadway,,Not GUARDRAIL,Not HIT_RUN,1,4. Four Approaches,,0,0,Not LRTRUCK,2. Daylight,MAINLINE,,Not MOTORCYCLE,.,SEC_URBAN,1,Not PED,1,5,NOT-RD,9. Within Intersection,,1. Straight - Level,"1. Two-Way, Not Divided",1. Dry,U-VA122SC99999UK,3. No,Not SENIOR,Not SPEED,12PM TO 3PM,1,4. Stop Sign,5.Hampton Roads,1. No Adverse Condition (Clear/Cloudy),2. No,Not YOUNG
Not ALCIHOL,Not UNBELTED,BIKE,1. Rear End,5/24/2011,5/24/2011,22. Bicycle,1235,B.Visiible Injury,Norfolk,Urban,22. Bicycle,12PM TO 3PM,122.Norfolk,,Not Intersection,Tuesday,Not DEER,1,111600047,,1. On Roadway,,Not GUARDRAIL,HIT_RUN,1,4. Four Approaches,,0,0,Not LRTRUCK,2. Daylight,MAINLINE,,Not MOTORCYCLE,.,SEC_URBAN,1,Not PED,1,5,NOT-RD,9. Within Intersection,,1. Straight - Level,"1. Two-Way, Not Divided",1. Dry,U-VA122SC99999UK,3. No,Not SENIOR,Not SPEED,12PM TO 3PM,1,1. No Traffic Control,5.Hampton Roads,1. No Adverse Condition (Clear/Cloudy),2. No,YOUNG
Not ALCIHOL,Not UNBELTED,BIKE,2. Angle,5/25/2011,5/25/2011,22. Bicycle,1954,A.Ambulatory Injury,Hampton,Urban,22. Bicycle,6PM TO 9PM,114.Hampton,11,Intersection,Wednesday,Not DEER,1,111870025,"0.Two-way, non-divided",1. On Roadway,H.Urban Minor Arterial,Not GUARDRAIL,Not HIT_RUN,1,4. Four Approaches,111870025,0,0,Not LRTRUCK,3. Dusk,MAINLINE,MAIN,Not MOTORCYCLE,253045.  SR00143       SR00143      11407035      11407035,SEC_URBAN,1,Not PED,1,5,NOT-RD,9. Within Intersection,2.90,1. Straight - Level,"2. Two-Way, Divided, Unprotected Median",1. Dry,R-VA114UR07035EB,3. No,Not SENIOR,Not SPEED,6PM TO 9PM,1,3. Traffic Signal,5.Hampton Roads,1. No Adverse Condition (Clear/Cloudy),2. No,YOUNG
Not ALCIHOL,Not UNBELTED,BIKE,2. Angle,5/27/2011,5/27/2011,22. Bicycle,805,C.Non-Visible Injury,Hampton,Urban,22. Bicycle,6AM TO 9AM,114.Hampton,42,Intersection,Friday,Not DEER,1,111870037,"0.Two-way, non-divided",1. On Roadway,H.Urban Minor Arterial,Not GUARDRAIL,Not HIT_RUN,1,3. Three Approaches,111870037,0,0,Not LRTRUCK,2. Daylight,MAINLINE,MAIN,Not MOTORCYCLE,253114.  SR00169       SR00169      11407049,SEC_URBAN,1,Not PED,1,5,NOT-RD,9. Within Intersection,2.61,1. Straight - Level,"2. Two-Way, Divided, Unprotected Median",1. Dry,R-VA114UR07049NB,3. No,Not SENIOR,Not SPEED,6AM TO 9AM,1,3. Traffic Signal,5.Hampton Roads,1. No Adverse Condition (Clear/Cloudy),2. No,Not YOUNG
Not ALCIHOL,Not UNBELTED,BIKE,3. Head On,5/28/2011,5/28/2011,22. Bicycle,1922,B.Visiible Injury,Chesapeake,Urban,22. Bicycle,6PM TO 9PM,131.Chesapeake,253,Intersection,Saturday,Not DEER,1,111650437,"1.Divided, no control of access",1. On Roadway,E.Urban Other Principle Arterials; Connecting Links of Other Rural Principal Arterial,Not GUARDRAIL,Not HIT_RUN,1,4. Four Approaches,111650437,0,0,Not LRTRUCK,2. Daylight,MAINLINE,MAIN,Not MOTORCYCLE,483859.  FR00144     C1SR00168     C1SR00168,PRI_URBAN,1,Not PED,1,5,NOT-RD,9. Within Intersection,14.05,1. Straight - Level,"3. Two-Way, Divided, Positive Median Barrier",1. Dry,R-VA   SR00168SBBUS001,3. No,Not SENIOR,Not SPEED,6PM TO 9PM,1,3. Traffic Signal,5.Hampton Roads,1. No Adverse Condition (Clear/Cloudy),2. No,YOUNG
Not ALCIHOL,Not UNBELTED,BIKE,1. Rear End,5/28/2011,5/28/2011,22. Bicycle,545,A.Ambulatory Injury,Chesapeake,Urban,22. Bicycle,3AM TO 6AM,131.Chesapeake,729,Intersection,Saturday,Not DEER,1,111590060,"1.Divided, no control of access",1. On Roadway,H.Urban Minor Arterial,Not GUARDRAIL,HIT_RUN,1,1. Not at Intersection,111590060,0,0,Not LRTRUCK,1. Dawn,MAINLINE,MAIN,Not MOTORCYCLE,484713. 13108640      13108640      13108645      13108645,SEC_URBAN,1,Not PED,1,5,NOT-RD,8. Non-Intersection,2.06,1. Straight - Level,"3. Two-Way, Divided, Positive Median Barrier",1. Dry,R-VA131UR08640WB,3. No,Not SENIOR,Not SPEED,3AM TO 6AM,1,6. Traffic Lanes Marked,5.Hampton Roads,1. No Adverse Condition (Clear/Cloudy),2. No,YOUNG
Not ALCIHOL,Not UNBELTED,BIKE,2. Angle,5/29/2011,5/29/2011,22. Bicycle,1823,A.Ambulatory Injury,Chincoteaque,Rural,22. Bicycle,6PM TO 9PM,190.Chincoteaque,,Not Intersection,Sunday,Not DEER,1,112015240,,1. On Roadway,,Not GUARDRAIL,Not HIT_RUN,1,1. Not at Intersection,,0,0,Not LRTRUCK,2. Daylight,MAINLINE,,Not MOTORCYCLE,.,VDOT_SEC,1,Not PED,1,5,NOT-RD,1. Main-Line Roadway,,1. Straight - Level,"1. Two-Way, Not Divided",1. Dry,U-VA190SC99999UK,3. No,Not SENIOR,Not SPEED,6PM TO 9PM,1,6. Traffic Lanes Marked,5.Hampton Roads,1. No Adverse Condition (Clear/Cloudy),2. No,YOUNG
Not ALCIHOL,Not UNBELTED,BIKE,2. Angle,6/1/2011,6/1/2011,20. Motor Vehicle In Transport,2120,B.Visiible Injury,Virginia Beach,Urban,20. Motor Vehicle In Transport,9PM TO 12AM,134.Virginia Beach,,Not Intersection,Wednesday,Not DEER,1,111535043,,1. On Roadway,,Not GUARDRAIL,Not HIT_RUN,1,4. Four Approaches,,0,0,Not LRTRUCK,4. Darkness - Road Lighted,MAINLINE,,Not MOTORCYCLE,.,SEC_URBAN,1,Not PED,1,5,NOT-RD,9. Within Intersection,,1. Straight - Level,"3. Two-Way, Divided, Positive Median Barrier",1. Dry,U-VA134SC99999UK,3. No,Not SENIOR,Not SPEED,9PM TO 12AM,1,3. Traffic Signal,5.Hampton Roads,1. No Adverse Condition (Clear/Cloudy),2. No,Not YOUNG
Not ALCIHOL,Not UNBELTED,BIKE,2. Angle,6/1/2011,6/1/2011,20. Motor Vehicle In Transport,1620,A.Ambulatory Injury,Newport News,Urban,20. Motor Vehicle In Transport,3PM TO 6PM,121.Newport News,845,Intersection,Wednesday,Not DEER,1,111940473,"0.Two-way, non-divided",1. On Roadway,I.Urban Collector,Not GUARDRAIL,Not HIT_RUN,1,1. Not at Intersection,111940473,0,0,Not LRTRUCK,2. Daylight,MAINLINE,MAIN,Not MOTORCYCLE,646454. 12100014      12100014      12107040      12107040,SEC_URBAN,1,Not PED,1,5,NOT-RD,"13. Driveway, Alley-Access - Related",1.21,1. Straight - Level,"1. Two-Way, Not Divided",1. Dry,R-VA121UR00014WB,3. No,Not SENIOR,Not SPEED,3PM TO 6PM,1,6. Traffic Lanes Marked,5.Hampton Roads,1. No Adverse Condition (Clear/Cloudy),2. No,YOUNG
Not ALCIHOL,Not UNBELTED,BIKE,4. Sideswipe - Same Direction,6/4/2011,6/4/2011,22. Bicycle,1309,B.Visiible Injury,James City,Rural,22. Bicycle,12PM TO 3PM,47.James City,422,Intersection,Saturday,Not DEER,1,111660407,"0.Two-way, non-divided",1. On Roadway,5.Rural Minor Collector,Not GUARDRAIL,Not HIT_RUN,1,1. Not at Intersection,111660407,0,0,Not LRTRUCK,2. Daylight,MAINLINE,MAIN,Not MOTORCYCLE,731456.  4700603       4700603       4701025,VDOT_SEC,2,Not PED,2,5,NOT-RD,8. Non-Intersection,0.57,2. Curve - Level,"2. Two-Way, Divided, Unprotected Median",1. Dry,R-VA047SC00603NB,3. No,Not SENIOR,Not SPEED,12PM TO 3PM,1,6. Traffic Lanes Marked,5.Hampton Roads,1. No Adverse Condition (Clear/Cloudy),2. No,Not YOUNG
Not ALCIHOL,Not UNBELTED,BIKE,4. Sideswipe - Same Direction,6/4/2011,6/4/2011,22. Bicycle,500,A.Ambulatory Injury,Virginia Beach,Urban,22. Bicycle,3AM TO 6AM,134.Virginia Beach,"2,598",Intersection,Saturday,Not DEER,1,111585135,"1.Divided, no control of access",1. On Roadway,E.Urban Other Principle Arterials; Connecting Links of Other Rural Principal Arterial,Not GUARDRAIL,HIT_RUN,1,1. Not at Intersection,111585135,0,0,Not LRTRUCK,5. Darkness - Road Not Lighted,MAINLINE,MAIN,Not MOTORCYCLE,541117.  US00060       US00060      13408669,PRI_URBAN,1,Not PED,1,5,NOT-RD,1. Main-Line Roadway,298.15,1. Straight - Level,"3. Two-Way, Divided, Positive Median Barrier",1. Dry,R-VA   US00060EB,3. No,Not SENIOR,Not SPEED,3AM TO 6AM,1,6. Traffic Lanes Marked,5.Hampton Roads,1. No Adverse Condition (Clear/Cloudy),2. No,Not YOUNG
Not ALCIHOL,Not UNBELTED,BIKE,2. Angle,6/9/2011,6/9/2011,22. Bicycle,817,PDO.Property Damage Only,Virginia Beach,Urban,22. Bicycle,6AM TO 9AM,134.Virginia Beach,586,Intersection,Thursday,Not DEER,1,111615034,"1.Divided, no control of access",4. Roadside,H.Urban Minor Arterial,Not GUARDRAIL,Not HIT_RUN,0,1. Not at Intersection,111615034,0,0,Not LRTRUCK,2. Daylight,MAINLINE,MAIN,Not MOTORCYCLE,541482. 13408669      13408669      13408723      13408723,SEC_URBAN,0,Not PED,0,5,NOT-RD,"13. Driveway, Alley-Access - Related",20.28,1. Straight - Level,"1. Two-Way, Not Divided",1. Dry,R-VA134UR08669NB,3. No,SENIOR,Not SPEED,6AM TO 9AM,1,14. Ped Crosswalk,5.Hampton Roads,1. No Adverse Condition (Clear/Cloudy),2. No,Not YOUNG
ALCOHOL,Not UNBELTED,BIKE,3. Head On,6/10/2011,6/10/2011,22. Bicycle,1355,PDO.Property Damage Only,Virginia Beach,Urban,22. Bicycle,12PM TO 3PM,134.Virginia Beach,,Not Intersection,Friday,Not DEER,1,111755114,,1. On Roadway,,Not GUARDRAIL,Not HIT_RUN,0,4. Four Approaches,,0,0,Not LRTRUCK,2. Daylight,MAINLINE,,Not MOTORCYCLE,.,SEC_URBAN,0,Not PED,0,5,RD-UNKNOWN,9. Within Intersection,,2. Curve - Level,"1. Two-Way, Not Divided",1. Dry,U-VA134SC99999UK,3. No,Not SENIOR,Not SPEED,12PM TO 3PM,1,1. No Traffic Control,5.Hampton Roads,1. No Adverse Condition (Clear/Cloudy),2. No,YOUNG
Not ALCIHOL,Not UNBELTED,BIKE,3. Head On,6/11/2011,6/11/2011,22. Bicycle,1147,C.Non-Visible Injury,Norfolk,Urban,22. Bicycle,9AM TO 12PM,122.Norfolk,"1,019",Intersection,Saturday,Not DEER,1,111720363,"1.Divided, no control of access",1. On Roadway,E.Urban Other Principle Arterials; Connecting Links of Other Rural Principal Arterial,Not GUARDRAIL,Not HIT_RUN,1,3. Three Approaches,111720363,0,0,Not LRTRUCK,2. Daylight,MAINLINE,MAIN,Not MOTORCYCLE,483128.  SR00166       SR00166       US00058       US00058,PRI_URBAN,1,Not PED,1,5,NOT-RD,9. Within Intersection,492.77,1. Straight - Level,"2. Two-Way, Divided, Unprotected Median",1. Dry,R-VA   US00058EB,3. No,Not SENIOR,Not SPEED,9AM TO 12PM,1,6. Traffic Lanes Marked,5.Hampton Roads,1. No Adverse Condition (Clear/Cloudy),2. No,Not YOUNG
Not ALCIHOL,Not UNBELTED,BIKE,2. Angle,6/12/2011,6/12/2011,22. Bicycle,1513,A.Ambulatory Injury,Virginia Beach,Urban,22. Bicycle,3PM TO 6PM,134.Virginia Beach,491,Intersection,Sunday,Not DEER,1,111685113,"0.Two-way, non-divided",1. On Roadway,I.Urban Collector,Not GUARDRAIL,Not HIT_RUN,1,1. Not at Intersection,111685113,0,0,Not LRTRUCK,2. Daylight,MAINLINE,MAIN,Not MOTORCYCLE,541659. 13408684      13408719      13408719,SEC_URBAN,1,Not PED,1,5,NOT-RD,10. Intersection Related - Within 150 Feet,0.18,1. Straight - Level,"1. Two-Way, Not Divided",1. Dry,R-VA134UR08719SB,3. No,Not SENIOR,Not SPEED,3PM TO 6PM,1,1. No Traffic Control,5.Hampton Roads,1. No Adverse Condition (Clear/Cloudy),2. No,Not YOUNG
ALCOHOL,Not UNBELTED,BIKE,1. Rear End,6/12/2011,6/12/2011,20. Motor Vehicle In Transport,2153,B.Visiible Injury,Virginia Beach,Urban,20. Motor Vehicle In Transport,9PM TO 12AM,134.Virginia Beach,"2,070",Intersection,Sunday,Not DEER,1,111665160,"0.Two-way, non-divided",1. On Roadway,H.Urban Minor Arterial,Not GUARDRAIL,HIT_RUN,1,3. Three Approaches,111665160,0,0,Not LRTRUCK,4. Darkness - Road Lighted,MAINLINE,MAIN,Not MOTORCYCLE,541093. 13408723      13408723     C7US00058     C7US00058,PRI_URBAN,1,Not PED,1,5,NOT-RD,10. Intersection Related - Within 150 Feet,3.19,1. Straight - Level,"2. Two-Way, Divided, Unprotected Median",1. Dry,R-VA   US00058EBBUS007,3. No,Not SENIOR,Not SPEED,9PM TO 12AM,1,6. Traffic Lanes Marked,5.Hampton Roads,1. No Adverse Condition (Clear/Cloudy),2. No,Not YOUNG
Not ALCIHOL,Not UNBELTED,BIKE,2. Angle,6/13/2011,6/13/2011,22. Bicycle,1200,C.Non-Visible Injury,Virginia Beach,Urban,22. Bicycle,9AM TO 12PM,134.Virginia Beach,48,Intersection,Monday,Not DEER,1,111655024,"1.Divided, no control of access",1. On Roadway,H.Urban Minor Arterial,Not GUARDRAIL,Not HIT_RUN,1,3. Three Approaches,111655024,0,0,Not LRTRUCK,2. Daylight,MAINLINE,MAIN,Not MOTORCYCLE,541284.  IS00264E018A 13400013      13400013,SEC_URBAN,1,Not PED,1,5,NOT-RD,6. Intersection at end of Ramp,1.67,1. Straight - Level,"2. Two-Way, Divided, Unprotected Median",1. Dry,R-VA134UR00013NB,3. No,SENIOR,Not SPEED,9AM TO 12PM,1,3. Traffic Signal,5.Hampton Roads,1. No Adverse Condition (Clear/Cloudy),2. No,Not YOUNG