Alcohol Notalcohol,Belted Unbelted,Bike Nonbike,Collision Type,CRASH_DT (copy),Crash Dt,Crash Event Type Dsc,Crash Military Tm,Crash Severity,Juris Name Used,Area Type Used,First Harmful Event of Entire Crash,Time Slicing Used,Phy_Juris_Nm,Offset-Ft,Intersection Analysis,Day Of Week,Deer Nodeer,TOTAL CRASH,Document Nbr,FAC,First Harmful Event,FUN,Gr Nogr,Hitrun Not Hitrun,Injury Crashes,Intersection Type,Int Doc,K_CRASH,K People,Lgtruck Nonlgtruck,Light Condition,MAINLINE (group),Mainline Yn,Motor Nonmotor,Node Info,Ownership,Total People Killed & Injured,Ped Nonped,Persons Injured,VSP_Used,Rd Type,Relation To Roadway,Rns Mp,Roadway Alignment,Roadway Description,Roadway Surface Cond,Rte Nm,School Zone,Senior Notsenior,Speed Notspeed,Time Slicing,Total Crashes including Property Damage Only,Traffic Control Type,District_Used ,Weather Condition,Work Zone Related,Young Notyoung
Not ALCIHOL,Not UNBELTED,BIKE,1. Rear End,6/14/2011,6/14/2011,22. Bicycle,1921,B.Visiible Injury,Virginia Beach,Urban,22. Bicycle,6PM TO 9PM,134.Virginia Beach,449,Intersection,Tuesday,Not DEER,1,111675088,"1.Divided, no control of access",1. On Roadway,H.Urban Minor Arterial,Not GUARDRAIL,Not HIT_RUN,1,1. Not at Intersection,111675088,0,0,Not LRTRUCK,2. Daylight,MAINLINE,MAIN,Not MOTORCYCLE,541156.  SR00165       SR00165      13408779      13408779,SEC_URBAN,1,Not PED,1,5,NOT-RD,8. Non-Intersection,2.43,1. Straight - Level,"3. Two-Way, Divided, Positive Median Barrier",1. Dry,R-VA134UR08779SB,3. No,Not SENIOR,Not SPEED,6PM TO 9PM,1,6. Traffic Lanes Marked,5.Hampton Roads,1. No Adverse Condition (Clear/Cloudy),2. No,YOUNG
Not ALCIHOL,Not UNBELTED,BIKE,2. Angle,6/14/2011,6/14/2011,22. Bicycle,815,B.Visiible Injury,Virginia Beach,Urban,22. Bicycle,6AM TO 9AM,134.Virginia Beach,,Not Intersection,Tuesday,Not DEER,1,111665027,,1. On Roadway,,Not GUARDRAIL,Not HIT_RUN,1,4. Four Approaches,,0,0,Not LRTRUCK,2. Daylight,MAINLINE,,Not MOTORCYCLE,.,SEC_URBAN,2,Not PED,2,5,NOT-RD,9. Within Intersection,,1. Straight - Level,"1. Two-Way, Not Divided",1. Dry,U-VA134SC99999UK,3. No,SENIOR,Not SPEED,6AM TO 9AM,1,4. Stop Sign,5.Hampton Roads,1. No Adverse Condition (Clear/Cloudy),2. No,Not YOUNG
Not ALCIHOL,Not UNBELTED,BIKE,2. Angle,6/15/2011,6/15/2011,22. Bicycle,1440,B.Visiible Injury,Norfolk,Urban,22. Bicycle,12PM TO 3PM,122.Norfolk,127,Intersection,Wednesday,Not DEER,1,111950070,"1.Divided, no control of access",1. On Roadway,E.Urban Other Principle Arterials; Connecting Links of Other Rural Principal Arterial,Not GUARDRAIL,Not HIT_RUN,1,1. Not at Intersection,111950070,0,0,Not LRTRUCK,2. Daylight,MAINLINE,MAIN,Not MOTORCYCLE,483458.  SR00170       SR00170       SR00192,PRI_URBAN,1,Not PED,1,5,NOT-RD,10. Intersection Related - Within 150 Feet,1.58,1. Straight - Level,"2. Two-Way, Divided, Unprotected Median",1. Dry,R-VA   SR00170WB,3. No,Not SENIOR,Not SPEED,12PM TO 3PM,1,3. Traffic Signal,5.Hampton Roads,1. No Adverse Condition (Clear/Cloudy),2. No,Not YOUNG
Not ALCIHOL,Not UNBELTED,BIKE,4. Sideswipe - Same Direction,6/16/2011,6/16/2011,22. Bicycle,1506,C.Non-Visible Injury,Virginia Beach,Urban,22. Bicycle,3PM TO 6PM,134.Virginia Beach,,Not Intersection,Thursday,Not DEER,1,111725035,,1. On Roadway,,Not GUARDRAIL,Not HIT_RUN,1,4. Four Approaches,,0,0,Not LRTRUCK,2. Daylight,MAINLINE,,Not MOTORCYCLE,.,SEC_URBAN,1,Not PED,1,5,NOT-RD,10. Intersection Related - Within 150 Feet,,1. Straight - Level,"1. Two-Way, Not Divided",1. Dry,U-VA134SC99999UK,3. No,Not SENIOR,Not SPEED,3PM TO 6PM,1,6. Traffic Lanes Marked,5.Hampton Roads,1. No Adverse Condition (Clear/Cloudy),2. No,Not YOUNG
Not ALCIHOL,Not UNBELTED,BIKE,2. Angle,6/17/2011,6/17/2011,20. Motor Vehicle In Transport,1530,B.Visiible Injury,Virginia Beach,Urban,20. Motor Vehicle In Transport,3PM TO 6PM,134.Virginia Beach,0,Intersection,Friday,Not DEER,1,111795012,"1.Divided, no control of access",1. On Roadway,I.Urban Collector,Not GUARDRAIL,Not HIT_RUN,1,4. Four Approaches,111795012,0,0,Not LRTRUCK,2. Daylight,MAINLINE,MAIN,Not MOTORCYCLE,541077.  US00058       US00058      13408733      13408733,SEC_URBAN,1,Not PED,1,5,NOT-RD,9. Within Intersection,3.27,1. Straight - Level,"2. Two-Way, Divided, Unprotected Median",1. Dry,R-VA134UR08733SB,3. No,Not SENIOR,Not SPEED,3PM TO 6PM,1,3. Traffic Signal,5.Hampton Roads,1. No Adverse Condition (Clear/Cloudy),2. No,YOUNG
Not ALCIHOL,Not UNBELTED,BIKE,2. Angle,6/17/2011,6/17/2011,22. Bicycle,2010,A.Ambulatory Injury,Norfolk,Urban,22. Bicycle,6PM TO 9PM,122.Norfolk,850,Intersection,Friday,Not DEER,1,111810063,"0.Two-way, non-divided",1. On Roadway,E.Urban Other Principle Arterials; Connecting Links of Other Rural Principal Arterial,Not GUARDRAIL,Not HIT_RUN,1,3. Three Approaches,111810063,0,0,Not LRTRUCK,2. Daylight,MAINLINE,MAIN,Not MOTORCYCLE,483760.  US00460       US00460      12208576      12208576,PRI_URBAN,1,Not PED,1,5,NOT-RD,9. Within Intersection,400.04,1. Straight - Level,"1. Two-Way, Not Divided",1. Dry,R-VA   US00460WB,3. No,SENIOR,Not SPEED,6PM TO 9PM,1,6. Traffic Lanes Marked,5.Hampton Roads,1. No Adverse Condition (Clear/Cloudy),2. No,Not YOUNG
Not ALCIHOL,Not UNBELTED,BIKE,3. Head On,6/17/2011,6/17/2011,22. Bicycle,1305,B.Visiible Injury,Norfolk,Urban,22. Bicycle,12PM TO 3PM,122.Norfolk,285,Intersection,Friday,Not DEER,1,111810059,"0.Two-way, non-divided",1. On Roadway,I.Urban Collector,Not GUARDRAIL,HIT_RUN,1,1. Not at Intersection,111810059,0,0,Not LRTRUCK,2. Daylight,MAINLINE,MAIN,Not MOTORCYCLE,485538. 12208618      12208618      12208621      12208621,SEC_URBAN,1,Not PED,1,5,NOT-RD,10. Intersection Related - Within 150 Feet,1.32,1. Straight - Level,"1. Two-Way, Not Divided",1. Dry,R-VA122UR08621SB,3. No,Not SENIOR,Not SPEED,12PM TO 3PM,1,1. No Traffic Control,5.Hampton Roads,1. No Adverse Condition (Clear/Cloudy),2. No,YOUNG
Not ALCIHOL,Not UNBELTED,BIKE,2. Angle,6/17/2011,6/17/2011,22. Bicycle,1757,B.Visiible Injury,Chesapeake,Urban,22. Bicycle,3PM TO 6PM,131.Chesapeake,,Not Intersection,Friday,Not DEER,1,111790128,,1. On Roadway,,Not GUARDRAIL,Not HIT_RUN,1,4. Four Approaches,,0,0,Not LRTRUCK,2. Daylight,MAINLINE,,Not MOTORCYCLE,.,SEC_URBAN,1,Not PED,1,5,NOT-RD,9. Within Intersection,,1. Straight - Level,"3. Two-Way, Divided, Positive Median Barrier",1. Dry,U-VA131SC99999UK,3. No,Not SENIOR,Not SPEED,3PM TO 6PM,1,3. Traffic Signal,5.Hampton Roads,1. No Adverse Condition (Clear/Cloudy),2. No,Not YOUNG
Not ALCIHOL,Not UNBELTED,BIKE,2. Angle,6/18/2011,6/18/2011,22. Bicycle,1505,C.Non-Visible Injury,Newport News,Urban,22. Bicycle,3PM TO 6PM,121.Newport News,"2,714",Intersection,Saturday,Not DEER,1,112910025,"1.Divided, no control of access",4. Roadside,E.Urban Other Principle Arterials; Connecting Links of Other Rural Principal Arterial,Not GUARDRAIL,Not HIT_RUN,1,1. Not at Intersection,112910025,0,0,Not LRTRUCK,2. Daylight,MAINLINE,MAIN,Not MOTORCYCLE,646006.  SR00306       US00017       US00017      12107027,PRI_URBAN,1,Not PED,1,5,NOT-RD,1. Main-Line Roadway,54.64,1. Straight - Level,"3. Two-Way, Divided, Positive Median Barrier",1. Dry,R-VA   US00017SB,3. No,Not SENIOR,Not SPEED,3PM TO 6PM,1,1. No Traffic Control,5.Hampton Roads,1. No Adverse Condition (Clear/Cloudy),2. No,Not YOUNG
Not ALCIHOL,Not UNBELTED,BIKE,3. Head On,6/18/2011,6/18/2011,22. Bicycle,1920,C.Non-Visible Injury,Hampton,Urban,22. Bicycle,6PM TO 9PM,114.Hampton,766,Intersection,Saturday,Not DEER,1,111870142,"0.Two-way, non-divided",1. On Roadway,H.Urban Minor Arterial,Not GUARDRAIL,Not HIT_RUN,1,1. Not at Intersection,111870142,0,0,Not LRTRUCK,2. Daylight,MAINLINE,MAIN,Not MOTORCYCLE,253424. 11407037      11407039      11407039,SEC_URBAN,1,Not PED,1,5,RD-UNKNOWN,8. Non-Intersection,1.30,1. Straight - Level,"1. Two-Way, Not Divided",1. Dry,R-VA114UR07037SB,3. No,Not SENIOR,Not SPEED,6PM TO 9PM,1,6. Traffic Lanes Marked,5.Hampton Roads,1. No Adverse Condition (Clear/Cloudy),2. No,Not YOUNG
Not ALCIHOL,Not UNBELTED,BIKE,2. Angle,6/18/2011,6/18/2011,22. Bicycle,915,C.Non-Visible Injury,Virginia Beach,Urban,22. Bicycle,9AM TO 12PM,134.Virginia Beach,0,Intersection,Saturday,Not DEER,1,111935238,"1.Divided, no control of access",1. On Roadway,H.Urban Minor Arterial,Not GUARDRAIL,Not HIT_RUN,1,3. Three Approaches,111935238,0,0,Not LRTRUCK,2. Daylight,MAINLINE,MAIN,Not MOTORCYCLE,541258.  IS00264W021A 13400009      13400009,SEC_URBAN,1,Not PED,1,5,NOT-RD,6. Intersection at end of Ramp,0.27,1. Straight - Level,"2. Two-Way, Divided, Unprotected Median",1. Dry,R-VA134UR00009NB,3. No,SENIOR,Not SPEED,9AM TO 12PM,1,3. Traffic Signal,5.Hampton Roads,1. No Adverse Condition (Clear/Cloudy),2. No,Not YOUNG
Not ALCIHOL,Not UNBELTED,BIKE,2. Angle,6/20/2011,6/20/2011,20. Motor Vehicle In Transport,1522,A.Ambulatory Injury,Williamsburg,Urban,20. Motor Vehicle In Transport,3PM TO 6PM,137.Williamsburg,143,Intersection,Monday,Not DEER,1,111820281,"0.Two-way, non-divided",1. On Roadway,H.Urban Minor Arterial,Not GUARDRAIL,Not HIT_RUN,1,1. Not at Intersection,111820281,0,0,Not LRTRUCK,2. Daylight,MAINLINE,MAIN,Not MOTORCYCLE,398767.  US00060       US00060      13707075,SEC_URBAN,1,Not PED,1,5,NOT-RD,10. Intersection Related - Within 150 Feet,0.03,6. Hillcrest - Curve,"2. Two-Way, Divided, Unprotected Median",1. Dry,R-VA137UR07075WB,3. No,Not SENIOR,Not SPEED,3PM TO 6PM,1,6. Traffic Lanes Marked,5.Hampton Roads,1. No Adverse Condition (Clear/Cloudy),2. No,YOUNG
Not ALCIHOL,Not UNBELTED,BIKE,2. Angle,6/23/2011,6/23/2011,22. Bicycle,1353,B.Visiible Injury,James City,Rural,22. Bicycle,12PM TO 3PM,47.James City,,Not Intersection,Thursday,Not DEER,1,111820450,,1. On Roadway,,Not GUARDRAIL,Not HIT_RUN,1,4. Four Approaches,,0,0,Not LRTRUCK,2. Daylight,MAINLINE,,Not MOTORCYCLE,.,VDOT_SEC,1,Not PED,1,5,NOT-RD,10. Intersection Related - Within 150 Feet,,1. Straight - Level,"2. Two-Way, Divided, Unprotected Median",1. Dry,U-VA047SC99999UK,3. No,Not SENIOR,Not SPEED,12PM TO 3PM,1,3. Traffic Signal,5.Hampton Roads,1. No Adverse Condition (Clear/Cloudy),2. No,Not YOUNG
Not ALCIHOL,Not UNBELTED,BIKE,2. Angle,6/23/2011,6/23/2011,22. Bicycle,1140,B.Visiible Injury,Virginia Beach,Urban,22. Bicycle,9AM TO 12PM,134.Virginia Beach,,Not Intersection,Thursday,Not DEER,1,111745112,,1. On Roadway,,Not GUARDRAIL,Not HIT_RUN,1,4. Four Approaches,,0,0,Not LRTRUCK,2. Daylight,MAINLINE,,Not MOTORCYCLE,.,SEC_URBAN,1,Not PED,1,5,NOT-RD,9. Within Intersection,,1. Straight - Level,"1. Two-Way, Not Divided",1. Dry,U-VA134SC99999UK,3. No,Not SENIOR,Not SPEED,9AM TO 12PM,1,14. Ped Crosswalk,5.Hampton Roads,1. No Adverse Condition (Clear/Cloudy),2. No,Not YOUNG
ALCOHOL,Not UNBELTED,BIKE,1. Rear End,6/25/2011,6/25/2011,30. Overturn (Rollover),1651,A.Ambulatory Injury,Virginia Beach,Urban,30. Overturn (Rollover),3PM TO 6PM,134.Virginia Beach,"5,280",Intersection,Saturday,Not DEER,1,111795026,"1.Divided, no control of access",1. On Roadway,E.Urban Other Principle Arterials; Connecting Links of Other Rural Principal Arterial,Not GUARDRAIL,Not HIT_RUN,1,1. Not at Intersection,111795026,0,0,Not LRTRUCK,2. Daylight,MAINLINE,MAIN,Not MOTORCYCLE,541117.  US00060       US00060      13408669,PRI_URBAN,2,Not PED,2,5,NOT-RD,8. Non-Intersection,296.84,1. Straight - Level,"2. Two-Way, Divided, Unprotected Median",1. Dry,R-VA   US00060WB,3. No,Not SENIOR,Not SPEED,3PM TO 6PM,1,6. Traffic Lanes Marked,5.Hampton Roads,1. No Adverse Condition (Clear/Cloudy),2. No,YOUNG
Not ALCIHOL,Not UNBELTED,BIKE,2. Angle,6/28/2011,6/28/2011,22. Bicycle,1647,B.Visiible Injury,Virginia Beach,Urban,22. Bicycle,3PM TO 6PM,134.Virginia Beach,,Not Intersection,Tuesday,Not DEER,1,111805199,,1. On Roadway,,Not GUARDRAIL,Not HIT_RUN,1,3. Three Approaches,,0,0,Not LRTRUCK,2. Daylight,MAINLINE,,Not MOTORCYCLE,.,SEC_URBAN,1,Not PED,1,5,NOT-RD,9. Within Intersection,,1. Straight - Level,"1. Two-Way, Not Divided",1. Dry,U-VA134SC99999UK,3. No,Not SENIOR,Not SPEED,3PM TO 6PM,1,4. Stop Sign,5.Hampton Roads,1. No Adverse Condition (Clear/Cloudy),2. No,Not YOUNG
Not ALCIHOL,Not UNBELTED,BIKE,2. Angle,6/30/2011,6/30/2011,22. Bicycle,1834,B.Visiible Injury,Newport News,Urban,22. Bicycle,6PM TO 9PM,121.Newport News,106,Intersection,Thursday,Not DEER,1,112550067,"0.Two-way, non-divided",1. On Roadway,H.Urban Minor Arterial,Not GUARDRAIL,Not HIT_RUN,1,2. Two Approaches,112550067,0,0,Not LRTRUCK,2. Daylight,MAINLINE,MAIN,Not MOTORCYCLE,910003.  SR00173       SR00173      12100019,PRI_URBAN,1,Not PED,1,5,NOT-RD,9. Within Intersection,2.62,1. Straight - Level,"2. Two-Way, Divided, Unprotected Median",1. Dry,R-VA   SR00173EB,3. No,Not SENIOR,Not SPEED,6PM TO 9PM,1,4. Stop Sign,5.Hampton Roads,1. No Adverse Condition (Clear/Cloudy),2. No,Not YOUNG
Not ALCIHOL,Not UNBELTED,BIKE,2. Angle,7/1/2011,7/1/2011,20. Motor Vehicle In Transport,1253,B.Visiible Injury,Virginia Beach,Urban,20. Motor Vehicle In Transport,12PM TO 3PM,134.Virginia Beach,"1,267",Intersection,Friday,Not DEER,1,111845077,"1.Divided, no control of access",1. On Roadway,H.Urban Minor Arterial,Not GUARDRAIL,Not HIT_RUN,1,4. Four Approaches,111845077,0,0,Not LRTRUCK,2. Daylight,MAINLINE,MAIN,Not MOTORCYCLE,715394. 13400005      13400007      13400007,SEC_URBAN,1,Not PED,1,5,NOT-RD,10. Intersection Related - Within 150 Feet,2.82,1. Straight - Level,"3. Two-Way, Divided, Positive Median Barrier",1. Dry,R-VA134UR00007EB,3. No,Not SENIOR,Not SPEED,12PM TO 3PM,1,3. Traffic Signal,5.Hampton Roads,1. No Adverse Condition (Clear/Cloudy),2. No,YOUNG
Not ALCIHOL,Not UNBELTED,BIKE,1. Rear End,7/2/2011,7/2/2011,20. Motor Vehicle In Transport,110,A.Ambulatory Injury,York,Urban,20. Motor Vehicle In Transport,0AM TO 3AM,99.York,"2,154",Intersection,Saturday,Not DEER,1,111855009,"1.Divided, no control of access",1. On Roadway,E.Urban Other Principle Arterials; Connecting Links of Other Rural Principal Arterial,Not GUARDRAIL,Not HIT_RUN,1,1. Not at Intersection,111855009,0,0,Not LRTRUCK,5. Darkness - Road Not Lighted,MAINLINE,MAIN,Not MOTORCYCLE,672184.  SR00199E012A  US00060       US00060,VDOT_PRI,1,Not PED,1,5,NOT-RD,8. Non-Intersection,243.27,1. Straight - Level,"2. Two-Way, Divided, Unprotected Median",1. Dry,R-VA   US00060WB,3. No,Not SENIOR,Not SPEED,0AM TO 3AM,1,6. Traffic Lanes Marked,5.Hampton Roads,1. No Adverse Condition (Clear/Cloudy),2. No,Not YOUNG
Not ALCIHOL,Not UNBELTED,BIKE,2. Angle,7/2/2011,7/2/2011,22. Bicycle,1447,B.Visiible Injury,Chesapeake,Urban,22. Bicycle,12PM TO 3PM,131.Chesapeake,861,Intersection,Saturday,Not DEER,1,112300000,"0.Two-way, non-divided",1. On Roadway,I.Urban Collector,Not GUARDRAIL,Not HIT_RUN,1,1. Not at Intersection,112300000,0,0,Not LRTRUCK,2. Daylight,MAINLINE,MAIN,Not MOTORCYCLE,484959. 13108771      13108771      13108776      13108776,SEC_URBAN,1,Not PED,1,5,NOT-RD,8. Non-Intersection,1.78,1. Straight - Level,"1. Two-Way, Not Divided",1. Dry,R-VA131UR08771SB,3. No,Not SENIOR,Not SPEED,12PM TO 3PM,1,6. Traffic Lanes Marked,5.Hampton Roads,1. No Adverse Condition (Clear/Cloudy),2. No,Not YOUNG
Not ALCIHOL,Not UNBELTED,BIKE,2. Angle,7/3/2011,7/3/2011,22. Bicycle,2223,B.Visiible Injury,Virginia Beach,Urban,22. Bicycle,9PM TO 12AM,134.Virginia Beach,"3,522",Intersection,Sunday,Not DEER,1,112045114,"1.Divided, no control of access",2. Shoulder,H.Urban Minor Arterial,Not GUARDRAIL,Not HIT_RUN,1,4. Four Approaches,112045114,0,0,Not LRTRUCK,4. Darkness - Road Lighted,MAINLINE,MAIN,Not MOTORCYCLE,541230.  SR00279       SR00279      13408715,PRI_URBAN,1,Not PED,1,5,NOT-RD,9. Within Intersection,3.35,1. Straight - Level,"2. Two-Way, Divided, Unprotected Median",1. Dry,R-VA   SR00279SB,3. No,Not SENIOR,Not SPEED,9PM TO 12AM,1,3. Traffic Signal,5.Hampton Roads,1. No Adverse Condition (Clear/Cloudy),2. No,YOUNG
ALCOHOL,Not UNBELTED,BIKE,4. Sideswipe - Same Direction,7/3/2011,7/3/2011,22. Bicycle,312,A.Ambulatory Injury,Newport News,Urban,22. Bicycle,3AM TO 6AM,121.Newport News,523,Intersection,Sunday,Not DEER,1,112550078,"0.Two-way, non-divided",1. On Roadway,E.Urban Other Principle Arterials; Connecting Links of Other Rural Principal Arterial,Not GUARDRAIL,Not HIT_RUN,1,4. Four Approaches,112550078,0,0,Not LRTRUCK,4. Darkness - Road Lighted,MAINLINE,MAIN,Not MOTORCYCLE,646109.  SR00143       SR00143,PRI_URBAN,2,Not PED,2,5,NOT-RD,1. Main-Line Roadway,9.05,1. Straight - Level,"3. Two-Way, Divided, Positive Median Barrier",1. Dry,R-VA   SR00143NB,3. No,Not SENIOR,Not SPEED,3AM TO 6AM,1,1. No Traffic Control,5.Hampton Roads,1. No Adverse Condition (Clear/Cloudy),2. No,Not YOUNG
Not ALCIHOL,Not UNBELTED,BIKE,2. Angle,7/4/2011,7/4/2011,22. Bicycle,855,B.Visiible Injury,Virginia Beach,Urban,22. Bicycle,6AM TO 9AM,134.Virginia Beach,"1,436",Intersection,Monday,Not DEER,1,111885118,"1.Divided, no control of access",4. Roadside,E.Urban Other Principle Arterials; Connecting Links of Other Rural Principal Arterial,Not GUARDRAIL,Not HIT_RUN,1,3. Three Approaches,111885118,0,0,Not LRTRUCK,2. Daylight,MAINLINE,MAIN,Not MOTORCYCLE,541108.  US00060       US00060      13408722      13408722,PRI_URBAN,1,Not PED,1,5,NOT-RD,"7. Other location not listed above within an interchange area (median, shoulder , roadside)",302.41,1. Straight - Level,"1. Two-Way, Not Divided",1. Dry,R-VA   US00060EB,3. No,Not SENIOR,Not SPEED,6AM TO 9AM,1,1. No Traffic Control,5.Hampton Roads,1. No Adverse Condition (Clear/Cloudy),2. No,YOUNG
Not ALCIHOL,Not UNBELTED,BIKE,2. Angle,7/4/2011,7/4/2011,20. Motor Vehicle In Transport,2000,B.Visiible Injury,Virginia Beach,Urban,20. Motor Vehicle In Transport,6PM TO 9PM,134.Virginia Beach,16,Intersection,Monday,Not DEER,1,112175191,"0.Two-way, non-divided",1. On Roadway,I.Urban Collector,Not GUARDRAIL,Not HIT_RUN,1,3. Three Approaches,112175191,0,0,Not LRTRUCK,3. Dusk,MAINLINE,MAIN,Not MOTORCYCLE,541303. 13408578      13408719      13408719,SEC_URBAN,1,Not PED,1,5,NOT-RD,9. Within Intersection,1.00,1. Straight - Level,"2. Two-Way, Divided, Unprotected Median",2. Wet,R-VA134UR08719NB,3. No,Not SENIOR,Not SPEED,6PM TO 9PM,1,3. Traffic Signal,5.Hampton Roads,5. Rain,2. No,YOUNG
Not ALCIHOL,Not UNBELTED,BIKE,2. Angle,7/5/2011,7/5/2011,22. Bicycle,1350,B.Visiible Injury,Virginia Beach,Urban,22. Bicycle,12PM TO 3PM,134.Virginia Beach,,Not Intersection,Tuesday,Not DEER,1,111995026,,1. On Roadway,,Not GUARDRAIL,Not HIT_RUN,1,3. Three Approaches,,0,0,Not LRTRUCK,2. Daylight,MAINLINE,,Not MOTORCYCLE,.,SEC_URBAN,1,Not PED,1,5,NOT-RD,9. Within Intersection,,1. Straight - Level,"1. Two-Way, Not Divided",1. Dry,U-VA134SC99999UK,3. No,Not SENIOR,Not SPEED,12PM TO 3PM,1,4. Stop Sign,5.Hampton Roads,1. No Adverse Condition (Clear/Cloudy),2. No,Not YOUNG
Not ALCIHOL,Not UNBELTED,BIKE,2. Angle,7/5/2011,7/5/2011,20. Motor Vehicle In Transport,830,B.Visiible Injury,Virginia Beach,Urban,20. Motor Vehicle In Transport,6AM TO 9AM,134.Virginia Beach,,Not Intersection,Tuesday,Not DEER,1,111875124,,1. On Roadway,,Not GUARDRAIL,Not HIT_RUN,1,4. Four Approaches,,0,0,Not LRTRUCK,2. Daylight,MAINLINE,,Not MOTORCYCLE,.,SEC_URBAN,1,Not PED,1,5,NOT-RD,9. Within Intersection,,1. Straight - Level,"1. Two-Way, Not Divided",1. Dry,U-VA134SC99999UK,3. No,Not SENIOR,Not SPEED,6AM TO 9AM,1,4. Stop Sign,5.Hampton Roads,1. No Adverse Condition (Clear/Cloudy),2. No,YOUNG
Not ALCIHOL,Not UNBELTED,BIKE,2. Angle,7/6/2011,7/6/2011,22. Bicycle,1457,C.Non-Visible Injury,Newport News,Urban,22. Bicycle,12PM TO 3PM,121.Newport News,919,Intersection,Wednesday,Not DEER,1,112550088,"1.Divided, no control of access",1. On Roadway,E.Urban Other Principle Arterials; Connecting Links of Other Rural Principal Arterial,Not GUARDRAIL,Not HIT_RUN,1,3. Three Approaches,112550088,0,0,Not LRTRUCK,2. Daylight,MAINLINE,MAIN,Not MOTORCYCLE,702739.  SR00143       SR00143      12100022,PRI_URBAN,1,Not PED,1,5,NOT-RD,9. Within Intersection,16.30,1. Straight - Level,"1. Two-Way, Not Divided",1. Dry,R-VA   SR00143SB,3. No,Not SENIOR,Not SPEED,12PM TO 3PM,1,3. Traffic Signal,5.Hampton Roads,1. No Adverse Condition (Clear/Cloudy),2. No,Not YOUNG
ALCOHOL,Not UNBELTED,BIKE,2. Angle,7/6/2011,7/6/2011,22. Bicycle,1420,C.Non-Visible Injury,Portsmouth,Urban,22. Bicycle,12PM TO 3PM,124.Portsmouth,58,Intersection,Wednesday,Not DEER,1,120605124,"0.Two-way, non-divided",1. On Roadway,I.Urban Collector,Not GUARDRAIL,Not HIT_RUN,1,4. Four Approaches,120605124,0,0,Not LRTRUCK,2. Daylight,MAINLINE,MAIN,Not MOTORCYCLE,483145.  US00058       US00058      12408549      12408549,SEC_URBAN,1,Not PED,1,5,NOT-RD,9. Within Intersection,0.15,1. Straight - Level,"3. Two-Way, Divided, Positive Median Barrier",1. Dry,R-VA124UR08549NB,3. No,Not SENIOR,Not SPEED,12PM TO 3PM,1,3. Traffic Signal,5.Hampton Roads,1. No Adverse Condition (Clear/Cloudy),2. No,Not YOUNG
Not ALCIHOL,Not UNBELTED,BIKE,2. Angle,7/7/2011,7/7/2011,20. Motor Vehicle In Transport,1205,C.Non-Visible Injury,Virginia Beach,Urban,20. Motor Vehicle In Transport,12PM TO 3PM,134.Virginia Beach,0,Intersection,Thursday,Not DEER,1,111985136,"1.Divided, no control of access",1. On Roadway,H.Urban Minor Arterial,Not GUARDRAIL,Not HIT_RUN,1,4. Four Approaches,111985136,0,0,Not LRTRUCK,2. Daylight,MAINLINE,MAIN,Not MOTORCYCLE,715408. 13408687      13408687      13408688      13408688,SEC_URBAN,1,Not PED,1,5,NOT-RD,9. Within Intersection,1.96,1. Straight - Level,"2. Two-Way, Divided, Unprotected Median",1. Dry,R-VA134UR08687WB,3. No,Not SENIOR,Not SPEED,12PM TO 3PM,1,14. Ped Crosswalk,5.Hampton Roads,1. No Adverse Condition (Clear/Cloudy),2. No,Not YOUNG
Not ALCIHOL,Not UNBELTED,BIKE,4. Sideswipe - Same Direction,7/7/2011,7/7/2011,20. Motor Vehicle In Transport,947,B.Visiible Injury,Hampton,Urban,20. Motor Vehicle In Transport,9AM TO 12PM,114.Hampton,412,Intersection,Thursday,Not DEER,1,112210477,"2.Divided, partial control of access",1. On Roadway,E.Urban Other Principle Arterials; Connecting Links of Other Rural Principal Arterial,Not GUARDRAIL,Not HIT_RUN,1,1. Not at Intersection,112210477,0,0,Not LRTRUCK,2. Daylight,MAINLINE,MAIN,Not MOTORCYCLE,253024.  SR00134       SR00134      11407022,PRI_URBAN,1,Not PED,1,5,NOT-RD,1. Main-Line Roadway,10.18,1. Straight - Level,"2. Two-Way, Divided, Unprotected Median",1. Dry,R-VA   SR00134WB,3. No,Not SENIOR,Not SPEED,9AM TO 12PM,1,1. No Traffic Control,5.Hampton Roads,1. No Adverse Condition (Clear/Cloudy),2. No,Not YOUNG
Not ALCIHOL,Not UNBELTED,BIKE,2. Angle,7/8/2011,7/8/2011,20. Motor Vehicle In Transport,1450,C.Non-Visible Injury,Virginia Beach,Urban,20. Motor Vehicle In Transport,12PM TO 3PM,134.Virginia Beach,158,Intersection,Friday,Not DEER,1,112985274,"2.Divided, partial control of access",1. On Roadway,E.Urban Other Principle Arterials; Connecting Links of Other Rural Principal Arterial,Not GUARDRAIL,Not HIT_RUN,1,"5. Five-Point, or More",112985274,0,0,Not LRTRUCK,2. Daylight,MAINLINE,MAIN,Not MOTORCYCLE,541066.  US00058       US00058      13400009      13400009,PRI_URBAN,1,Not PED,1,5,NOT-RD,9. Within Intersection,506.91,1. Straight - Level,"2. Two-Way, Divided, Unprotected Median",1. Dry,R-VA   US00058EB,3. No,Not SENIOR,Not SPEED,12PM TO 3PM,1,3. Traffic Signal,5.Hampton Roads,1. No Adverse Condition (Clear/Cloudy),2. No,YOUNG