Alcohol Notalcohol,Belted Unbelted,Bike Nonbike,Collision Type,CRASH_DT (copy),Crash Dt,Crash Event Type Dsc,Crash Military Tm,Crash Severity,Juris Name Used,Area Type Used,First Harmful Event of Entire Crash,Time Slicing Used,Phy_Juris_Nm,Offset-Ft,Intersection Analysis,Day Of Week,Deer Nodeer,TOTAL CRASH,Document Nbr,FAC,First Harmful Event,FUN,Gr Nogr,Hitrun Not Hitrun,Injury Crashes,Intersection Type,Int Doc,K_CRASH,K People,Lgtruck Nonlgtruck,Light Condition,MAINLINE (group),Mainline Yn,Motor Nonmotor,Node Info,Ownership,Total People Killed & Injured,Ped Nonped,Persons Injured,VSP_Used,Rd Type,Relation To Roadway,Rns Mp,Roadway Alignment,Roadway Description,Roadway Surface Cond,Rte Nm,School Zone,Senior Notsenior,Speed Notspeed,Time Slicing,Total Crashes including Property Damage Only,Traffic Control Type,District_Used ,Weather Condition,Work Zone Related,Young Notyoung
Not ALCIHOL,Not UNBELTED,BIKE,2. Angle,7/9/2011,7/9/2011,22. Bicycle,1754,B.Visiible Injury,Virginia Beach,Urban,22. Bicycle,3PM TO 6PM,134.Virginia Beach,475,Intersection,Saturday,Not DEER,1,112055195,"1.Divided, no control of access",1. On Roadway,H.Urban Minor Arterial,Not GUARDRAIL,Not HIT_RUN,1,3. Three Approaches,112055195,0,0,Not LRTRUCK,2. Daylight,MAINLINE,MAIN,Not MOTORCYCLE,542025. 13408723      13408723      13408818,SEC_URBAN,1,Not PED,1,5,NOT-RD,9. Within Intersection,2.85,1. Straight - Level,"2. Two-Way, Divided, Unprotected Median",1. Dry,R-VA134UR08723NB,3. No,Not SENIOR,Not SPEED,3PM TO 6PM,1,4. Stop Sign,5.Hampton Roads,1. No Adverse Condition (Clear/Cloudy),2. No,Not YOUNG
Not ALCIHOL,Not UNBELTED,BIKE,2. Angle,7/13/2011,7/13/2011,22. Bicycle,1308,B.Visiible Injury,Virginia Beach,Urban,22. Bicycle,12PM TO 3PM,134.Virginia Beach,,Not Intersection,Wednesday,Not DEER,1,112005044,,1. On Roadway,,Not GUARDRAIL,Not HIT_RUN,1,2. Two Approaches,,0,0,Not LRTRUCK,2. Daylight,MAINLINE,,Not MOTORCYCLE,.,SEC_URBAN,1,Not PED,1,5,NOT-RD,9. Within Intersection,,1. Straight - Level,"1. Two-Way, Not Divided",1. Dry,U-VA134SC99999UK,3. No,Not SENIOR,Not SPEED,12PM TO 3PM,1,4. Stop Sign,5.Hampton Roads,1. No Adverse Condition (Clear/Cloudy),2. No,YOUNG
Not ALCIHOL,Not UNBELTED,BIKE,2. Angle,7/13/2011,7/13/2011,22. Bicycle,1521,C.Non-Visible Injury,Virginia Beach,Urban,22. Bicycle,3PM TO 6PM,134.Virginia Beach,"1,352",Intersection,Wednesday,Not DEER,1,111985185,"1.Divided, no control of access",1. On Roadway,E.Urban Other Principle Arterials; Connecting Links of Other Rural Principal Arterial,Not GUARDRAIL,Not HIT_RUN,1,1. Not at Intersection,111985185,0,0,Not LRTRUCK,2. Daylight,MAINLINE,MAIN,Not MOTORCYCLE,541081.  US00058       US00058      13408732,PRI_URBAN,1,Not PED,1,5,NOT-RD,8. Non-Intersection,501.43,1. Straight - Level,"2. Two-Way, Divided, Unprotected Median",1. Dry,R-VA   US00058WB,3. No,Not SENIOR,Not SPEED,3PM TO 6PM,1,6. Traffic Lanes Marked,5.Hampton Roads,1. No Adverse Condition (Clear/Cloudy),2. No,Not YOUNG
Not ALCIHOL,Not UNBELTED,BIKE,2. Angle,7/15/2011,7/15/2011,20. Motor Vehicle In Transport,1124,C.Non-Visible Injury,Virginia Beach,Urban,20. Motor Vehicle In Transport,9AM TO 12PM,134.Virginia Beach,0,Intersection,Friday,Not DEER,1,113185049,"1.Divided, no control of access",1. On Roadway,H.Urban Minor Arterial,Not GUARDRAIL,Not HIT_RUN,1,4. Four Approaches,113185049,0,0,Not LRTRUCK,2. Daylight,MAINLINE,MAIN,Not MOTORCYCLE,541227.  SR00279       SR00279      13408817      13408817,PRI_URBAN,1,Not PED,1,5,NOT-RD,9. Within Intersection,1.57,1. Straight - Level,"2. Two-Way, Divided, Unprotected Median",1. Dry,R-VA   SR00279SB,3. No,Not SENIOR,Not SPEED,9AM TO 12PM,1,3. Traffic Signal,5.Hampton Roads,1. No Adverse Condition (Clear/Cloudy),2. No,YOUNG
Not ALCIHOL,Not UNBELTED,BIKE,2. Angle,7/15/2011,7/15/2011,20. Motor Vehicle In Transport,1440,B.Visiible Injury,Virginia Beach,Urban,20. Motor Vehicle In Transport,12PM TO 3PM,134.Virginia Beach,"1,082",Intersection,Friday,Not DEER,1,112015111,"0.Two-way, non-divided",1. On Roadway,I.Urban Collector,Not GUARDRAIL,Not HIT_RUN,1,4. Four Approaches,112015111,0,0,Not LRTRUCK,2. Daylight,MAINLINE,MAIN,Not MOTORCYCLE,541982. 13408721      13408721      13408818      13408818,SEC_URBAN,1,Not PED,1,5,NOT-RD,9. Within Intersection,0.70,1. Straight - Level,"1. Two-Way, Not Divided",1. Dry,R-VA134UR08818WB,3. No,Not SENIOR,Not SPEED,12PM TO 3PM,1,3. Traffic Signal,5.Hampton Roads,1. No Adverse Condition (Clear/Cloudy),2. No,YOUNG
Not ALCIHOL,Not UNBELTED,BIKE,4. Sideswipe - Same Direction,7/16/2011,7/16/2011,20. Motor Vehicle In Transport,1250,B.Visiible Injury,Virginia Beach,Urban,20. Motor Vehicle In Transport,12PM TO 3PM,134.Virginia Beach,"2,851",Intersection,Saturday,Not DEER,1,112015132,"1.Divided, no control of access",1. On Roadway,H.Urban Minor Arterial,Not GUARDRAIL,Not HIT_RUN,1,1. Not at Intersection,112015132,0,0,Not LRTRUCK,2. Daylight,MAINLINE,MAIN,Not MOTORCYCLE,541482. 13408669      13408669      13408723      13408723,SEC_URBAN,1,Not PED,1,5,NOT-RD,8. Non-Intersection,19.83,1. Straight - Level,"2. Two-Way, Divided, Unprotected Median",1. Dry,R-VA134UR08669NB,3. No,Not SENIOR,Not SPEED,12PM TO 3PM,1,6. Traffic Lanes Marked,5.Hampton Roads,1. No Adverse Condition (Clear/Cloudy),2. No,Not YOUNG
Not ALCIHOL,Not UNBELTED,BIKE,2. Angle,7/16/2011,7/16/2011,22. Bicycle,1935,B.Visiible Injury,Virginia Beach,Urban,22. Bicycle,6PM TO 9PM,134.Virginia Beach,"1,637",Intersection,Saturday,Not DEER,1,112175200,"0.Two-way, non-divided",1. On Roadway,I.Urban Collector,Not GUARDRAIL,Not HIT_RUN,1,3. Three Approaches,112175200,0,0,Not LRTRUCK,2. Daylight,MAINLINE,MAIN,Not MOTORCYCLE,541963. 13408719      13408719      13408722,SEC_URBAN,1,Not PED,1,5,NOT-RD,9. Within Intersection,0.65,1. Straight - Level,"2. Two-Way, Divided, Unprotected Median",1. Dry,R-VA134UR08719NB,3. No,Not SENIOR,Not SPEED,6PM TO 9PM,1,14. Ped Crosswalk,5.Hampton Roads,1. No Adverse Condition (Clear/Cloudy),2. No,Not YOUNG
Not ALCIHOL,Not UNBELTED,BIKE,2. Angle,7/18/2011,7/18/2011,22. Bicycle,1846,A.Ambulatory Injury,Virginia Beach,Urban,22. Bicycle,6PM TO 9PM,134.Virginia Beach,,Not Intersection,Monday,Not DEER,1,112055192,,1. On Roadway,,Not GUARDRAIL,Not HIT_RUN,1,1. Not at Intersection,,0,0,Not LRTRUCK,2. Daylight,MAINLINE,,Not MOTORCYCLE,.,SEC_URBAN,1,Not PED,1,5,NOT-RD,"13. Driveway, Alley-Access - Related",,1. Straight - Level,"1. Two-Way, Not Divided",1. Dry,U-VA134SC99999UK,3. No,Not SENIOR,Not SPEED,6PM TO 9PM,1,1. No Traffic Control,5.Hampton Roads,1. No Adverse Condition (Clear/Cloudy),2. No,Not YOUNG
Not ALCIHOL,Not UNBELTED,BIKE,2. Angle,7/18/2011,7/18/2011,22. Bicycle,1115,A.Ambulatory Injury,Norfolk,Urban,22. Bicycle,9AM TO 12PM,122.Norfolk,"1,304",Intersection,Monday,Not DEER,1,112100190,"0.Two-way, non-divided",1. On Roadway,I.Urban Collector,Not GUARDRAIL,Not HIT_RUN,1,3. Three Approaches,112100190,0,0,Not LRTRUCK,2. Daylight,MAINLINE,MAIN,Not MOTORCYCLE,485043. 12208560      12208564      12208564,SEC_URBAN,1,Not PED,1,5,NOT-RD,9. Within Intersection,0.25,1. Straight - Level,"1. Two-Way, Not Divided",1. Dry,R-VA122UR08560WB,3. No,Not SENIOR,Not SPEED,9AM TO 12PM,1,14. Ped Crosswalk,5.Hampton Roads,1. No Adverse Condition (Clear/Cloudy),2. No,YOUNG
Not ALCIHOL,Not UNBELTED,BIKE,2. Angle,7/19/2011,7/19/2011,20. Motor Vehicle In Transport,1000,C.Non-Visible Injury,Virginia Beach,Urban,20. Motor Vehicle In Transport,9AM TO 12PM,134.Virginia Beach,"4,330",Intersection,Tuesday,Not DEER,1,112015206,"1.Divided, no control of access",1. On Roadway,H.Urban Minor Arterial,Not GUARDRAIL,Not HIT_RUN,1,3. Three Approaches,112015206,0,0,Not LRTRUCK,2. Daylight,MAINLINE,MAIN,Not MOTORCYCLE,541442. 13408667      13408667      13408717      13408717,SEC_URBAN,1,Not PED,1,5,NOT-RD,9. Within Intersection,3.26,1. Straight - Level,"2. Two-Way, Divided, Unprotected Median",1. Dry,R-VA134UR08717WB,3. No,Not SENIOR,Not SPEED,9AM TO 12PM,1,14. Ped Crosswalk,5.Hampton Roads,1. No Adverse Condition (Clear/Cloudy),2. No,Not YOUNG
Not ALCIHOL,Not UNBELTED,BIKE,1. Rear End,7/20/2011,7/20/2011,22. Bicycle,1805,B.Visiible Injury,Virginia Beach,Urban,22. Bicycle,6PM TO 9PM,134.Virginia Beach,739,Intersection,Wednesday,Not DEER,1,112035187,"0.Two-way, non-divided",1. On Roadway,I.Urban Collector,Not GUARDRAIL,HIT_RUN,1,3. Three Approaches,112035187,0,0,Not LRTRUCK,2. Daylight,MAINLINE,MAIN,Not MOTORCYCLE,541659. 13408684      13408719      13408719,SEC_URBAN,1,Not PED,1,5,NOT-RD,9. Within Intersection,0.14,1. Straight - Level,"1. Two-Way, Not Divided",1. Dry,R-VA134UR08719SB,3. No,Not SENIOR,Not SPEED,6PM TO 9PM,1,3. Traffic Signal,5.Hampton Roads,1. No Adverse Condition (Clear/Cloudy),2. No,Not YOUNG
Not ALCIHOL,Not UNBELTED,BIKE,3. Head On,7/21/2011,7/21/2011,22. Bicycle,2015,B.Visiible Injury,Newport News,Urban,22. Bicycle,6PM TO 9PM,121.Newport News,132,Intersection,Thursday,Not DEER,1,112910029,"1.Divided, no control of access",1. On Roadway,E.Urban Other Principle Arterials; Connecting Links of Other Rural Principal Arterial,Not GUARDRAIL,Not HIT_RUN,1,4. Four Approaches,112910029,0,0,Not LRTRUCK,3. Dusk,MAINLINE,MAIN,Not MOTORCYCLE,646001.  US00017       US00017      12107034      12107034,PRI_URBAN,1,Not PED,1,5,NOT-RD,9. Within Intersection,57.35,1. Straight - Level,"3. Two-Way, Divided, Positive Median Barrier",1. Dry,R-VA   US00017NB,3. No,Not SENIOR,Not SPEED,6PM TO 9PM,1,3. Traffic Signal,5.Hampton Roads,1. No Adverse Condition (Clear/Cloudy),2. No,YOUNG
Not ALCIHOL,Not UNBELTED,BIKE,2. Angle,7/25/2011,7/25/2011,22. Bicycle,1704,B.Visiible Injury,Virginia Beach,Urban,22. Bicycle,3PM TO 6PM,134.Virginia Beach,"1,441",Intersection,Monday,Not DEER,1,112145250,"1.Divided, no control of access",1. On Roadway,H.Urban Minor Arterial,Not GUARDRAIL,Not HIT_RUN,1,4. Four Approaches,112145250,0,0,Not LRTRUCK,2. Daylight,MAINLINE,MAIN,Not MOTORCYCLE,541348. 13408627      13408627      13408717      13408717,SEC_URBAN,1,Not PED,1,5,NOT-RD,9. Within Intersection,5.49,1. Straight - Level,"2. Two-Way, Divided, Unprotected Median",1. Dry,R-VA134UR08717WB,3. No,Not SENIOR,Not SPEED,3PM TO 6PM,1,4. Stop Sign,5.Hampton Roads,1. No Adverse Condition (Clear/Cloudy),2. No,Not YOUNG
Not ALCIHOL,Not UNBELTED,BIKE,2. Angle,7/26/2011,7/26/2011,22. Bicycle,1130,B.Visiible Injury,Norfolk,Urban,22. Bicycle,9AM TO 12PM,122.Norfolk,21,Intersection,Tuesday,Not DEER,1,112210202,"0.Two-way, non-divided",1. On Roadway,H.Urban Minor Arterial,Not GUARDRAIL,Not HIT_RUN,1,4. Four Approaches,112210202,0,0,Not LRTRUCK,2. Daylight,MAINLINE,MAIN,Not MOTORCYCLE,485377. 12208581      12208581      12208618      12208618,SEC_URBAN,1,Not PED,1,5,NOT-RD,9. Within Intersection,1.55,1. Straight - Level,"1. Two-Way, Not Divided",1. Dry,R-VA122UR08618WB,1. Yes,Not SENIOR,Not SPEED,9AM TO 12PM,1,4. Stop Sign,5.Hampton Roads,1. No Adverse Condition (Clear/Cloudy),2. No,Not YOUNG
Not ALCIHOL,Not UNBELTED,BIKE,2. Angle,7/26/2011,7/26/2011,22. Bicycle,643,A.Ambulatory Injury,Virginia Beach,Urban,22. Bicycle,6AM TO 9AM,134.Virginia Beach,26,Intersection,Tuesday,Not DEER,1,112165114,"0.Two-way, non-divided",1. On Roadway,H.Urban Minor Arterial,Not GUARDRAIL,Not HIT_RUN,1,4. Four Approaches,112165114,0,0,Not LRTRUCK,2. Daylight,MAINLINE,MAIN,Not MOTORCYCLE,541095. 13400009      13408726     C7US00058     C7US00058,PRI_URBAN,1,Not PED,1,5,NOT-RD,9. Within Intersection,1.40,1. Straight - Level,"2. Two-Way, Divided, Unprotected Median",1. Dry,R-VA   US00058WBBUS007,3. No,Not SENIOR,Not SPEED,6AM TO 9AM,1,3. Traffic Signal,5.Hampton Roads,1. No Adverse Condition (Clear/Cloudy),2. No,Not YOUNG
Not ALCIHOL,Not UNBELTED,BIKE,2. Angle,7/26/2011,7/26/2011,20. Motor Vehicle In Transport,1654,B.Visiible Injury,Virginia Beach,Urban,20. Motor Vehicle In Transport,3PM TO 6PM,134.Virginia Beach,"1,024",Intersection,Tuesday,Not DEER,1,112115079,"2.Divided, partial control of access",1. On Roadway,E.Urban Other Principle Arterials; Connecting Links of Other Rural Principal Arterial,Not GUARDRAIL,Not HIT_RUN,1,4. Four Approaches,112115079,0,0,Not LRTRUCK,2. Daylight,MAINLINE,MAIN,Not MOTORCYCLE,541066.  US00058       US00058      13400009      13400009,PRI_URBAN,1,Not PED,1,5,NOT-RD,9. Within Intersection,507.02,1. Straight - Level,"2. Two-Way, Divided, Unprotected Median",1. Dry,R-VA   US00058WB,3. No,Not SENIOR,Not SPEED,3PM TO 6PM,1,3. Traffic Signal,5.Hampton Roads,1. No Adverse Condition (Clear/Cloudy),2. No,YOUNG
Not ALCIHOL,Not UNBELTED,BIKE,2. Angle,7/26/2011,7/26/2011,22. Bicycle,1731,C.Non-Visible Injury,Virginia Beach,Urban,22. Bicycle,3PM TO 6PM,134.Virginia Beach,264,Intersection,Tuesday,Not DEER,1,112115082,"0.Two-way, non-divided",1. On Roadway,I.Urban Collector,Not GUARDRAIL,Not HIT_RUN,1,1. Not at Intersection,112115082,0,0,Not LRTRUCK,2. Daylight,MAINLINE,MAIN,Not MOTORCYCLE,541860. 13408713      13408714      13408714,SEC_URBAN,1,Not PED,1,5,NOT-RD,10. Intersection Related - Within 150 Feet,0.74,1. Straight - Level,"2. Two-Way, Divided, Unprotected Median",1. Dry,R-VA134UR08714WB,3. No,Not SENIOR,Not SPEED,3PM TO 6PM,1,6. Traffic Lanes Marked,5.Hampton Roads,1. No Adverse Condition (Clear/Cloudy),2. No,Not YOUNG
Not ALCIHOL,Not UNBELTED,BIKE,12. Ped,7/26/2011,7/26/2011,19. Ped,1443,B.Visiible Injury,Newport News,Urban,19. Ped,12PM TO 3PM,121.Newport News,,Not Intersection,Tuesday,Not DEER,1,112910030,,1. On Roadway,,Not GUARDRAIL,Not HIT_RUN,1,4. Four Approaches,,0,0,Not LRTRUCK,2. Daylight,MAINLINE,,Not MOTORCYCLE,.,SEC_URBAN,1,Not PED,1,5,NOT-RD,9. Within Intersection,,1. Straight - Level,"3. Two-Way, Divided, Positive Median Barrier",1. Dry,U-VA121SC99999UK,3. No,Not SENIOR,SPEED,12PM TO 3PM,1,3. Traffic Signal,5.Hampton Roads,1. No Adverse Condition (Clear/Cloudy),2. No,Not YOUNG
Not ALCIHOL,Not UNBELTED,BIKE,8. Non-Collision,7/28/2011,7/28/2011,41. Non-Collision Unknown,1514,B.Visiible Injury,Hampton,Urban,41. Non-Collision Unknown,3PM TO 6PM,114.Hampton,275,Intersection,Thursday,Not DEER,1,113460414,"1.Divided, no control of access",1. On Roadway,E.Urban Other Principle Arterials; Connecting Links of Other Rural Principal Arterial,Not GUARDRAIL,Not HIT_RUN,1,1. Not at Intersection,113460414,0,0,Not LRTRUCK,2. Daylight,MAINLINE,MAIN,Not MOTORCYCLE,253133.  US00258       US00258      11407021      11407021,PRI_URBAN,1,Not PED,1,5,NOT-RD,"13. Driveway, Alley-Access - Related",60.97,1. Straight - Level,"1. Two-Way, Not Divided",1. Dry,R-VA   US00258EB,3. No,Not SENIOR,Not SPEED,3PM TO 6PM,1,1. No Traffic Control,5.Hampton Roads,1. No Adverse Condition (Clear/Cloudy),2. No,Not YOUNG
Not ALCIHOL,Not UNBELTED,BIKE,4. Sideswipe - Same Direction,7/29/2011,7/29/2011,22. Bicycle,1200,B.Visiible Injury,York,Rural,22. Bicycle,9AM TO 12PM,99.York,185,Intersection,Friday,Not DEER,1,112115065,"0.Two-way, non-divided",1. On Roadway,4.Rural Major Collector,Not GUARDRAIL,HIT_RUN,1,1. Not at Intersection,112115065,0,0,Not LRTRUCK,2. Daylight,MAINLINE,MAIN,Not MOTORCYCLE,671016.  9900646       9900646       9901408,VDOT_SEC,1,Not PED,1,5,NOT-RD,8. Non-Intersection,0.17,1. Straight - Level,"1. Two-Way, Not Divided",1. Dry,R-VA099SC00646NB,3. No,Not SENIOR,Not SPEED,9AM TO 12PM,1,6. Traffic Lanes Marked,5.Hampton Roads,1. No Adverse Condition (Clear/Cloudy),2. No,YOUNG
Not ALCIHOL,Not UNBELTED,BIKE,2. Angle,8/3/2011,8/3/2011,20. Motor Vehicle In Transport,1720,A.Ambulatory Injury,Norfolk,Urban,20. Motor Vehicle In Transport,3PM TO 6PM,122.Norfolk,32,Intersection,Wednesday,Not DEER,1,112350030,"0.Two-way, non-divided",1. On Roadway,I.Urban Collector,Not GUARDRAIL,Not HIT_RUN,1,4. Four Approaches,112350030,0,0,Not LRTRUCK,2. Daylight,MAINLINE,MAIN,Not MOTORCYCLE,485390. 12208585      12208585,SEC_URBAN,1,Not PED,1,5,NOT-RD,9. Within Intersection,0.01,1. Straight - Level,"1. Two-Way, Not Divided",1. Dry,R-VA122UR00002NB,3. No,SENIOR,Not SPEED,3PM TO 6PM,1,4. Stop Sign,5.Hampton Roads,1. No Adverse Condition (Clear/Cloudy),2. No,Not YOUNG
Not ALCIHOL,Not UNBELTED,BIKE,2. Angle,8/4/2011,8/4/2011,22. Bicycle,1845,C.Non-Visible Injury,Virginia Beach,Urban,22. Bicycle,6PM TO 9PM,134.Virginia Beach,713,Intersection,Thursday,Not DEER,1,112175210,"1.Divided, no control of access",1. On Roadway,E.Urban Other Principle Arterials; Connecting Links of Other Rural Principal Arterial,Not GUARDRAIL,Not HIT_RUN,1,4. Four Approaches,112175210,0,0,Not LRTRUCK,2. Daylight,MAINLINE,MAIN,Not MOTORCYCLE,541108.  US00060       US00060      13408722      13408722,PRI_URBAN,1,Not PED,1,5,NOT-RD,9. Within Intersection,302.54,1. Straight - Level,"1. Two-Way, Not Divided",1. Dry,R-VA   US00060EB,3. No,Not SENIOR,Not SPEED,6PM TO 9PM,1,4. Stop Sign,5.Hampton Roads,1. No Adverse Condition (Clear/Cloudy),2. No,YOUNG
Not ALCIHOL,Not UNBELTED,BIKE,5. Sideswipe - Opposite Direction,8/6/2011,8/6/2011,22. Bicycle,2040,C.Non-Visible Injury,Virginia Beach,Urban,22. Bicycle,6PM TO 9PM,134.Virginia Beach,370,Intersection,Saturday,Not DEER,1,112345139,"0.Two-way, non-divided",1. On Roadway,I.Urban Collector,Not GUARDRAIL,Not HIT_RUN,1,1. Not at Intersection,112345139,0,0,Not LRTRUCK,4. Darkness - Road Lighted,MAINLINE,MAIN,Not MOTORCYCLE,541659. 13408684      13408719      13408719,SEC_URBAN,1,Not PED,1,5,RD-UNKNOWN,1. Main-Line Roadway,0.21,1. Straight - Level,"1. Two-Way, Not Divided",1. Dry,R-VA134UR08719SB,3. No,Not SENIOR,Not SPEED,6PM TO 9PM,1,6. Traffic Lanes Marked,5.Hampton Roads,1. No Adverse Condition (Clear/Cloudy),2. No,Not YOUNG
ALCOHOL,Not UNBELTED,BIKE,4. Sideswipe - Same Direction,8/8/2011,8/8/2011,22. Bicycle,545,A.Ambulatory Injury,Norfolk,Urban,22. Bicycle,3AM TO 6AM,122.Norfolk,312,Intersection,Monday,Not DEER,1,112370155,"0.Two-way, non-divided",1. On Roadway,H.Urban Minor Arterial,Not GUARDRAIL,Not HIT_RUN,1,3. Three Approaches,112370155,0,0,Not LRTRUCK,4. Darkness - Road Lighted,MAINLINE,MAIN,Not MOTORCYCLE,483773.  US00460       US00460      12208592      12208592,PRI_URBAN,1,Not PED,1,5,NOT-RD,1. Main-Line Roadway,396.98,1. Straight - Level,"1. Two-Way, Not Divided",1. Dry,R-VA   US00460EB,3. No,SENIOR,Not SPEED,3AM TO 6AM,1,6. Traffic Lanes Marked,5.Hampton Roads,1. No Adverse Condition (Clear/Cloudy),2. No,Not YOUNG
Not ALCIHOL,Not UNBELTED,BIKE,2. Angle,8/12/2011,8/12/2011,20. Motor Vehicle In Transport,2030,B.Visiible Injury,Norfolk,Urban,20. Motor Vehicle In Transport,6PM TO 9PM,122.Norfolk,454,Intersection,Friday,Not DEER,1,112380175,"1.Divided, no control of access",1. On Roadway,H.Urban Minor Arterial,Not GUARDRAIL,Not HIT_RUN,1,4. Four Approaches,112380175,0,0,Not LRTRUCK,4. Darkness - Road Lighted,MAINLINE,MAIN,Not MOTORCYCLE,483496.  SR00194       SR00194      12208619,PRI_URBAN,1,Not PED,1,5,NOT-RD,9. Within Intersection,5.06,1. Straight - Level,"2. Two-Way, Divided, Unprotected Median",1. Dry,R-VA   SR00194NB,3. No,Not SENIOR,Not SPEED,6PM TO 9PM,1,4. Stop Sign,5.Hampton Roads,1. No Adverse Condition (Clear/Cloudy),2. No,Not YOUNG
Not ALCIHOL,Not UNBELTED,BIKE,5. Sideswipe - Opposite Direction,8/12/2011,8/12/2011,22. Bicycle,1445,B.Visiible Injury,Virginia Beach,Urban,22. Bicycle,12PM TO 3PM,134.Virginia Beach,"1,135",Intersection,Friday,Not DEER,1,112475166,"0.Two-way, non-divided",1. On Roadway,H.Urban Minor Arterial,Not GUARDRAIL,Not HIT_RUN,1,4. Four Approaches,112475166,0,0,Not LRTRUCK,2. Daylight,MAINLINE,MAIN,Not MOTORCYCLE,541091. 13408721     C7US00058     C7US00058,PRI_URBAN,1,Not PED,1,5,RD-UNKNOWN,9. Within Intersection,3.54,1. Straight - Level,"1. Two-Way, Not Divided",1. Dry,R-VA   US00058EBBUS007,3. No,Not SENIOR,Not SPEED,12PM TO 3PM,1,3. Traffic Signal,5.Hampton Roads,1. No Adverse Condition (Clear/Cloudy),2. No,Not YOUNG
ALCOHOL,Not UNBELTED,BIKE,2. Angle,8/12/2011,8/12/2011,22. Bicycle,245,A.Ambulatory Injury,Virginia Beach,Urban,22. Bicycle,0AM TO 3AM,134.Virginia Beach,"1,109",Intersection,Friday,Not DEER,1,112345183,"0.Two-way, non-divided",1. On Roadway,H.Urban Minor Arterial,Not GUARDRAIL,Not HIT_RUN,1,3. Three Approaches,112345183,0,0,Not LRTRUCK,4. Darkness - Road Lighted,MAINLINE,MAIN,Not MOTORCYCLE,541089.  US00060       US00060      13408669     C7US00058,SEC_URBAN,1,Not PED,1,5,NOT-RD,9. Within Intersection,22.90,1. Straight - Level,"2. Two-Way, Divided, Unprotected Median",1. Dry,R-VA134UR08669NB,3. No,Not SENIOR,Not SPEED,0AM TO 3AM,1,4. Stop Sign,5.Hampton Roads,1. No Adverse Condition (Clear/Cloudy),2. No,Not YOUNG
Not ALCIHOL,Not UNBELTED,BIKE,2. Angle,8/17/2011,8/17/2011,22. Bicycle,1715,C.Non-Visible Injury,Norfolk,Urban,22. Bicycle,3PM TO 6PM,122.Norfolk,,Not Intersection,Wednesday,Not DEER,1,112430257,,7. In Parking Lane or Zone,,Not GUARDRAIL,Not HIT_RUN,1,4. Four Approaches,,0,0,Not LRTRUCK,2. Daylight,MAINLINE,,Not MOTORCYCLE,.,SEC_URBAN,1,Not PED,1,5,NOT-RD,9. Within Intersection,,1. Straight - Level,"1. Two-Way, Not Divided",1. Dry,U-VA122SC99999UK,1. Yes,Not SENIOR,Not SPEED,3PM TO 6PM,1,1. No Traffic Control,5.Hampton Roads,1. No Adverse Condition (Clear/Cloudy),2. No,Not YOUNG
Not ALCIHOL,Not UNBELTED,BIKE,4. Sideswipe - Same Direction,8/17/2011,8/17/2011,22. Bicycle,745,A.Ambulatory Injury,Virginia Beach,Urban,22. Bicycle,6AM TO 9AM,134.Virginia Beach,"2,592",Intersection,Wednesday,Not DEER,1,112365143,"1.Divided, no control of access",1. On Roadway,E.Urban Other Principle Arterials; Connecting Links of Other Rural Principal Arterial,Not GUARDRAIL,Not HIT_RUN,1,1. Not at Intersection,112365143,0,0,Not LRTRUCK,2. Daylight,MAINLINE,MAIN,Not MOTORCYCLE,541117.  US00060       US00060      13408669,PRI_URBAN,2,Not PED,2,5,NOT-RD,8. Non-Intersection,298.15,1. Straight - Level,"3. Two-Way, Divided, Positive Median Barrier",1. Dry,R-VA   US00060EB,3. No,Not SENIOR,Not SPEED,6AM TO 9AM,1,1. No Traffic Control,5.Hampton Roads,1. No Adverse Condition (Clear/Cloudy),2. No,Not YOUNG
Not ALCIHOL,Not UNBELTED,BIKE,2. Angle,8/18/2011,8/18/2011,20. Motor Vehicle In Transport,1650,B.Visiible Injury,Virginia Beach,Urban,20. Motor Vehicle In Transport,3PM TO 6PM,134.Virginia Beach,"1,822",Intersection,Thursday,Not DEER,1,112315016,"1.Divided, no control of access",9. Outside Right-of-Way,H.Urban Minor Arterial,Not GUARDRAIL,Not HIT_RUN,1,3. Three Approaches,112315016,0,0,Not LRTRUCK,2. Daylight,MAINLINE,MAIN,Not MOTORCYCLE,541244. 13400007      13400007      13400010      13400010,SEC_URBAN,1,Not PED,1,5,NOT-RD,"13. Driveway, Alley-Access - Related",1.11,1. Straight - Level,"2. Two-Way, Divided, Unprotected Median",1. Dry,R-VA134UR00010EB,3. No,Not SENIOR,Not SPEED,3PM TO 6PM,1,1. No Traffic Control,5.Hampton Roads,1. No Adverse Condition (Clear/Cloudy),2. No,YOUNG