Alcohol Notalcohol,Belted Unbelted,Bike Nonbike,Collision Type,CRASH_DT (copy),Crash Dt,Crash Event Type Dsc,Crash Military Tm,Crash Severity,Juris Name Used,Area Type Used,First Harmful Event of Entire Crash,Time Slicing Used,Phy_Juris_Nm,Offset-Ft,Intersection Analysis,Day Of Week,Deer Nodeer,TOTAL CRASH,Document Nbr,FAC,First Harmful Event,FUN,Gr Nogr,Hitrun Not Hitrun,Injury Crashes,Intersection Type,Int Doc,K_CRASH,K People,Lgtruck Nonlgtruck,Light Condition,MAINLINE (group),Mainline Yn,Motor Nonmotor,Node Info,Ownership,Total People Killed & Injured,Ped Nonped,Persons Injured,VSP_Used,Rd Type,Relation To Roadway,Rns Mp,Roadway Alignment,Roadway Description,Roadway Surface Cond,Rte Nm,School Zone,Senior Notsenior,Speed Notspeed,Time Slicing,Total Crashes including Property Damage Only,Traffic Control Type,District_Used ,Weather Condition,Work Zone Related,Young Notyoung
Not ALCIHOL,Not UNBELTED,BIKE,2. Angle,8/18/2011,8/18/2011,22. Bicycle,2237,A.Ambulatory Injury,Newport News,Urban,22. Bicycle,9PM TO 12AM,121.Newport News,95,Intersection,Thursday,Not DEER,1,112690118,"1.Divided, no control of access",1. On Roadway,E.Urban Other Principle Arterials; Connecting Links of Other Rural Principal Arterial,Not GUARDRAIL,Not HIT_RUN,1,4. Four Approaches,112690118,0,0,Not LRTRUCK,4. Darkness - Road Lighted,MAINLINE,MAIN,Not MOTORCYCLE,646114.  SR00143       SR00143       SR00171      12100004,PRI_URBAN,1,Not PED,1,5,NOT-RD,9. Within Intersection,17.79,1. Straight - Level,"3. Two-Way, Divided, Positive Median Barrier",1. Dry,R-VA   SR00143NB,3. No,Not SENIOR,SPEED,9PM TO 12AM,1,3. Traffic Signal,5.Hampton Roads,1. No Adverse Condition (Clear/Cloudy),2. No,YOUNG
Not ALCIHOL,Not UNBELTED,BIKE,12. Ped,8/18/2011,8/18/2011,19. Ped,2326,B.Visiible Injury,Norfolk,Urban,19. Ped,9PM TO 12AM,122.Norfolk,"1,177",Intersection,Thursday,Not DEER,1,112870068,"1.Divided, no control of access",4. Roadside,E.Urban Other Principle Arterials; Connecting Links of Other Rural Principal Arterial,Not GUARDRAIL,HIT_RUN,1,1. Not at Intersection,112870068,0,0,Not LRTRUCK,4. Darkness - Road Lighted,MAINLINE,MAIN,Not MOTORCYCLE,483440.  SR00168       US00060       US00060,PRI_URBAN,1,Not PED,1,5,RD-UNKNOWN,1. Main-Line Roadway,281.53,2. Curve - Level,"3. Two-Way, Divided, Positive Median Barrier",1. Dry,R-VA   US00060WB,3. No,Not SENIOR,Not SPEED,9PM TO 12AM,1,6. Traffic Lanes Marked,5.Hampton Roads,1. No Adverse Condition (Clear/Cloudy),2. No,Not YOUNG
Not ALCIHOL,Not UNBELTED,BIKE,2. Angle,8/19/2011,8/19/2011,22. Bicycle,1209,A.Ambulatory Injury,Virginia Beach,Urban,22. Bicycle,12PM TO 3PM,134.Virginia Beach,95,Intersection,Friday,Not DEER,1,113025278,"1.Divided, no control of access",1. On Roadway,H.Urban Minor Arterial,Not GUARDRAIL,Not HIT_RUN,1,4. Four Approaches,113025278,0,0,Not LRTRUCK,2. Daylight,MAINLINE,MAIN,Not MOTORCYCLE,541271. 13400012      13400012      13408830,SEC_URBAN,1,Not PED,1,5,NOT-RD,10. Intersection Related - Within 150 Feet,1.48,1. Straight - Level,"2. Two-Way, Divided, Unprotected Median",1. Dry,R-VA134UR00012EB,3. No,Not SENIOR,Not SPEED,12PM TO 3PM,1,3. Traffic Signal,5.Hampton Roads,1. No Adverse Condition (Clear/Cloudy),2. No,Not YOUNG
Not ALCIHOL,Not UNBELTED,BIKE,2. Angle,8/19/2011,8/19/2011,22. Bicycle,2045,B.Visiible Injury,Norfolk,Urban,22. Bicycle,6PM TO 9PM,122.Norfolk,317,Intersection,Friday,Not DEER,1,112660156,"1.Divided, no control of access",1. On Roadway,E.Urban Other Principle Arterials; Connecting Links of Other Rural Principal Arterial,Not GUARDRAIL,Not HIT_RUN,1,3. Three Approaches,112660156,0,0,Not LRTRUCK,4. Darkness - Road Lighted,MAINLINE,MAIN,Not MOTORCYCLE,483423.  SR00168       SR00168       SR00168N026A,PRI_URBAN,1,Not PED,1,5,NOT-RD,9. Within Intersection,27.14,1. Straight - Level,"2. Two-Way, Divided, Unprotected Median",1. Dry,R-VA   SR00168NB,3. No,Not SENIOR,Not SPEED,6PM TO 9PM,1,3. Traffic Signal,5.Hampton Roads,1. No Adverse Condition (Clear/Cloudy),2. No,Not YOUNG
Not ALCIHOL,Not UNBELTED,BIKE,2. Angle,8/21/2011,8/21/2011,20. Motor Vehicle In Transport,1310,B.Visiible Injury,Virginia Beach,Urban,20. Motor Vehicle In Transport,12PM TO 3PM,134.Virginia Beach,628,Intersection,Sunday,Not DEER,1,112355124,"1.Divided, no control of access",1. On Roadway,H.Urban Minor Arterial,Not GUARDRAIL,Not HIT_RUN,1,1. Not at Intersection,112355124,0,0,Not LRTRUCK,2. Daylight,MAINLINE,MAIN,Not MOTORCYCLE,541066.  US00058       US00058      13400009      13400009,SEC_URBAN,1,Not PED,1,5,NOT-RD,"13. Driveway, Alley-Access - Related",0.72,1. Straight - Level,"2. Two-Way, Divided, Unprotected Median",1. Dry,R-VA134UR00009NB,3. No,Not SENIOR,Not SPEED,12PM TO 3PM,1,4. Stop Sign,5.Hampton Roads,1. No Adverse Condition (Clear/Cloudy),2. No,Not YOUNG
ALCOHOL,Not UNBELTED,BIKE,2. Angle,8/22/2011,8/22/2011,22. Bicycle,2212,B.Visiible Injury,Newport News,Urban,22. Bicycle,9PM TO 12AM,121.Newport News,,Not Intersection,Monday,Not DEER,1,112910044,,1. On Roadway,,Not GUARDRAIL,Not HIT_RUN,1,3. Three Approaches,,0,0,Not LRTRUCK,4. Darkness - Road Lighted,MAINLINE,,Not MOTORCYCLE,.,SEC_URBAN,1,Not PED,1,5,NOT-RD,9. Within Intersection,,1. Straight - Level,"1. Two-Way, Not Divided",1. Dry,U-VA121SC99999UK,3. No,Not SENIOR,Not SPEED,9PM TO 12AM,1,8. Yield Sign,5.Hampton Roads,1. No Adverse Condition (Clear/Cloudy),2. No,Not YOUNG
Not ALCIHOL,Not UNBELTED,BIKE,2. Angle,8/23/2011,8/23/2011,22. Bicycle,723,B.Visiible Injury,Virginia Beach,Urban,22. Bicycle,6AM TO 9AM,134.Virginia Beach,"1,315",Intersection,Tuesday,Not DEER,1,112385052,"0.Two-way, non-divided",1. On Roadway,I.Urban Collector,Not GUARDRAIL,Not HIT_RUN,1,2. Two Approaches,112385052,0,0,Not LRTRUCK,2. Daylight,MAINLINE,MAIN,Not MOTORCYCLE,541287. 13400013      13400013      13408750,SEC_URBAN,1,Not PED,1,5,NOT-RD,9. Within Intersection,0.25,1. Straight - Level,"1. Two-Way, Not Divided",1. Dry,R-VA134UR08750WB,3. No,Not SENIOR,Not SPEED,6AM TO 9AM,1,6. Traffic Lanes Marked,5.Hampton Roads,1. No Adverse Condition (Clear/Cloudy),2. No,Not YOUNG
Not ALCIHOL,Not UNBELTED,BIKE,2. Angle,8/24/2011,8/24/2011,20. Motor Vehicle In Transport,1803,C.Non-Visible Injury,Virginia Beach,Urban,20. Motor Vehicle In Transport,6PM TO 9PM,134.Virginia Beach,"2,798",Intersection,Wednesday,Not DEER,1,112375030,"0.Two-way, non-divided",1. On Roadway,I.Urban Collector,Not GUARDRAIL,HIT_RUN,1,4. Four Approaches,112375030,0,0,Not LRTRUCK,2. Daylight,MAINLINE,MAIN,Not MOTORCYCLE,541273. 13400012      13400012      13408827      13408827,SEC_URBAN,1,Not PED,1,5,NOT-RD,9. Within Intersection,0.00,1. Straight - Level,"1. Two-Way, Not Divided",1. Dry,R-VA134UR08827WB,3. No,Not SENIOR,Not SPEED,6PM TO 9PM,1,4. Stop Sign,5.Hampton Roads,1. No Adverse Condition (Clear/Cloudy),2. No,Not YOUNG
Not ALCIHOL,Not UNBELTED,BIKE,2. Angle,8/25/2011,8/25/2011,22. Bicycle,1232,C.Non-Visible Injury,Williamsburg,Urban,22. Bicycle,12PM TO 3PM,137.Williamsburg,"2,281",Intersection,Thursday,Not DEER,1,112570485,"1.Divided, no control of access",1. On Roadway,E.Urban Other Principle Arterials; Connecting Links of Other Rural Principal Arterial,Not GUARDRAIL,Not HIT_RUN,1,3. Three Approaches,112570485,0,0,Not LRTRUCK,2. Daylight,MAINLINE,MAIN,Not MOTORCYCLE,398129.  4700645       US00060       US00060,PRI_URBAN,1,Not PED,1,5,NOT-RD,9. Within Intersection,236.96,1. Straight - Level,"1. Two-Way, Not Divided",1. Dry,R-VA   US00060EB,3. No,Not SENIOR,Not SPEED,12PM TO 3PM,1,4. Stop Sign,5.Hampton Roads,1. No Adverse Condition (Clear/Cloudy),2. No,Not YOUNG
Not ALCIHOL,Not UNBELTED,BIKE,16. Other,8/25/2011,8/25/2011,22. Bicycle,1840,C.Non-Visible Injury,Virginia Beach,Urban,22. Bicycle,6PM TO 9PM,134.Virginia Beach,,Not Intersection,Thursday,Not DEER,1,112425163,,1. On Roadway,,Not GUARDRAIL,Not HIT_RUN,1,4. Four Approaches,,0,0,Not LRTRUCK,2. Daylight,MAINLINE,,Not MOTORCYCLE,.,SEC_URBAN,1,Not PED,1,5,NOT-RD,9. Within Intersection,,1. Straight - Level,"1. Two-Way, Not Divided",1. Dry,U-VA134SC99999UK,3. No,Not SENIOR,Not SPEED,6PM TO 9PM,1,4. Stop Sign,5.Hampton Roads,1. No Adverse Condition (Clear/Cloudy),2. No,Not YOUNG
Not ALCIHOL,Not UNBELTED,BIKE,2. Angle,8/26/2011,8/26/2011,20. Motor Vehicle In Transport,1151,B.Visiible Injury,Virginia Beach,Urban,20. Motor Vehicle In Transport,9AM TO 12PM,134.Virginia Beach,,Not Intersection,Friday,Not DEER,1,112475190,,1. On Roadway,,Not GUARDRAIL,Not HIT_RUN,1,4. Four Approaches,,0,0,Not LRTRUCK,2. Daylight,MAINLINE,,Not MOTORCYCLE,.,SEC_URBAN,1,Not PED,1,5,NOT-RD,9. Within Intersection,,1. Straight - Level,"1. Two-Way, Not Divided",1. Dry,U-VA134SC99999UK,3. No,Not SENIOR,Not SPEED,9AM TO 12PM,1,8. Yield Sign,5.Hampton Roads,1. No Adverse Condition (Clear/Cloudy),2. No,Not YOUNG
Not ALCIHOL,Not UNBELTED,BIKE,5. Sideswipe - Opposite Direction,8/29/2011,8/29/2011,22. Bicycle,620,A.Ambulatory Injury,Virginia Beach,Urban,22. Bicycle,6AM TO 9AM,134.Virginia Beach,"4,652",Intersection,Monday,Not DEER,1,113215109,"0.Two-way, non-divided",1. On Roadway,I.Urban Collector,Not GUARDRAIL,Not HIT_RUN,1,1. Not at Intersection,113215109,0,0,Not LRTRUCK,1. Dawn,MAINLINE,MAIN,Not MOTORCYCLE,541201.  SR00225       SR00225      13408738      13408738,SEC_URBAN,1,Not PED,1,5,RD-UNKNOWN,1. Main-Line Roadway,2.16,1. Straight - Level,"1. Two-Way, Not Divided",1. Dry,R-VA134UR08738WB,3. No,Not SENIOR,Not SPEED,6AM TO 9AM,1,6. Traffic Lanes Marked,5.Hampton Roads,1. No Adverse Condition (Clear/Cloudy),2. No,Not YOUNG
ALCOHOL,Not UNBELTED,BIKE,2. Angle,8/29/2011,8/29/2011,22. Bicycle,1457,A.Ambulatory Injury,Newport News,Urban,22. Bicycle,12PM TO 3PM,121.Newport News,,Not Intersection,Monday,Not DEER,1,112910050,,1. On Roadway,,Not GUARDRAIL,Not HIT_RUN,1,4. Four Approaches,,0,0,Not LRTRUCK,2. Daylight,MAINLINE,,Not MOTORCYCLE,.,SEC_URBAN,1,Not PED,1,5,NOT-RD,9. Within Intersection,,1. Straight - Level,"1. Two-Way, Not Divided",1. Dry,U-VA121SC99999UK,3. No,Not SENIOR,SPEED,12PM TO 3PM,1,3. Traffic Signal,5.Hampton Roads,1. No Adverse Condition (Clear/Cloudy),2. No,Not YOUNG
Not ALCIHOL,Not UNBELTED,BIKE,2. Angle,8/31/2011,8/31/2011,20. Motor Vehicle In Transport,759,A.Ambulatory Injury,Norfolk,Urban,20. Motor Vehicle In Transport,6AM TO 9AM,122.Norfolk,269,Intersection,Wednesday,Not DEER,1,112650341,"0.Two-way, non-divided",1. On Roadway,I.Urban Collector,Not GUARDRAIL,Not HIT_RUN,1,4. Four Approaches,112650341,0,0,Not LRTRUCK,1. Dawn,MAINLINE,MAIN,Not MOTORCYCLE,483542.  SR00247       SR00247      12208569      12208569,SEC_URBAN,1,Not PED,1,5,NOT-RD,9. Within Intersection,1.25,1. Straight - Level,"1. Two-Way, Not Divided",1. Dry,R-VA122UR08569SB,3. No,Not SENIOR,Not SPEED,6AM TO 9AM,1,4. Stop Sign,5.Hampton Roads,1. No Adverse Condition (Clear/Cloudy),2. No,YOUNG
Not ALCIHOL,Not UNBELTED,BIKE,2. Angle,8/31/2011,8/31/2011,22. Bicycle,1540,B.Visiible Injury,Hampton,Urban,22. Bicycle,3PM TO 6PM,114.Hampton,21,Intersection,Wednesday,Not DEER,1,113010139,"1.Divided, no control of access",1. On Roadway,I.Urban Collector,Not GUARDRAIL,Not HIT_RUN,1,4. Four Approaches,113010139,0,0,Not LRTRUCK,2. Daylight,MAINLINE,MAIN,Not MOTORCYCLE,253108.  SR00169       SR00169      11407008,SEC_URBAN,1,Not PED,1,5,NOT-RD,9. Within Intersection,1.12,1. Straight - Level,"1. Two-Way, Not Divided",1. Dry,R-VA114UR07008WB,3. No,SENIOR,Not SPEED,3PM TO 6PM,1,3. Traffic Signal,5.Hampton Roads,1. No Adverse Condition (Clear/Cloudy),2. No,YOUNG
Not ALCIHOL,Not UNBELTED,BIKE,2. Angle,8/31/2011,8/31/2011,22. Bicycle,1339,B.Visiible Injury,Portsmouth,Urban,22. Bicycle,12PM TO 3PM,124.Portsmouth,,Not Intersection,Wednesday,Not DEER,1,120605146,,1. On Roadway,,Not GUARDRAIL,Not HIT_RUN,1,1. Not at Intersection,,0,0,Not LRTRUCK,2. Daylight,MAINLINE,,Not MOTORCYCLE,.,SEC_URBAN,1,Not PED,1,5,NOT-RD,8. Non-Intersection,,4. Grade - Curve,5. Unknown,1. Dry,U-VA124SC99999UK,3. No,SENIOR,Not SPEED,12PM TO 3PM,1,1. No Traffic Control,5.Hampton Roads,1. No Adverse Condition (Clear/Cloudy),2. No,YOUNG
Not ALCIHOL,Not UNBELTED,BIKE,2. Angle,9/1/2011,9/1/2011,22. Bicycle,1713,B.Visiible Injury,Newport News,Urban,22. Bicycle,3PM TO 6PM,121.Newport News,903,Intersection,Thursday,Not DEER,1,112910059,"1.Divided, no control of access",1. On Roadway,H.Urban Minor Arterial,Not GUARDRAIL,Not HIT_RUN,1,4. Four Approaches,112910059,0,0,Not LRTRUCK,2. Daylight,MAINLINE,MAIN,Not MOTORCYCLE,716487.  US00060       US00060      12100014      12107104,SEC_URBAN,1,Not PED,1,5,NOT-RD,1. Main-Line Roadway,0.17,4. Grade - Curve,"1. Two-Way, Not Divided",1. Dry,R-VA121UR07104WB,3. No,Not SENIOR,Not SPEED,3PM TO 6PM,1,3. Traffic Signal,5.Hampton Roads,1. No Adverse Condition (Clear/Cloudy),2. No,YOUNG
Not ALCIHOL,Not UNBELTED,BIKE,2. Angle,9/1/2011,9/1/2011,19. Ped,810,B.Visiible Injury,Hampton,Urban,19. Ped,6AM TO 9AM,114.Hampton,929,Intersection,Thursday,Not DEER,1,113010144,"0.Two-way, non-divided",1. On Roadway,H.Urban Minor Arterial,Not GUARDRAIL,HIT_RUN,1,3. Three Approaches,113010144,0,0,Not LRTRUCK,2. Daylight,MAINLINE,MAIN,Not MOTORCYCLE,253068.  SR00152       SR00152      11407025,PRI_URBAN,1,Not PED,1,5,NOT-RD,9. Within Intersection,3.39,1. Straight - Level,"2. Two-Way, Divided, Unprotected Median",1. Dry,R-VA   SR00152EB,3. No,Not SENIOR,Not SPEED,6AM TO 9AM,1,4. Stop Sign,5.Hampton Roads,1. No Adverse Condition (Clear/Cloudy),2. No,Not YOUNG
Not ALCIHOL,Not UNBELTED,BIKE,2. Angle,9/2/2011,9/2/2011,22. Bicycle,1730,A.Ambulatory Injury,Newport News,Urban,22. Bicycle,3PM TO 6PM,121.Newport News,,Not Intersection,Friday,Not DEER,1,113400053,,1. On Roadway,,Not GUARDRAIL,Not HIT_RUN,1,2. Two Approaches,,0,0,Not LRTRUCK,2. Daylight,MAINLINE,,Not MOTORCYCLE,.,SEC_URBAN,1,Not PED,1,5,NOT-RD,1. Main-Line Roadway,,1. Straight - Level,"1. Two-Way, Not Divided",1. Dry,U-VA121SC99999UK,3. No,Not SENIOR,Not SPEED,3PM TO 6PM,1,4. Stop Sign,5.Hampton Roads,1. No Adverse Condition (Clear/Cloudy),2. No,Not YOUNG
Not ALCIHOL,Not UNBELTED,BIKE,2. Angle,9/2/2011,9/2/2011,22. Bicycle,1323,A.Ambulatory Injury,Williamsburg,Urban,22. Bicycle,12PM TO 3PM,137.Williamsburg,692,Intersection,Friday,Not DEER,1,112580013,"0.Two-way, non-divided",4. Roadside,E.Urban Other Principle Arterials; Connecting Links of Other Rural Principal Arterial,Not GUARDRAIL,Not HIT_RUN,1,1. Not at Intersection,112580013,0,0,LRTRUCK,2. Daylight,MAINLINE,MAIN,Not MOTORCYCLE,398768.  US00060       US00060      13707081,PRI_URBAN,1,Not PED,1,5,NOT-RD,8. Non-Intersection,237.96,1. Straight - Level,"1. Two-Way, Not Divided",1. Dry,R-VA   US00060EB,3. No,Not SENIOR,Not SPEED,12PM TO 3PM,1,1. No Traffic Control,5.Hampton Roads,1. No Adverse Condition (Clear/Cloudy),2. No,Not YOUNG
Not ALCIHOL,Not UNBELTED,BIKE,2. Angle,9/3/2011,9/3/2011,22. Bicycle,2015,PDO.Property Damage Only,Chesapeake,Urban,22. Bicycle,6PM TO 9PM,131.Chesapeake,11,Intersection,Saturday,Not DEER,1,112840028,"3.Divided, full control of access",1. On Roadway,H.Urban Minor Arterial,Not GUARDRAIL,Not HIT_RUN,0,4. Four Approaches,112840028,0,0,Not LRTRUCK,4. Darkness - Road Lighted,MAINLINE,MAIN,Not MOTORCYCLE,723037. 13108529      13108529      13108530,SEC_URBAN,0,Not PED,0,5,NOT-RD,9. Within Intersection,1.01,1. Straight - Level,"1. Two-Way, Not Divided",1. Dry,R-VA131UR08529SB,3. No,Not SENIOR,Not SPEED,6PM TO 9PM,1,3. Traffic Signal,5.Hampton Roads,1. No Adverse Condition (Clear/Cloudy),2. No,YOUNG
Not ALCIHOL,Not UNBELTED,BIKE,2. Angle,9/3/2011,9/3/2011,22. Bicycle,746,A.Ambulatory Injury,Chincoteaque,Rural,22. Bicycle,6AM TO 9AM,190.Chincoteaque,5,Intersection,Saturday,Not DEER,1,112555173,"0.Two-way, non-divided",1. On Roadway,4.Rural Major Collector,Not GUARDRAIL,Not HIT_RUN,1,4. Four Approaches,112555173,0,0,Not LRTRUCK,2. Daylight,MAINLINE,MAIN,Not MOTORCYCLE,106005.  SR00175      19000001      19001623      19001623,VDOT_SEC,1,Not PED,1,5,NOT-RD,9. Within Intersection,0.43,1. Straight - Level,"1. Two-Way, Not Divided",1. Dry,R-VA190UR01623NB,3. No,Not SENIOR,Not SPEED,6AM TO 9AM,1,3. Traffic Signal,5.Hampton Roads,1. No Adverse Condition (Clear/Cloudy),2. No,YOUNG
Not ALCIHOL,Not UNBELTED,BIKE,3. Head On,9/7/2011,9/7/2011,22. Bicycle,1500,B.Visiible Injury,Virginia Beach,Urban,22. Bicycle,12PM TO 3PM,134.Virginia Beach,"6,373",Intersection,Wednesday,Not DEER,1,112605152,"1.Divided, no control of access",1. On Roadway,H.Urban Minor Arterial,Not GUARDRAIL,Not HIT_RUN,1,4. Four Approaches,112605152,0,0,Not LRTRUCK,2. Daylight,MAINLINE,MAIN,Not MOTORCYCLE,541230.  SR00279       SR00279      13408715,PRI_URBAN,1,Not PED,1,5,RD-UNKNOWN,9. Within Intersection,3.89,1. Straight - Level,"1. Two-Way, Not Divided",1. Dry,R-VA   SR00279SB,3. No,Not SENIOR,Not SPEED,12PM TO 3PM,1,4. Stop Sign,5.Hampton Roads,1. No Adverse Condition (Clear/Cloudy),2. No,Not YOUNG
Not ALCIHOL,Not UNBELTED,BIKE,2. Angle,9/9/2011,9/9/2011,20. Motor Vehicle In Transport,1637,B.Visiible Injury,Virginia Beach,Urban,20. Motor Vehicle In Transport,3PM TO 6PM,134.Virginia Beach,48,Intersection,Friday,Not DEER,1,112595159,"1.Divided, no control of access",1. On Roadway,H.Urban Minor Arterial,Not GUARDRAIL,Not HIT_RUN,1,4. Four Approaches,112595159,0,0,Not LRTRUCK,2. Daylight,MAINLINE,MAIN,Not MOTORCYCLE,541365. 13400008      13400008      13408638      13408638,SEC_URBAN,1,Not PED,1,5,NOT-RD,9. Within Intersection,0.44,1. Straight - Level,"2. Two-Way, Divided, Unprotected Median",1. Dry,R-VA134UR00008NB,3. No,Not SENIOR,Not SPEED,3PM TO 6PM,1,3. Traffic Signal,5.Hampton Roads,1. No Adverse Condition (Clear/Cloudy),2. No,YOUNG
Not ALCIHOL,Not UNBELTED,BIKE,2. Angle,9/12/2011,9/12/2011,22. Bicycle,1429,A.Ambulatory Injury,Hampton,Urban,22. Bicycle,12PM TO 3PM,114.Hampton,,Not Intersection,Monday,Not DEER,1,113010159,,1. On Roadway,,Not GUARDRAIL,Not HIT_RUN,1,3. Three Approaches,,0,0,Not LRTRUCK,2. Daylight,MAINLINE,,Not MOTORCYCLE,.,SEC_URBAN,1,Not PED,1,5,NOT-RD,9. Within Intersection,,1. Straight - Level,"2. Two-Way, Divided, Unprotected Median",1. Dry,U-VA114SC99999UK,3. No,Not SENIOR,Not SPEED,12PM TO 3PM,1,3. Traffic Signal,5.Hampton Roads,1. No Adverse Condition (Clear/Cloudy),2. No,Not YOUNG
Not ALCIHOL,Not UNBELTED,BIKE,2. Angle,9/12/2011,9/12/2011,20. Motor Vehicle In Transport,915,C.Non-Visible Injury,Virginia Beach,Urban,20. Motor Vehicle In Transport,9AM TO 12PM,134.Virginia Beach,,Not Intersection,Monday,Not DEER,1,113165184,,1. On Roadway,,Not GUARDRAIL,Not HIT_RUN,1,3. Three Approaches,,0,0,Not LRTRUCK,1. Dawn,MAINLINE,,Not MOTORCYCLE,.,SEC_URBAN,1,Not PED,1,5,NOT-RD,9. Within Intersection,,1. Straight - Level,"1. Two-Way, Not Divided",1. Dry,U-VA134SC99999UK,3. No,Not SENIOR,Not SPEED,9AM TO 12PM,1,4. Stop Sign,5.Hampton Roads,1. No Adverse Condition (Clear/Cloudy),2. No,Not YOUNG
Not ALCIHOL,Not UNBELTED,BIKE,4. Sideswipe - Same Direction,9/12/2011,9/12/2011,22. Bicycle,2019,B.Visiible Injury,Isle of Wight,Rural,22. Bicycle,6PM TO 9PM,46.Isle of Wight,"2,318",Intersection,Monday,Not DEER,1,112595139,"0.Two-way, non-divided",1. On Roadway,4.Rural Major Collector,Not GUARDRAIL,Not HIT_RUN,1,1. Not at Intersection,112595139,0,0,Not LRTRUCK,5. Darkness - Road Not Lighted,MAINLINE,MAIN,Not MOTORCYCLE,393324.  4601402       4609203     C1SR00010     C1SR00010,VDOT_PRI,1,Not PED,1,5,NOT-RD,1. Main-Line Roadway,5.29,1. Straight - Level,"1. Two-Way, Not Divided",1. Dry,R-VA   SR00010NBBUS001,3. No,Not SENIOR,SPEED,6PM TO 9PM,1,6. Traffic Lanes Marked,5.Hampton Roads,1. No Adverse Condition (Clear/Cloudy),2. No,Not YOUNG
Not ALCIHOL,Not UNBELTED,BIKE,2. Angle,9/13/2011,9/13/2011,22. Bicycle,1242,C.Non-Visible Injury,Hampton,Urban,22. Bicycle,12PM TO 3PM,114.Hampton,"1,209",Intersection,Tuesday,Not DEER,1,112980157,"0.Two-way, non-divided",1. On Roadway,H.Urban Minor Arterial,Not GUARDRAIL,Not HIT_RUN,1,1. Not at Intersection,112980157,0,0,Not LRTRUCK,2. Daylight,MAINLINE,MAIN,Not MOTORCYCLE,253068.  SR00152       SR00152      11407025,PRI_URBAN,1,Not PED,1,5,NOT-RD,8. Non-Intersection,3.46,1. Straight - Level,"2. Two-Way, Divided, Unprotected Median",1. Dry,R-VA   SR00152EB,3. No,Not SENIOR,Not SPEED,12PM TO 3PM,1,6. Traffic Lanes Marked,5.Hampton Roads,1. No Adverse Condition (Clear/Cloudy),2. No,Not YOUNG
Not ALCIHOL,Not UNBELTED,BIKE,2. Angle,9/14/2011,9/14/2011,22. Bicycle,1657,B.Visiible Injury,Hampton,Urban,22. Bicycle,3PM TO 6PM,114.Hampton,,Not Intersection,Wednesday,Not DEER,1,112980164,,1. On Roadway,,Not GUARDRAIL,Not HIT_RUN,1,4. Four Approaches,,0,0,Not LRTRUCK,2. Daylight,MAINLINE,,Not MOTORCYCLE,.,SEC_URBAN,1,Not PED,1,5,NOT-RD,9. Within Intersection,,1. Straight - Level,"1. Two-Way, Not Divided",1. Dry,U-VA114SC99999UK,3. No,SENIOR,Not SPEED,3PM TO 6PM,1,4. Stop Sign,5.Hampton Roads,1. No Adverse Condition (Clear/Cloudy),2. No,YOUNG
Not ALCIHOL,Not UNBELTED,BIKE,2. Angle,9/15/2011,9/15/2011,22. Bicycle,1400,B.Visiible Injury,Norfolk,Urban,22. Bicycle,12PM TO 3PM,122.Norfolk,660,Intersection,Thursday,Not DEER,1,112710245,"0.Two-way, non-divided",1. On Roadway,I.Urban Collector,Not GUARDRAIL,Not HIT_RUN,1,4. Four Approaches,112710245,0,0,Not LRTRUCK,4. Darkness - Road Lighted,MAINLINE,MAIN,Not MOTORCYCLE,485060. 12208562      12208564      12208564,SEC_URBAN,1,Not PED,1,5,NOT-RD,9. Within Intersection,0.13,1. Straight - Level,"2. Two-Way, Divided, Unprotected Median",2. Wet,R-VA122UR08562EB,1. Yes,Not SENIOR,Not SPEED,12PM TO 3PM,1,4. Stop Sign,5.Hampton Roads,5. Rain,2. No,YOUNG
Not ALCIHOL,Not UNBELTED,BIKE,2. Angle,9/15/2011,9/15/2011,20. Motor Vehicle In Transport,710,B.Visiible Injury,Chesapeake,Urban,20. Motor Vehicle In Transport,6AM TO 9AM,131.Chesapeake,"1,146",Intersection,Thursday,Not DEER,1,112700212,"0.Two-way, non-divided",1. On Roadway,H.Urban Minor Arterial,Not GUARDRAIL,Not HIT_RUN,1,3. Three Approaches,112700212,0,0,Not LRTRUCK,1. Dawn,MAINLINE,MAIN,Not MOTORCYCLE,483450.  SR00190       SR00190     C1SR00168     C1SR00168,PRI_URBAN,1,Not PED,1,5,NOT-RD,9. Within Intersection,3.51,1. Straight - Level,"1. Two-Way, Not Divided",1. Dry,R-VA   SR00190EB,3. No,Not SENIOR,Not SPEED,6AM TO 9AM,1,4. Stop Sign,5.Hampton Roads,1. No Adverse Condition (Clear/Cloudy),2. No,Not YOUNG