Alcohol Notalcohol,Belted Unbelted,Bike Nonbike,Collision Type,CRASH_DT (copy),Crash Dt,Crash Event Type Dsc,Crash Military Tm,Crash Severity,Juris Name Used,Area Type Used,First Harmful Event of Entire Crash,Time Slicing Used,Phy_Juris_Nm,Offset-Ft,Intersection Analysis,Day Of Week,Deer Nodeer,TOTAL CRASH,Document Nbr,FAC,First Harmful Event,FUN,Gr Nogr,Hitrun Not Hitrun,Injury Crashes,Intersection Type,Int Doc,K_CRASH,K People,Lgtruck Nonlgtruck,Light Condition,MAINLINE (group),Mainline Yn,Motor Nonmotor,Node Info,Ownership,Total People Killed & Injured,Ped Nonped,Persons Injured,VSP_Used,Rd Type,Relation To Roadway,Rns Mp,Roadway Alignment,Roadway Description,Roadway Surface Cond,Rte Nm,School Zone,Senior Notsenior,Speed Notspeed,Time Slicing,Total Crashes including Property Damage Only,Traffic Control Type,District_Used ,Weather Condition,Work Zone Related,Young Notyoung
Not ALCIHOL,Not UNBELTED,BIKE,2. Angle,10/29/2011,10/29/2011,22. Bicycle,1713,C.Non-Visible Injury,Newport News,Urban,22. Bicycle,3PM TO 6PM,121.Newport News,84,Intersection,Saturday,Not DEER,1,113470083,"1.Divided, no control of access",9. Outside Right-of-Way,H.Urban Minor Arterial,Not GUARDRAIL,Not HIT_RUN,1,1. Not at Intersection,113470083,0,0,Not LRTRUCK,3. Dusk,MAINLINE,MAIN,Not MOTORCYCLE,716351.  US00060       US00060      12100021,PRI_URBAN,1,Not PED,1,5,NOT-RD,"13. Driveway, Alley-Access - Related",260.39,1. Straight - Level,"2. Two-Way, Divided, Unprotected Median",1. Dry,R-VA   US00060WB,3. No,Not SENIOR,Not SPEED,3PM TO 6PM,1,1. No Traffic Control,5.Hampton Roads,1. No Adverse Condition (Clear/Cloudy),2. No,YOUNG
ALCOHOL,Not UNBELTED,BIKE,1. Rear End,10/29/2011,10/29/2011,20. Motor Vehicle In Transport,2205,A.Ambulatory Injury,Chesapeake,Urban,20. Motor Vehicle In Transport,9PM TO 12AM,131.Chesapeake,"2,075",Intersection,Saturday,Not DEER,1,113180478,"0.Two-way, non-divided",1. On Roadway,H.Urban Minor Arterial,Not GUARDRAIL,Not HIT_RUN,1,1. Not at Intersection,113180478,0,0,Not LRTRUCK,5. Darkness - Road Not Lighted,MAINLINE,MAIN,Not MOTORCYCLE,484909. 13108695      13108763      13108763,SEC_URBAN,1,Not PED,1,5,NOT-RD,8. Non-Intersection,0.84,1. Straight - Level,"1. Two-Way, Not Divided",1. Dry,R-VA131UR08763SB,3. No,Not SENIOR,Not SPEED,9PM TO 12AM,1,6. Traffic Lanes Marked,5.Hampton Roads,1. No Adverse Condition (Clear/Cloudy),2. No,YOUNG
Not ALCIHOL,Not UNBELTED,BIKE,2. Angle,10/30/2011,10/30/2011,22. Bicycle,1254,B.Visiible Injury,Virginia Beach,Urban,22. Bicycle,12PM TO 3PM,134.Virginia Beach,"1,980",Intersection,Sunday,Not DEER,1,113045066,"1.Divided, no control of access",1. On Roadway,H.Urban Minor Arterial,Not GUARDRAIL,Not HIT_RUN,1,4. Four Approaches,113045066,0,0,Not LRTRUCK,2. Daylight,MAINLINE,MAIN,Not MOTORCYCLE,541244. 13400007      13400007      13400010      13400010,SEC_URBAN,1,Not PED,1,5,NOT-RD,9. Within Intersection,1.11,1. Straight - Level,"2. Two-Way, Divided, Unprotected Median",1. Dry,R-VA134UR00010EB,3. No,Not SENIOR,Not SPEED,12PM TO 3PM,1,3. Traffic Signal,5.Hampton Roads,1. No Adverse Condition (Clear/Cloudy),2. No,Not YOUNG
Not ALCIHOL,Not UNBELTED,BIKE,16. Other,10/30/2011,10/30/2011,22. Bicycle,1545,C.Non-Visible Injury,Virginia Beach,Urban,22. Bicycle,3PM TO 6PM,134.Virginia Beach,,Not Intersection,Sunday,Not DEER,1,113045317,,1. On Roadway,,Not GUARDRAIL,Not HIT_RUN,1,3. Three Approaches,,0,0,Not LRTRUCK,2. Daylight,MAINLINE,,Not MOTORCYCLE,.,SEC_URBAN,1,Not PED,1,5,NOT-RD,10. Intersection Related - Within 150 Feet,,1. Straight - Level,"1. Two-Way, Not Divided",1. Dry,U-VA134SC99999UK,3. No,Not SENIOR,Not SPEED,3PM TO 6PM,1,4. Stop Sign,5.Hampton Roads,1. No Adverse Condition (Clear/Cloudy),2. No,Not YOUNG
Not ALCIHOL,Not UNBELTED,BIKE,2. Angle,10/31/2011,10/31/2011,22. Bicycle,1230,C.Non-Visible Injury,Norfolk,Urban,22. Bicycle,12PM TO 3PM,122.Norfolk,26,Intersection,Monday,Not DEER,1,113330251,"0.Two-way, non-divided",1. On Roadway,E.Urban Other Principle Arterials; Connecting Links of Other Rural Principal Arterial,Not GUARDRAIL,Not HIT_RUN,1,4. Four Approaches,113330251,0,0,Not LRTRUCK,2. Daylight,MAINLINE,MAIN,Not MOTORCYCLE,483419.  SR00168       SR00168       SR00247       SR00247,PRI_URBAN,1,Not PED,1,5,NOT-RD,9. Within Intersection,25.41,1. Straight - Level,"1. Two-Way, Not Divided",1. Dry,R-VA   SR00168SB,3. No,SENIOR,Not SPEED,12PM TO 3PM,1,3. Traffic Signal,5.Hampton Roads,1. No Adverse Condition (Clear/Cloudy),2. No,Not YOUNG
Not ALCIHOL,Not UNBELTED,BIKE,2. Angle,11/3/2011,11/3/2011,20. Motor Vehicle In Transport,745,A.Ambulatory Injury,Norfolk,Urban,20. Motor Vehicle In Transport,6AM TO 9AM,122.Norfolk,750,Intersection,Thursday,Not DEER,1,113360142,"1.Divided, no control of access",1. On Roadway,E.Urban Other Principle Arterials; Connecting Links of Other Rural Principal Arterial,Not GUARDRAIL,Not HIT_RUN,1,4. Four Approaches,113360142,0,0,Not LRTRUCK,2. Daylight,MAINLINE,MAIN,Not MOTORCYCLE,483662.  SR00337       SR00337      12208563,PRI_URBAN,1,Not PED,1,5,NOT-RD,9. Within Intersection,28.53,1. Straight - Level,"3. Two-Way, Divided, Positive Median Barrier",1. Dry,R-VA   SR00337EB,3. No,Not SENIOR,Not SPEED,6AM TO 9AM,1,3. Traffic Signal,5.Hampton Roads,1. No Adverse Condition (Clear/Cloudy),2. No,Not YOUNG
Not ALCIHOL,Not UNBELTED,BIKE,2. Angle,11/4/2011,11/4/2011,22. Bicycle,1040,A.Ambulatory Injury,Norfolk,Urban,22. Bicycle,9AM TO 12PM,122.Norfolk,634,Intersection,Friday,Not DEER,1,113360095,"1.Divided, no control of access",1. On Roadway,E.Urban Other Principle Arterials; Connecting Links of Other Rural Principal Arterial,Not GUARDRAIL,Not HIT_RUN,1,4. Four Approaches,113360095,0,0,Not LRTRUCK,2. Daylight,MAINLINE,MAIN,Not MOTORCYCLE,483652.  SR00337       SR00337      12208561      12208561,PRI_URBAN,1,Not PED,1,5,NOT-RD,9. Within Intersection,31.43,1. Straight - Level,"3. Two-Way, Divided, Positive Median Barrier",2. Wet,R-VA   SR00337EB,3. No,Not SENIOR,Not SPEED,9AM TO 12PM,1,3. Traffic Signal,5.Hampton Roads,4. Mist,2. No,Not YOUNG
Not ALCIHOL,Not UNBELTED,BIKE,2. Angle,11/6/2011,11/6/2011,20. Motor Vehicle In Transport,1406,A.Ambulatory Injury,Portsmouth,Urban,20. Motor Vehicle In Transport,12PM TO 3PM,124.Portsmouth,"1,447",Intersection,Sunday,Not DEER,1,120595085,"0.Two-way, non-divided",1. On Roadway,H.Urban Minor Arterial,Not GUARDRAIL,Not HIT_RUN,1,1. Not at Intersection,120595085,0,0,Not LRTRUCK,2. Daylight,MAINLINE,MAIN,Not MOTORCYCLE,483692.  SR00337       SR00337      12408544,PRI_URBAN,1,Not PED,1,5,NOT-RD,1. Main-Line Roadway,19.80,1. Straight - Level,"2. Two-Way, Divided, Unprotected Median",1. Dry,R-VA   SR00337EB,3. No,Not SENIOR,Not SPEED,12PM TO 3PM,1,6. Traffic Lanes Marked,5.Hampton Roads,1. No Adverse Condition (Clear/Cloudy),2. No,YOUNG
Not ALCIHOL,Not UNBELTED,BIKE,2. Angle,11/7/2011,11/7/2011,22. Bicycle,810,C.Non-Visible Injury,James City,Urban,22. Bicycle,6AM TO 9AM,47.James City,470,Intersection,Monday,Not DEER,1,120060031,"1.Divided, no control of access",1. On Roadway,E.Urban Other Principle Arterials; Connecting Links of Other Rural Principal Arterial,Not GUARDRAIL,HIT_RUN,1,1. Not at Intersection,120060031,0,0,Not LRTRUCK,2. Daylight,MAINLINE,MAIN,Not MOTORCYCLE,398156.  4700658       US00060       US00060,VDOT_PRI,2,Not PED,2,5,NOT-RD,"13. Driveway, Alley-Access - Related",236.38,1. Straight - Level,"1. Two-Way, Not Divided",1. Dry,R-VA   US00060EB,3. No,SENIOR,Not SPEED,6AM TO 9AM,1,4. Stop Sign,5.Hampton Roads,1. No Adverse Condition (Clear/Cloudy),2. No,Not YOUNG
Not ALCIHOL,Not UNBELTED,BIKE,2. Angle,11/7/2011,11/7/2011,22. Bicycle,1155,C.Non-Visible Injury,Virginia Beach,Urban,22. Bicycle,9AM TO 12PM,134.Virginia Beach,,Not Intersection,Monday,Not DEER,1,113125037,,1. On Roadway,,Not GUARDRAIL,Not HIT_RUN,1,3. Three Approaches,,0,0,Not LRTRUCK,2. Daylight,MAINLINE,,Not MOTORCYCLE,.,SEC_URBAN,1,Not PED,1,5,NOT-RD,9. Within Intersection,,1. Straight - Level,"3. Two-Way, Divided, Positive Median Barrier",1. Dry,U-VA134SC99999UK,3. No,Not SENIOR,Not SPEED,9AM TO 12PM,1,4. Stop Sign,5.Hampton Roads,1. No Adverse Condition (Clear/Cloudy),2. No,Not YOUNG
ALCOHOL,Not UNBELTED,BIKE,2. Angle,11/7/2011,11/7/2011,20. Motor Vehicle In Transport,1300,C.Non-Visible Injury,Virginia Beach,Urban,20. Motor Vehicle In Transport,12PM TO 3PM,134.Virginia Beach,,Not Intersection,Monday,Not DEER,1,113125032,,1. On Roadway,,Not GUARDRAIL,Not HIT_RUN,1,3. Three Approaches,,0,0,Not LRTRUCK,2. Daylight,MAINLINE,,Not MOTORCYCLE,.,SEC_URBAN,1,Not PED,1,5,NOT-RD,9. Within Intersection,,1. Straight - Level,"1. Two-Way, Not Divided",1. Dry,U-VA134SC99999UK,3. No,Not SENIOR,Not SPEED,12PM TO 3PM,1,4. Stop Sign,5.Hampton Roads,1. No Adverse Condition (Clear/Cloudy),2. No,Not YOUNG
Not ALCIHOL,Not UNBELTED,BIKE,2. Angle,11/8/2011,11/8/2011,22. Bicycle,1341,C.Non-Visible Injury,Norfolk,Urban,22. Bicycle,12PM TO 3PM,122.Norfolk,0,Intersection,Tuesday,Not DEER,1,120180645,"0.Two-way, non-divided",1. On Roadway,I.Urban Collector,Not GUARDRAIL,Not HIT_RUN,1,3. Three Approaches,120180645,0,0,Not LRTRUCK,2. Daylight,MAINLINE,MAIN,Not MOTORCYCLE,483746.  US00460       US00460      12208625,SEC_URBAN,1,Not PED,1,5,NOT-RD,1. Main-Line Roadway,0.00,1. Straight - Level,5. Unknown,1. Dry,R-VA122UR08625WB,3. No,Not SENIOR,Not SPEED,12PM TO 3PM,1,4. Stop Sign,5.Hampton Roads,1. No Adverse Condition (Clear/Cloudy),2. No,Not YOUNG
Not ALCIHOL,Not UNBELTED,BIKE,16. Other,11/10/2011,11/10/2011,22. Bicycle,1255,B.Visiible Injury,Virginia Beach,Urban,22. Bicycle,12PM TO 3PM,134.Virginia Beach,"2,862",Intersection,Thursday,Not DEER,1,113205084,"1.Divided, no control of access",1. On Roadway,E.Urban Other Principle Arterials; Connecting Links of Other Rural Principal Arterial,Not GUARDRAIL,Not HIT_RUN,1,2. Two Approaches,113205084,0,0,Not LRTRUCK,2. Daylight,MAINLINE,MAIN,Not MOTORCYCLE,541141.  SR00149      13408669      13408669,SEC_URBAN,1,Not PED,1,5,NOT-RD,9. Within Intersection,17.01,1. Straight - Level,"1. Two-Way, Not Divided",1. Dry,R-VA134UR08669NB,3. No,Not SENIOR,Not SPEED,12PM TO 3PM,1,4. Stop Sign,5.Hampton Roads,1. No Adverse Condition (Clear/Cloudy),2. No,Not YOUNG
Not ALCIHOL,Not UNBELTED,BIKE,2. Angle,11/12/2011,11/12/2011,20. Motor Vehicle In Transport,1620,A.Ambulatory Injury,Virginia Beach,Urban,20. Motor Vehicle In Transport,3PM TO 6PM,134.Virginia Beach,665,Intersection,Saturday,Not DEER,1,113235201,"1.Divided, no control of access",1. On Roadway,H.Urban Minor Arterial,Not GUARDRAIL,Not HIT_RUN,1,3. Three Approaches,113235201,0,0,Not LRTRUCK,2. Daylight,MAINLINE,MAIN,Not MOTORCYCLE,541174.  SR00190       SR00190      13400010      13408640,PRI_URBAN,1,Not PED,1,5,NOT-RD,9. Within Intersection,11.26,1. Straight - Level,"2. Two-Way, Divided, Unprotected Median",1. Dry,R-VA   SR00190WB,3. No,SENIOR,Not SPEED,3PM TO 6PM,1,4. Stop Sign,5.Hampton Roads,1. No Adverse Condition (Clear/Cloudy),2. No,Not YOUNG
Not ALCIHOL,Not UNBELTED,BIKE,2. Angle,11/13/2011,11/13/2011,22. Bicycle,929,A.Ambulatory Injury,Newport News,Urban,22. Bicycle,9AM TO 12PM,121.Newport News,26,Intersection,Sunday,Not DEER,1,113500145,"1.Divided, no control of access",1. On Roadway,H.Urban Minor Arterial,Not GUARDRAIL,Not HIT_RUN,1,4. Four Approaches,113500145,0,0,Not LRTRUCK,2. Daylight,MAINLINE,MAIN,Not MOTORCYCLE,646005.  SR00143       SR00312       US00017       US00017,PRI_URBAN,1,Not PED,1,5,NOT-RD,1. Main-Line Roadway,1.11,1. Straight - Level,"2. Two-Way, Divided, Unprotected Median",1. Dry,R-VA   SR00312EB,3. No,Not SENIOR,Not SPEED,9AM TO 12PM,1,3. Traffic Signal,5.Hampton Roads,1. No Adverse Condition (Clear/Cloudy),2. No,Not YOUNG
Not ALCIHOL,Not UNBELTED,BIKE,2. Angle,11/14/2011,11/14/2011,22. Bicycle,1510,B.Visiible Injury,Norfolk,Urban,22. Bicycle,3PM TO 6PM,122.Norfolk,211,Intersection,Monday,Not DEER,1,113620022,"0.Two-way, non-divided",1. On Roadway,H.Urban Minor Arterial,Not GUARDRAIL,Not HIT_RUN,1,4. Four Approaches,113620022,0,0,Not LRTRUCK,2. Daylight,MAINLINE,MAIN,Not MOTORCYCLE,485086. 12208563      12208563      12208572      12208572,SEC_URBAN,1,Not PED,1,5,NOT-RD,9. Within Intersection,0.94,1. Straight - Level,"2. Two-Way, Divided, Unprotected Median",1. Dry,R-VA122UR08563NB,3. No,Not SENIOR,Not SPEED,3PM TO 6PM,1,4. Stop Sign,5.Hampton Roads,1. No Adverse Condition (Clear/Cloudy),2. No,YOUNG
Not ALCIHOL,Not UNBELTED,BIKE,2. Angle,11/17/2011,11/17/2011,20. Motor Vehicle In Transport,1804,B.Visiible Injury,Virginia Beach,Urban,20. Motor Vehicle In Transport,6PM TO 9PM,134.Virginia Beach,32,Intersection,Thursday,Not DEER,1,113225223,"1.Divided, no control of access",1. On Roadway,E.Urban Other Principle Arterials; Connecting Links of Other Rural Principal Arterial,Not GUARDRAIL,Not HIT_RUN,1,4. Four Approaches,113225223,0,0,Not LRTRUCK,4. Darkness - Road Lighted,MAINLINE,MAIN,Not MOTORCYCLE,541083.  SR00225       SR00225       US00058       US00058,PRI_URBAN,1,Not PED,1,5,NOT-RD,9. Within Intersection,500.19,1. Straight - Level,"2. Two-Way, Divided, Unprotected Median",1. Dry,R-VA   US00058WB,3. No,Not SENIOR,Not SPEED,6PM TO 9PM,1,3. Traffic Signal,5.Hampton Roads,1. No Adverse Condition (Clear/Cloudy),2. No,Not YOUNG
Not ALCIHOL,Not UNBELTED,BIKE,1. Rear End,11/17/2011,11/17/2011,22. Bicycle,1736,B.Visiible Injury,Virginia Beach,Urban,22. Bicycle,3PM TO 6PM,134.Virginia Beach,,Not Intersection,Thursday,Not DEER,1,113225192,,1. On Roadway,,Not GUARDRAIL,Not HIT_RUN,1,1. Not at Intersection,,0,0,Not LRTRUCK,4. Darkness - Road Lighted,MAINLINE,,Not MOTORCYCLE,.,SEC_URBAN,1,Not PED,1,5,NOT-RD,1. Main-Line Roadway,,1. Straight - Level,"1. Two-Way, Not Divided",1. Dry,U-VA134SC99999UK,3. No,Not SENIOR,Not SPEED,3PM TO 6PM,1,1. No Traffic Control,5.Hampton Roads,1. No Adverse Condition (Clear/Cloudy),2. No,YOUNG
Not ALCIHOL,Not UNBELTED,BIKE,2. Angle,11/18/2011,11/18/2011,20. Motor Vehicle In Transport,1620,B.Visiible Injury,Virginia Beach,Urban,20. Motor Vehicle In Transport,3PM TO 6PM,134.Virginia Beach,5,Intersection,Friday,Not DEER,1,113235254,"0.Two-way, non-divided",1. On Roadway,I.Urban Collector,Not GUARDRAIL,Not HIT_RUN,1,4. Four Approaches,113235254,0,0,Not LRTRUCK,2. Daylight,MAINLINE,MAIN,Not MOTORCYCLE,541482. 13408669      13408669      13408723      13408723,SEC_URBAN,1,Not PED,1,5,NOT-RD,9. Within Intersection,0.54,1. Straight - Level,"2. Two-Way, Divided, Unprotected Median",1. Dry,R-VA134UR08723NB,3. No,Not SENIOR,Not SPEED,3PM TO 6PM,1,3. Traffic Signal,5.Hampton Roads,1. No Adverse Condition (Clear/Cloudy),2. No,YOUNG
Not ALCIHOL,Not UNBELTED,BIKE,2. Angle,5/19/2012,5/19/2012,20. Motor Vehicle In Transport,1433,B.Visiible Injury,Virginia Beach,Urban,20. Motor Vehicle In Transport,12PM TO 3PM,134.Virginia Beach,343,Intersection,Saturday,Not DEER,1,121415076,"1.Divided, no control of access",1. On Roadway,H.Urban Minor Arterial,Not GUARDRAIL,Not HIT_RUN,1,3. Three Approaches,121415076,0,0,Not LRTRUCK,2. Daylight,MAINLINE,MAIN,Not MOTORCYCLE,541174.  SR00190       SR00190      13400010      13408640,PRI_URBAN,1,Not PED,1,5,NOT-RD,9. Within Intersection,11.20,1. Straight - Level,"2. Two-Way, Divided, Unprotected Median",1. Dry,R-VA   SR00190EB,3. No,Not SENIOR,Not SPEED,12PM TO 3PM,1,4. Stop Sign,5.Hampton Roads,1. No Adverse Condition (Clear/Cloudy),2. No,Not YOUNG
Not ALCIHOL,UNBELTED,BIKE,2. Angle,5/19/2012,5/19/2012,22. Bicycle,1012,A.Ambulatory Injury,Hampton,Urban,22. Bicycle,9AM TO 12PM,114.Hampton,5,Intersection,Saturday,Not DEER,1,121980219,"2.Divided, partial control of access",1. On Roadway,E.Urban Other Principle Arterials; Connecting Links of Other Rural Principal Arterial,Not GUARDRAIL,Not HIT_RUN,1,4. Four Approaches,121980219,0,0,Not LRTRUCK,2. Daylight,MAINLINE,MAIN,Not MOTORCYCLE,702864.  SR00134       SR00134      1SR00134P,PRI_URBAN,1,Not PED,1,5,NOT-RD,1. Main-Line Roadway,7.15,1. Straight - Level,"2. Two-Way, Divided, Unprotected Median",1. Dry,R-VA   SR00134EB,3. No,Not SENIOR,Not SPEED,9AM TO 12PM,1,3. Traffic Signal,5.Hampton Roads,1. No Adverse Condition (Clear/Cloudy),2. No,Not YOUNG
Not ALCIHOL,Not UNBELTED,BIKE,12. Ped,11/21/2011,11/21/2011,22. Bicycle,1849,C.Non-Visible Injury,Chesapeake,Urban,22. Bicycle,6PM TO 9PM,131.Chesapeake,"2,656",Intersection,Monday,Not DEER,1,120250159,"1.Divided, no control of access",1. On Roadway,H.Urban Minor Arterial,Not GUARDRAIL,Not HIT_RUN,1,4. Four Approaches,120250159,0,0,Not LRTRUCK,3. Dusk,MAINLINE,MAIN,Not MOTORCYCLE,483408. 13100011      13100011      13108640,SEC_URBAN,1,Not PED,1,5,NOT-RD,9. Within Intersection,0.50,1. Straight - Level,"1. Two-Way, Not Divided",1. Dry,R-VA131UR08640WB,3. No,Not SENIOR,Not SPEED,6PM TO 9PM,1,14. Ped Crosswalk,5.Hampton Roads,1. No Adverse Condition (Clear/Cloudy),2. No,YOUNG
Not ALCIHOL,Not UNBELTED,BIKE,5. Sideswipe - Opposite Direction,11/22/2011,11/22/2011,20. Motor Vehicle In Transport,1658,C.Non-Visible Injury,Virginia Beach,Urban,20. Motor Vehicle In Transport,3PM TO 6PM,134.Virginia Beach,,Not Intersection,Tuesday,Not DEER,1,113285150,,1. On Roadway,,Not GUARDRAIL,Not HIT_RUN,1,3. Three Approaches,,0,0,Not LRTRUCK,3. Dusk,MAINLINE,,Not MOTORCYCLE,.,SEC_URBAN,1,Not PED,1,5,NOT-RD,9. Within Intersection,,1. Straight - Level,"1. Two-Way, Not Divided",1. Dry,U-VA134SC99999UK,3. No,Not SENIOR,Not SPEED,3PM TO 6PM,1,6. Traffic Lanes Marked,5.Hampton Roads,1. No Adverse Condition (Clear/Cloudy),2. No,Not YOUNG
Not ALCIHOL,Not UNBELTED,BIKE,2. Angle,11/25/2011,11/25/2011,20. Motor Vehicle In Transport,1525,B.Visiible Injury,Virginia Beach,Urban,20. Motor Vehicle In Transport,3PM TO 6PM,134.Virginia Beach,734,Intersection,Friday,Not DEER,1,113315083,"1.Divided, no control of access",1. On Roadway,H.Urban Minor Arterial,Not GUARDRAIL,Not HIT_RUN,1,4. Four Approaches,113315083,0,0,Not LRTRUCK,2. Daylight,MAINLINE,MAIN,Not MOTORCYCLE,541289. 13400013      13400013      13408744,SEC_URBAN,1,Not PED,1,5,NOT-RD,9. Within Intersection,0.33,1. Straight - Level,"1. Two-Way, Not Divided",1. Dry,R-VA134UR00013NB,3. No,Not SENIOR,Not SPEED,3PM TO 6PM,1,4. Stop Sign,5.Hampton Roads,1. No Adverse Condition (Clear/Cloudy),2. No,Not YOUNG
Not ALCIHOL,Not UNBELTED,BIKE,2. Angle,5/23/2012,5/23/2012,19. Ped,1512,A.Ambulatory Injury,Newport News,Urban,19. Ped,3PM TO 6PM,121.Newport News,"1,204",Intersection,Wednesday,Not DEER,1,122510052,"0.Two-way, non-divided",1. On Roadway,I.Urban Collector,Not GUARDRAIL,Not HIT_RUN,1,1. Not at Intersection,122510052,0,0,Not LRTRUCK,2. Daylight,MAINLINE,MAIN,Not MOTORCYCLE,646057.  SR00173       SR00173       US00060       US00060,PRI_URBAN,1,Not PED,1,5,NOT-RD,11. Intersection Related - Outside 150 Feet,1.59,1. Straight - Level,"1. Two-Way, Not Divided",1. Dry,R-VA   SR00173EB,3. No,Not SENIOR,Not SPEED,3PM TO 6PM,1,3. Traffic Signal,5.Hampton Roads,1. No Adverse Condition (Clear/Cloudy),2. No,Not YOUNG
Not ALCIHOL,Not UNBELTED,BIKE,2. Angle,5/23/2012,5/23/2012,22. Bicycle,2015,B.Visiible Injury,Virginia Beach,Urban,22. Bicycle,6PM TO 9PM,134.Virginia Beach,111,Intersection,Wednesday,Not DEER,1,121475142,"1.Divided, no control of access",1. On Roadway,I.Urban Collector,Not GUARDRAIL,HIT_RUN,1,4. Four Approaches,121475142,0,0,Not LRTRUCK,4. Darkness - Road Lighted,MAINLINE,MAIN,Not MOTORCYCLE,541267. 13400011      13400011      13408737      13408737,SEC_URBAN,1,Not PED,1,5,NOT-RD,9. Within Intersection,1.75,1. Straight - Level,"2. Two-Way, Divided, Unprotected Median",1. Dry,R-VA134UR08737NB,3. No,Not SENIOR,Not SPEED,6PM TO 9PM,1,3. Traffic Signal,5.Hampton Roads,1. No Adverse Condition (Clear/Cloudy),2. No,Not YOUNG
Not ALCIHOL,Not UNBELTED,BIKE,2. Angle,5/24/2012,5/24/2012,22. Bicycle,930,B.Visiible Injury,Virginia Beach,Urban,22. Bicycle,9AM TO 12PM,134.Virginia Beach,,Not Intersection,Thursday,Not DEER,1,121505027,,1. On Roadway,,Not GUARDRAIL,Not HIT_RUN,1,3. Three Approaches,,0,0,Not LRTRUCK,2. Daylight,MAINLINE,,Not MOTORCYCLE,.,SEC_URBAN,1,Not PED,1,5,NOT-RD,9. Within Intersection,,1. Straight - Level,"1. Two-Way, Not Divided",1. Dry,U-VA134SC99999UK,3. No,Not SENIOR,Not SPEED,9AM TO 12PM,1,4. Stop Sign,5.Hampton Roads,1. No Adverse Condition (Clear/Cloudy),2. No,YOUNG
Not ALCIHOL,Not UNBELTED,BIKE,4. Sideswipe - Same Direction,5/25/2012,5/25/2012,19. Ped,1718,B.Visiible Injury,Norfolk,Urban,19. Ped,3PM TO 6PM,122.Norfolk,243,Intersection,Friday,Not DEER,1,122350197,"0.Two-way, non-divided",1. On Roadway,H.Urban Minor Arterial,Not GUARDRAIL,Not HIT_RUN,1,1. Not at Intersection,122350197,0,0,Not LRTRUCK,2. Daylight,MAINLINE,MAIN,Not MOTORCYCLE,483435.  SR00168       SR00168      12208620,PRI_URBAN,1,Not PED,1,5,NOT-RD,8. Non-Intersection,28.67,1. Straight - Level,"2. Two-Way, Divided, Unprotected Median",1. Dry,R-VA   SR00168SB,3. No,Not SENIOR,Not SPEED,3PM TO 6PM,1,6. Traffic Lanes Marked,5.Hampton Roads,1. No Adverse Condition (Clear/Cloudy),2. No,Not YOUNG
Not ALCIHOL,Not UNBELTED,BIKE,4. Sideswipe - Same Direction,5/26/2012,5/26/2012,6. Parked Vehicle,716,A.Ambulatory Injury,Hampton,Urban,6. Parked Vehicle,6AM TO 9AM,114.Hampton,"1,172",Intersection,Saturday,Not DEER,1,122410072,"1.Divided, no control of access",1. On Roadway,H.Urban Minor Arterial,Not GUARDRAIL,Not HIT_RUN,1,1. Not at Intersection,122410072,0,0,Not LRTRUCK,2. Daylight,MAINLINE,MAIN,Not MOTORCYCLE,253173.  SR00351       SR00351      11407039,PRI_URBAN,1,Not PED,1,5,NOT-RD,8. Non-Intersection,5.92,1. Straight - Level,"3. Two-Way, Divided, Positive Median Barrier",1. Dry,R-VA   SR00351WB,3. No,Not SENIOR,Not SPEED,6AM TO 9AM,1,1. No Traffic Control,5.Hampton Roads,1. No Adverse Condition (Clear/Cloudy),2. No,Not YOUNG
Not ALCIHOL,Not UNBELTED,BIKE,2. Angle,5/26/2012,5/26/2012,20. Motor Vehicle In Transport,1330,B.Visiible Injury,Accomack,Rural,20. Motor Vehicle In Transport,12PM TO 3PM,1.Accomack,16,Intersection,Saturday,Not DEER,1,121495080,"0.Two-way, non-divided",1. On Roadway,4.Rural Major Collector,Not GUARDRAIL,Not HIT_RUN,1,1. Not at Intersection,121495080,0,0,Not LRTRUCK,2. Daylight,MAINLINE,MAIN,Not MOTORCYCLE,105345.  0100679       0100679       0100795,VDOT_SEC,1,Not PED,1,5,NOT-RD,"13. Driveway, Alley-Access - Related",3.21,1. Straight - Level,"1. Two-Way, Not Divided",1. Dry,R-VA001SC00679NB,3. No,Not SENIOR,Not SPEED,12PM TO 3PM,1,1. No Traffic Control,5.Hampton Roads,1. No Adverse Condition (Clear/Cloudy),2. No,YOUNG