Alcohol Notalcohol,Belted Unbelted,Bike Nonbike,Collision Type,CRASH_DT (copy),Crash Dt,Crash Event Type Dsc,Crash Military Tm,Crash Severity,Juris Name Used,Area Type Used,First Harmful Event of Entire Crash,Time Slicing Used,Phy_Juris_Nm,Offset-Ft,Intersection Analysis,Day Of Week,Deer Nodeer,TOTAL CRASH,Document Nbr,FAC,First Harmful Event,FUN,Gr Nogr,Hitrun Not Hitrun,Injury Crashes,Intersection Type,Int Doc,K_CRASH,K People,Lgtruck Nonlgtruck,Light Condition,MAINLINE (group),Mainline Yn,Motor Nonmotor,Node Info,Ownership,Total People Killed & Injured,Ped Nonped,Persons Injured,VSP_Used,Rd Type,Relation To Roadway,Rns Mp,Roadway Alignment,Roadway Description,Roadway Surface Cond,Rte Nm,School Zone,Senior Notsenior,Speed Notspeed,Time Slicing,Total Crashes including Property Damage Only,Traffic Control Type,District_Used ,Weather Condition,Work Zone Related,Young Notyoung
ALCOHOL,Not UNBELTED,BIKE,2. Angle,5/26/2012,5/26/2012,20. Motor Vehicle In Transport,2142,A.Ambulatory Injury,Virginia Beach,Urban,20. Motor Vehicle In Transport,9PM TO 12AM,134.Virginia Beach,"2,682",Intersection,Saturday,Not DEER,1,121535180,"1.Divided, no control of access",1. On Roadway,E.Urban Other Principle Arterials; Connecting Links of Other Rural Principal Arterial,Not GUARDRAIL,Not HIT_RUN,1,1. Not at Intersection,121535180,0,0,Not LRTRUCK,4. Darkness - Road Lighted,MAINLINE,MAIN,Not MOTORCYCLE,541073.  SR00279       US00058       US00058      13408685,PRI_URBAN,1,Not PED,1,5,NOT-RD,8. Non-Intersection,504.80,5. Hillcrest - Straight,"2. Two-Way, Divided, Unprotected Median",1. Dry,R-VA   US00058WB,3. No,Not SENIOR,Not SPEED,9PM TO 12AM,1,6. Traffic Lanes Marked,5.Hampton Roads,1. No Adverse Condition (Clear/Cloudy),2. No,Not YOUNG
ALCOHOL,Not UNBELTED,BIKE,2. Angle,5/26/2012,5/26/2012,22. Bicycle,117,B.Visiible Injury,Norfolk,Urban,22. Bicycle,0AM TO 3AM,122.Norfolk,26,Intersection,Saturday,Not DEER,1,121800116,"0.Two-way, non-divided",1. On Roadway,E.Urban Other Principle Arterials; Connecting Links of Other Rural Principal Arterial,Not GUARDRAIL,HIT_RUN,1,4. Four Approaches,121800116,0,0,Not LRTRUCK,4. Darkness - Road Lighted,MAINLINE,MAIN,Not MOTORCYCLE,483312.  SR00165       SR00165       SR00194       SR00194,PRI_URBAN,1,Not PED,1,5,NOT-RD,10. Intersection Related - Within 150 Feet,35.98,1. Straight - Level,"1. Two-Way, Not Divided",1. Dry,R-VA   SR00165NB,3. No,Not SENIOR,Not SPEED,0AM TO 3AM,1,3. Traffic Signal,5.Hampton Roads,1. No Adverse Condition (Clear/Cloudy),2. No,Not YOUNG
Not ALCIHOL,Not UNBELTED,BIKE,2. Angle,5/28/2012,5/28/2012,22. Bicycle,1530,C.Non-Visible Injury,Norfolk,Urban,22. Bicycle,3PM TO 6PM,122.Norfolk,,Not Intersection,Monday,Not DEER,1,121810034,,1. On Roadway,,Not GUARDRAIL,Not HIT_RUN,1,3. Three Approaches,,0,0,Not LRTRUCK,2. Daylight,MAINLINE,,Not MOTORCYCLE,.,SEC_URBAN,1,Not PED,1,5,NOT-RD,9. Within Intersection,,1. Straight - Level,"1. Two-Way, Not Divided",1. Dry,U-VA122SC99999UK,3. No,Not SENIOR,Not SPEED,3PM TO 6PM,1,4. Stop Sign,5.Hampton Roads,1. No Adverse Condition (Clear/Cloudy),2. No,Not YOUNG
Not ALCIHOL,Not UNBELTED,BIKE,2. Angle,11/30/2011,11/30/2011,20. Motor Vehicle In Transport,1715,A.Ambulatory Injury,Virginia Beach,Urban,20. Motor Vehicle In Transport,3PM TO 6PM,134.Virginia Beach,26,Intersection,Wednesday,Not DEER,1,113375174,"1.Divided, no control of access",1. On Roadway,H.Urban Minor Arterial,Not GUARDRAIL,Not HIT_RUN,1,4. Four Approaches,113375174,0,0,Not LRTRUCK,3. Dusk,MAINLINE,MAIN,Not MOTORCYCLE,541672. 13408685      13408685      13408726      13408726,SEC_URBAN,1,Not PED,1,5,NOT-RD,"15. Other Crossing (Crossing for Bikes, School, etc.)",3.40,1. Straight - Level,"1. Two-Way, Not Divided",1. Dry,R-VA134UR08685NB,3. No,Not SENIOR,Not SPEED,3PM TO 6PM,1,3. Traffic Signal,5.Hampton Roads,1. No Adverse Condition (Clear/Cloudy),2. No,Not YOUNG
ALCOHOL,Not UNBELTED,BIKE,2. Angle,11/30/2011,11/30/2011,22. Bicycle,1617,C.Non-Visible Injury,Newport News,Urban,22. Bicycle,3PM TO 6PM,121.Newport News,0,Intersection,Wednesday,Not DEER,1,120250026,"4.One-way, part of a one-way system",1. On Roadway,H.Urban Minor Arterial,Not GUARDRAIL,Not HIT_RUN,1,3. Three Approaches,120250026,0,0,Not LRTRUCK,3. Dusk,MAINLINE,MAIN,Not MOTORCYCLE,723786. 4US00060P     4US00060P,PRI_URBAN,1,Not PED,1,5,NOT-RD,10. Intersection Related - Within 150 Feet,0.44,3. Grade - Straight,"4. One-Way, Not Divided",1. Dry,R-VA   US00060PA004,3. No,Not SENIOR,Not SPEED,3PM TO 6PM,1,1. No Traffic Control,5.Hampton Roads,1. No Adverse Condition (Clear/Cloudy),2. No,Not YOUNG
Not ALCIHOL,Not UNBELTED,BIKE,2. Angle,12/2/2011,12/2/2011,22. Bicycle,1426,C.Non-Visible Injury,Portsmouth,Urban,22. Bicycle,12PM TO 3PM,124.Portsmouth,5,Intersection,Friday,Not DEER,1,120605384,"1.Divided, no control of access",1. On Roadway,I.Urban Collector,Not GUARDRAIL,Not HIT_RUN,1,4. Four Approaches,120605384,0,0,Not LRTRUCK,2. Daylight,MAINLINE,MAIN,Not MOTORCYCLE,723529. 12408525      12408525,SEC_URBAN,1,Not PED,1,5,NOT-RD,1. Main-Line Roadway,1.93,5. Hillcrest - Straight,"2. Two-Way, Divided, Unprotected Median",1. Dry,R-VA124UR08525SB,3. No,Not SENIOR,Not SPEED,12PM TO 3PM,1,3. Traffic Signal,5.Hampton Roads,1. No Adverse Condition (Clear/Cloudy),2. No,Not YOUNG
Not ALCIHOL,Not UNBELTED,BIKE,2. Angle,12/3/2011,12/3/2011,20. Motor Vehicle In Transport,1630,C.Non-Visible Injury,Norfolk,Urban,20. Motor Vehicle In Transport,3PM TO 6PM,122.Norfolk,32,Intersection,Saturday,Not DEER,1,120050174,"0.Two-way, non-divided",1. On Roadway,I.Urban Collector,Not GUARDRAIL,Not HIT_RUN,1,3. Three Approaches,120050174,0,0,Not LRTRUCK,2. Daylight,MAINLINE,MAIN,Not MOTORCYCLE,483460.  SR00170       SR00170      12208629,SEC_URBAN,1,Not PED,1,5,NOT-RD,9. Within Intersection,0.01,1. Straight - Level,"2. Two-Way, Divided, Unprotected Median",1. Dry,R-VA122UR08629SB,3. No,Not SENIOR,Not SPEED,3PM TO 6PM,1,3. Traffic Signal,5.Hampton Roads,1. No Adverse Condition (Clear/Cloudy),2. No,Not YOUNG
Not ALCIHOL,Not UNBELTED,BIKE,2. Angle,12/5/2011,12/5/2011,20. Motor Vehicle In Transport,715,A.Ambulatory Injury,York,Urban,20. Motor Vehicle In Transport,6AM TO 9AM,99.York,570,Intersection,Monday,Not DEER,1,113415125,"0.Two-way, non-divided",1. On Roadway,H.Urban Minor Arterial,Not GUARDRAIL,Not HIT_RUN,1,1. Not at Intersection,113415125,0,0,Not LRTRUCK,2. Daylight,MAINLINE,MAIN,Not MOTORCYCLE,671002.  9900600       9900600       SR00171       SR00171,VDOT_PRI,1,Not PED,1,5,NOT-RD,8. Non-Intersection,3.69,1. Straight - Level,"1. Two-Way, Not Divided",1. Dry,R-VA   SR00171EB,3. No,Not SENIOR,Not SPEED,6AM TO 9AM,1,6. Traffic Lanes Marked,5.Hampton Roads,1. No Adverse Condition (Clear/Cloudy),2. No,YOUNG
Not ALCIHOL,Not UNBELTED,BIKE,2. Angle,5/31/2012,5/31/2012,20. Motor Vehicle In Transport,1721,C.Non-Visible Injury,James City,Urban,20. Motor Vehicle In Transport,3PM TO 6PM,47.James City,0,Intersection,Thursday,Not DEER,1,121785174,"0.Two-way, non-divided",1. On Roadway,J.Urban Local,Not GUARDRAIL,Not HIT_RUN,1,4. Four Approaches,121785174,0,0,Not LRTRUCK,2. Daylight,MAINLINE,MAIN,Not MOTORCYCLE,734198.  4701050       4701050       4701052,VDOT_SEC,1,Not PED,1,5,NOT-RD,9. Within Intersection,0.73,1. Straight - Level,"3. Two-Way, Divided, Positive Median Barrier",1. Dry,R-VA047SC01050EB,3. No,SENIOR,SPEED,3PM TO 6PM,1,4. Stop Sign,5.Hampton Roads,1. No Adverse Condition (Clear/Cloudy),2. No,Not YOUNG
Not ALCIHOL,Not UNBELTED,BIKE,2. Angle,12/7/2011,12/7/2011,22. Bicycle,1015,B.Visiible Injury,Newport News,Urban,22. Bicycle,9AM TO 12PM,121.Newport News,100,Intersection,Wednesday,Not DEER,1,120330036,"0.Two-way, non-divided",1. On Roadway,H.Urban Minor Arterial,Not GUARDRAIL,Not HIT_RUN,1,3. Three Approaches,120330036,0,0,Not LRTRUCK,2. Daylight,MAINLINE,MAIN,Not MOTORCYCLE,910003.  SR00173       SR00173      12100019,PRI_URBAN,1,Not PED,1,5,NOT-RD,9. Within Intersection,2.62,2. Curve - Level,"3. Two-Way, Divided, Positive Median Barrier",1. Dry,R-VA   SR00173EB,3. No,Not SENIOR,Not SPEED,9AM TO 12PM,1,4. Stop Sign,5.Hampton Roads,1. No Adverse Condition (Clear/Cloudy),2. No,Not YOUNG
Not ALCIHOL,Not UNBELTED,BIKE,16. Other,12/7/2011,12/7/2011,39. Fell/Jumped From Vehicle,638,B.Visiible Injury,Chesapeake,Urban,39. Fell/Jumped From Vehicle,6AM TO 9AM,131.Chesapeake,"1,267",Intersection,Wednesday,Not DEER,1,120110022,"0.Two-way, non-divided",1. On Roadway,I.Urban Collector,Not GUARDRAIL,Not HIT_RUN,1,4. Four Approaches,120110022,0,0,Not LRTRUCK,4. Darkness - Road Lighted,MAINLINE,MAIN,Not MOTORCYCLE,483784.  US00460       US00460      13108622,SEC_URBAN,1,Not PED,1,5,NOT-RD,9. Within Intersection,0.24,1. Straight - Level,"1. Two-Way, Not Divided",1. Dry,R-VA131UR08622WB,3. No,SENIOR,Not SPEED,6AM TO 9AM,1,4. Stop Sign,5.Hampton Roads,1. No Adverse Condition (Clear/Cloudy),2. No,Not YOUNG
Not ALCIHOL,Not UNBELTED,BIKE,2. Angle,6/1/2012,6/1/2012,20. Motor Vehicle In Transport,1111,B.Visiible Injury,Chesapeake,Urban,20. Motor Vehicle In Transport,9AM TO 12PM,131.Chesapeake,528,Intersection,Friday,Not DEER,1,121780134,"1.Divided, no control of access",1. On Roadway,H.Urban Minor Arterial,Not GUARDRAIL,Not HIT_RUN,1,3. Three Approaches,121780134,0,0,Not LRTRUCK,2. Daylight,MAINLINE,MAIN,Not MOTORCYCLE,484713. 13108640      13108640      13108645      13108645,SEC_URBAN,1,Not PED,1,5,NOT-RD,9. Within Intersection,2.10,1. Straight - Level,"1. Two-Way, Not Divided",1. Dry,R-VA131UR08640EB,3. No,Not SENIOR,Not SPEED,9AM TO 12PM,1,4. Stop Sign,5.Hampton Roads,1. No Adverse Condition (Clear/Cloudy),2. No,Not YOUNG
ALCOHOL,Not UNBELTED,BIKE,16. Other,6/1/2012,6/1/2012,22. Bicycle,2005,B.Visiible Injury,Virginia Beach,Urban,22. Bicycle,6PM TO 9PM,134.Virginia Beach,53,Intersection,Friday,Not DEER,1,121565222,"0.Two-way, non-divided",1. On Roadway,I.Urban Collector,Not GUARDRAIL,Not HIT_RUN,1,4. Four Approaches,121565222,0,0,Not LRTRUCK,3. Dusk,MAINLINE,MAIN,Not MOTORCYCLE,542019. 13408723      13408723      13408724,SEC_URBAN,1,Not PED,1,5,NOT-RD,9. Within Intersection,0.01,1. Straight - Level,"2. Two-Way, Divided, Unprotected Median",1. Dry,R-VA134UR08724WB,3. No,Not SENIOR,Not SPEED,6PM TO 9PM,1,3. Traffic Signal,5.Hampton Roads,1. No Adverse Condition (Clear/Cloudy),2. No,Not YOUNG
Not ALCIHOL,Not UNBELTED,BIKE,4. Sideswipe - Same Direction,6/2/2012,6/2/2012,22. Bicycle,815,A.Ambulatory Injury,Virginia Beach,Urban,22. Bicycle,6AM TO 9AM,134.Virginia Beach,"5,782",Intersection,Saturday,Not DEER,1,121565155,"1.Divided, no control of access",1. On Roadway,E.Urban Other Principle Arterials; Connecting Links of Other Rural Principal Arterial,Not GUARDRAIL,Not HIT_RUN,1,1. Not at Intersection,121565155,0,0,Not LRTRUCK,2. Daylight,MAINLINE,MAIN,Not MOTORCYCLE,541119.  SR00279       US00060       US00060,PRI_URBAN,1,Not PED,1,5,NOT-RD,8. Non-Intersection,292.78,3. Grade - Straight,"3. Two-Way, Divided, Positive Median Barrier",1. Dry,R-VA   US00060EB,3. No,Not SENIOR,Not SPEED,6AM TO 9AM,1,6. Traffic Lanes Marked,5.Hampton Roads,1. No Adverse Condition (Clear/Cloudy),2. No,Not YOUNG
Not ALCIHOL,Not UNBELTED,BIKE,2. Angle,6/2/2012,6/2/2012,22. Bicycle,1011,C.Non-Visible Injury,Norfolk,Urban,22. Bicycle,9AM TO 12PM,122.Norfolk,,Not Intersection,Saturday,Not DEER,1,121800161,,1. On Roadway,,Not GUARDRAIL,Not HIT_RUN,1,3. Three Approaches,,0,0,Not LRTRUCK,2. Daylight,MAINLINE,,Not MOTORCYCLE,.,SEC_URBAN,1,Not PED,1,5,NOT-RD,9. Within Intersection,,1. Straight - Level,"1. Two-Way, Not Divided",1. Dry,U-VA122SC99999UK,3. No,Not SENIOR,Not SPEED,9AM TO 12PM,1,4. Stop Sign,5.Hampton Roads,1. No Adverse Condition (Clear/Cloudy),2. No,Not YOUNG
Not ALCIHOL,Not UNBELTED,BIKE,2. Angle,6/2/2012,6/2/2012,22. Bicycle,1745,B.Visiible Injury,Virginia Beach,Urban,22. Bicycle,3PM TO 6PM,134.Virginia Beach,37,Intersection,Saturday,Not DEER,1,121615096,"0.Two-way, non-divided",1. On Roadway,I.Urban Collector,Not GUARDRAIL,Not HIT_RUN,1,4. Four Approaches,121615096,0,0,Not LRTRUCK,2. Daylight,MAINLINE,MAIN,Not MOTORCYCLE,541839. 13408711      13408711      13408747      13408816,SEC_URBAN,2,Not PED,2,5,NOT-RD,9. Within Intersection,1.01,1. Straight - Level,"1. Two-Way, Not Divided",1. Dry,R-VA134UR08747SB,3. No,Not SENIOR,Not SPEED,3PM TO 6PM,1,3. Traffic Signal,5.Hampton Roads,1. No Adverse Condition (Clear/Cloudy),2. No,YOUNG
Not ALCIHOL,Not UNBELTED,BIKE,2. Angle,6/2/2012,6/2/2012,22. Bicycle,1329,A.Ambulatory Injury,Newport News,Urban,22. Bicycle,12PM TO 3PM,121.Newport News,"1,373",Intersection,Saturday,Not DEER,1,122510063,"0.Two-way, non-divided",1. On Roadway,I.Urban Collector,Not GUARDRAIL,Not HIT_RUN,1,3. Three Approaches,122510063,0,0,Not LRTRUCK,2. Daylight,MAINLINE,MAIN,Not MOTORCYCLE,646201. 12107007      12107007      12107040      12107040,SEC_URBAN,1,Not PED,1,5,NOT-RD,9. Within Intersection,1.13,1. Straight - Level,"2. Two-Way, Divided, Unprotected Median",1. Dry,R-VA121UR07007NB,3. No,SENIOR,Not SPEED,12PM TO 3PM,1,1. No Traffic Control,5.Hampton Roads,1. No Adverse Condition (Clear/Cloudy),2. No,Not YOUNG
Not ALCIHOL,Not UNBELTED,BIKE,4. Sideswipe - Same Direction,6/4/2012,6/4/2012,22. Bicycle,1251,B.Visiible Injury,Hampton,Urban,22. Bicycle,12PM TO 3PM,114.Hampton,"1,901",Intersection,Monday,Not DEER,1,122620040,"0.Two-way, non-divided",4. Roadside,H.Urban Minor Arterial,Not GUARDRAIL,Not HIT_RUN,1,1. Not at Intersection,122620040,0,0,Not LRTRUCK,2. Daylight,MAINLINE,MAIN,Not MOTORCYCLE,253012.  US00060       US00060      11407035      11407035,PRI_URBAN,1,Not PED,1,5,NOT-RD,8. Non-Intersection,272.28,1. Straight - Level,"2. Two-Way, Divided, Unprotected Median",1. Dry,R-VA   US00060EB,3. No,Not SENIOR,Not SPEED,12PM TO 3PM,1,13. Other,5.Hampton Roads,1. No Adverse Condition (Clear/Cloudy),2. No,Not YOUNG
Not ALCIHOL,Not UNBELTED,BIKE,2. Angle,6/6/2012,6/6/2012,20. Motor Vehicle In Transport,1613,B.Visiible Injury,Chesapeake,Urban,20. Motor Vehicle In Transport,3PM TO 6PM,131.Chesapeake,248,Intersection,Wednesday,Not DEER,1,121800097,"0.Two-way, non-divided",1. On Roadway,H.Urban Minor Arterial,Not GUARDRAIL,Not HIT_RUN,1,1. Not at Intersection,121800097,0,0,Not LRTRUCK,2. Daylight,MAINLINE,MAIN,Not MOTORCYCLE,483678.  SR00337       SR00337       US00460       US00460,PRI_URBAN,2,Not PED,2,5,NOT-RD,10. Intersection Related - Within 150 Feet,395.90,1. Straight - Level,"1. Two-Way, Not Divided",1. Dry,R-VA   US00460EB,3. No,Not SENIOR,Not SPEED,3PM TO 6PM,1,4. Stop Sign,5.Hampton Roads,1. No Adverse Condition (Clear/Cloudy),2. No,Not YOUNG
Not ALCIHOL,Not UNBELTED,BIKE,16. Other,6/8/2012,6/8/2012,20. Motor Vehicle In Transport,1546,A.Ambulatory Injury,Virginia Beach,Urban,20. Motor Vehicle In Transport,3PM TO 6PM,134.Virginia Beach,,Not Intersection,Friday,Not DEER,1,121615192,,1. On Roadway,,Not GUARDRAIL,Not HIT_RUN,1,4. Four Approaches,,0,0,Not LRTRUCK,2. Daylight,MAINLINE,,Not MOTORCYCLE,.,SEC_URBAN,1,Not PED,1,5,NOT-RD,9. Within Intersection,,1. Straight - Level,"1. Two-Way, Not Divided",1. Dry,R-VA134UR08681SB,3. No,Not SENIOR,Not SPEED,3PM TO 6PM,1,6. Traffic Lanes Marked,5.Hampton Roads,1. No Adverse Condition (Clear/Cloudy),2. No,YOUNG
Not ALCIHOL,Not UNBELTED,BIKE,2. Angle,6/9/2012,6/9/2012,19. Ped,1053,C.Non-Visible Injury,Norfolk,Urban,19. Ped,9AM TO 12PM,122.Norfolk,16,Intersection,Saturday,Not DEER,1,122080052,"4.One-way, part of a one-way system",1. On Roadway,H.Urban Minor Arterial,Not GUARDRAIL,Not HIT_RUN,1,3. Three Approaches,122080052,0,0,Not LRTRUCK,2. Daylight,MAINLINE,MAIN,Not MOTORCYCLE,483541.  SR00247       SR00247      12208567      12208567,PRI_URBAN,1,Not PED,1,5,NOT-RD,9. Within Intersection,0.73,1. Straight - Level,"4. One-Way, Not Divided",1. Dry,R-VA   SR00247EB,3. No,SENIOR,Not SPEED,9AM TO 12PM,1,14. Ped Crosswalk,5.Hampton Roads,1. No Adverse Condition (Clear/Cloudy),2. No,Not YOUNG
Not ALCIHOL,Not UNBELTED,BIKE,3. Head On,6/10/2012,6/10/2012,19. Ped,2110,C.Non-Visible Injury,Newport News,Urban,19. Ped,9PM TO 12AM,121.Newport News,517,Intersection,Sunday,Not DEER,1,122890117,"1.Divided, no control of access",1. On Roadway,E.Urban Other Principle Arterials; Connecting Links of Other Rural Principal Arterial,Not GUARDRAIL,Not HIT_RUN,1,4. Four Approaches,122890117,0,0,Not LRTRUCK,4. Darkness - Road Lighted,MAINLINE,MAIN,Not MOTORCYCLE,756246.  US00017       US00017       US00258W059B,PRI_URBAN,1,Not PED,1,5,RD-UNKNOWN,2. Acceleration/Deceleration Lanes,51.29,1. Straight - Level,"1. Two-Way, Not Divided",1. Dry,R-VA   US00017NB,3. No,Not SENIOR,Not SPEED,9PM TO 12AM,1,1. No Traffic Control,5.Hampton Roads,1. No Adverse Condition (Clear/Cloudy),2. No,Not YOUNG
Not ALCIHOL,Not UNBELTED,BIKE,2. Angle,12/13/2011,12/13/2011,22. Bicycle,805,C.Non-Visible Injury,Hampton,Urban,22. Bicycle,6AM TO 9AM,114.Hampton,"1,283",Intersection,Tuesday,Not DEER,1,120400591,"0.Two-way, non-divided",2. Shoulder,H.Urban Minor Arterial,Not GUARDRAIL,Not HIT_RUN,1,1. Not at Intersection,120400591,0,0,Not LRTRUCK,2. Daylight,MAINLINE,MAIN,Not MOTORCYCLE,253115.  SR00169       SR00169      11407055,PRI_URBAN,1,Not PED,1,5,NOT-RD,8. Non-Intersection,5.85,1. Straight - Level,"1. Two-Way, Not Divided",1. Dry,R-VA   SR00169NB,3. No,Not SENIOR,Not SPEED,6AM TO 9AM,1,1. No Traffic Control,5.Hampton Roads,1. No Adverse Condition (Clear/Cloudy),2. No,Not YOUNG
Not ALCIHOL,Not UNBELTED,BIKE,16. Other,6/12/2012,6/12/2012,22. Bicycle,1222,C.Non-Visible Injury,Newport News,Urban,22. Bicycle,12PM TO 3PM,121.Newport News,"1,700",Intersection,Tuesday,Not DEER,1,122230012,"0.Two-way, non-divided",2. Shoulder,I.Urban Collector,Not GUARDRAIL,Not HIT_RUN,1,3. Three Approaches,122230012,0,0,Not LRTRUCK,2. Daylight,MAINLINE,MAIN,Not MOTORCYCLE,646117.  SR00143       SR00143      12100019      12100019,SEC_URBAN,1,Not PED,1,5,NOT-RD,10. Intersection Related - Within 150 Feet,1.28,1. Straight - Level,"1. Two-Way, Not Divided",1. Dry,R-VA121UR00019NB,3. No,Not SENIOR,Not SPEED,12PM TO 3PM,1,4. Stop Sign,5.Hampton Roads,1. No Adverse Condition (Clear/Cloudy),2. No,Not YOUNG
Not ALCIHOL,Not UNBELTED,BIKE,2. Angle,6/12/2012,6/12/2012,22. Bicycle,1526,A.Ambulatory Injury,Poquoson,Urban,22. Bicycle,3PM TO 6PM,147.Poquoson,"3,485",Intersection,Tuesday,Not DEER,1,121675408,"0.Two-way, non-divided",1. On Roadway,I.Urban Collector,Not GUARDRAIL,Not HIT_RUN,1,4. Four Approaches,121675408,0,0,Not LRTRUCK,2. Daylight,MAINLINE,MAIN,Not MOTORCYCLE,672323.  SR00172      14707043      14707046,SEC_URBAN,1,Not PED,1,5,NOT-RD,9. Within Intersection,0.66,1. Straight - Level,"1. Two-Way, Not Divided",1. Dry,R-VA147UR07046EB,3. No,SENIOR,Not SPEED,3PM TO 6PM,1,1. No Traffic Control,5.Hampton Roads,1. No Adverse Condition (Clear/Cloudy),2. No,Not YOUNG
Not ALCIHOL,Not UNBELTED,BIKE,2. Angle,2/7/2015,2/7/2015,22. Bicycle,1145,A.Ambulatory Injury,Hampton,Urban,22. Bicycle,9AM TO 12PM,114.Hampton,26,Intersection,Saturday,Not DEER,1,150565880,"1.Divided, no control of access",2. Shoulder,E.Urban Other Principle Arterials; Connecting Links of Other Rural Principal Arterial,Not GUARDRAIL,HIT_RUN,1,1. Not at Intersection,150565880,0,0,Not LRTRUCK,2. Daylight,MAINLINE,MAIN,Not MOTORCYCLE,50659.  IS00064E263A  US00258       US00258,PRI_URBAN,1,Not PED,1,5,NOT-RD,6. Intersection at end of Ramp,62.44,1. Straight - Level,"3. Two-Way, Divided, Positive Median Barrier",1. Dry,R-VA   US00258WB,3. No,Not SENIOR,Not SPEED,9AM TO 12PM,1,6. Traffic Lanes Marked,5.Hampton Roads,1. No Adverse Condition (Clear/Cloudy),2. No,Not YOUNG
Not ALCIHOL,Not UNBELTED,BIKE,16. Other,6/13/2012,6/13/2012,20. Motor Vehicle In Transport,1754,B.Visiible Injury,Virginia Beach,Urban,20. Motor Vehicle In Transport,3PM TO 6PM,134.Virginia Beach,26,Intersection,Wednesday,Not DEER,1,121735018,"0.Two-way, non-divided",1. On Roadway,H.Urban Minor Arterial,Not GUARDRAIL,Not HIT_RUN,1,4. Four Approaches,121735018,0,0,Not LRTRUCK,2. Daylight,MAINLINE,MAIN,Not MOTORCYCLE,542150. 13408733      13408733      13408742,SEC_URBAN,1,Not PED,1,5,NOT-RD,9. Within Intersection,1.24,1. Straight - Level,"1. Two-Way, Not Divided",1. Dry,R-VA134UR08733SB,3. No,Not SENIOR,Not SPEED,3PM TO 6PM,1,6. Traffic Lanes Marked,5.Hampton Roads,1. No Adverse Condition (Clear/Cloudy),2. No,Not YOUNG
Not ALCIHOL,Not UNBELTED,BIKE,2. Angle,6/13/2012,6/13/2012,22. Bicycle,1300,B.Visiible Injury,Norfolk,Urban,22. Bicycle,12PM TO 3PM,122.Norfolk,26,Intersection,Wednesday,Not DEER,1,121980073,"0.Two-way, non-divided",1. On Roadway,H.Urban Minor Arterial,Not GUARDRAIL,Not HIT_RUN,1,4. Four Approaches,121980073,0,0,LRTRUCK,2. Daylight,MAINLINE,MAIN,Not MOTORCYCLE,483498.  SR00194       SR00194      12208618      12208618,SEC_URBAN,1,Not PED,1,5,NOT-RD,9. Within Intersection,1.14,1. Straight - Level,"3. Two-Way, Divided, Positive Median Barrier",1. Dry,R-VA122UR08618EB,3. No,Not SENIOR,Not SPEED,12PM TO 3PM,1,3. Traffic Signal,5.Hampton Roads,1. No Adverse Condition (Clear/Cloudy),2. No,YOUNG
Not ALCIHOL,Not UNBELTED,BIKE,2. Angle,6/14/2012,6/14/2012,22. Bicycle,2100,C.Non-Visible Injury,Chincoteaque,Rural,22. Bicycle,6PM TO 9PM,190.Chincoteaque,380,Intersection,Thursday,Not DEER,1,122235138,"0.Two-way, non-divided",1. On Roadway,5.Rural Minor Collector,Not GUARDRAIL,Not HIT_RUN,1,3. Three Approaches,122235138,0,0,Not LRTRUCK,5. Darkness - Road Not Lighted,MAINLINE,MAIN,Not MOTORCYCLE,105966. 19000002      19000002      19000003,VDOT_SEC,1,Not PED,1,5,NOT-RD,9. Within Intersection,1.71,1. Straight - Level,"1. Two-Way, Not Divided","11. Sand, Dirt, Gravel",R-VA190UR00002NB,3. No,Not SENIOR,Not SPEED,6PM TO 9PM,1,1. No Traffic Control,5.Hampton Roads,1. No Adverse Condition (Clear/Cloudy),2. No,Not YOUNG
Not ALCIHOL,Not UNBELTED,BIKE,2. Angle,6/14/2012,6/14/2012,22. Bicycle,1310,C.Non-Visible Injury,Norfolk,Urban,22. Bicycle,12PM TO 3PM,122.Norfolk,898,Intersection,Thursday,Not DEER,1,121990179,"1.Divided, no control of access",1. On Roadway,H.Urban Minor Arterial,Not GUARDRAIL,HIT_RUN,1,4. Four Approaches,121990179,0,0,Not LRTRUCK,2. Daylight,MAINLINE,MAIN,Not MOTORCYCLE,483812.  IS00264W012A  SR00405       SR00405       SR00405 000B,PRI_URBAN,1,Not PED,1,5,NOT-RD,9. Within Intersection,0.21,1. Straight - Level,"2. Two-Way, Divided, Unprotected Median",1. Dry,R-VA   SR00405SB,3. No,Not SENIOR,Not SPEED,12PM TO 3PM,1,3. Traffic Signal,5.Hampton Roads,1. No Adverse Condition (Clear/Cloudy),2. No,Not YOUNG
Not ALCIHOL,Not UNBELTED,BIKE,16. Other,6/15/2012,6/15/2012,22. Bicycle,1906,B.Visiible Injury,Virginia Beach,Urban,22. Bicycle,6PM TO 9PM,134.Virginia Beach,,Not Intersection,Friday,Not DEER,1,121715018,,1. On Roadway,,Not GUARDRAIL,Not HIT_RUN,1,1. Not at Intersection,,0,0,Not LRTRUCK,2. Daylight,MAINLINE,,Not MOTORCYCLE,.,SEC_URBAN,1,Not PED,1,5,NOT-RD,8. Non-Intersection,,1. Straight - Level,"1. Two-Way, Not Divided",1. Dry,U-VA134SC99999UK,3. No,Not SENIOR,Not SPEED,6PM TO 9PM,1,1. No Traffic Control,5.Hampton Roads,1. No Adverse Condition (Clear/Cloudy),2. No,YOUNG