Alcohol Notalcohol,Belted Unbelted,Bike Nonbike,Collision Type,CRASH_DT (copy),Crash Dt,Crash Event Type Dsc,Crash Military Tm,Crash Severity,Juris Name Used,Area Type Used,First Harmful Event of Entire Crash,Time Slicing Used,Phy_Juris_Nm,Offset-Ft,Intersection Analysis,Day Of Week,Deer Nodeer,TOTAL CRASH,Document Nbr,FAC,First Harmful Event,FUN,Gr Nogr,Hitrun Not Hitrun,Injury Crashes,Intersection Type,Int Doc,K_CRASH,K People,Lgtruck Nonlgtruck,Light Condition,MAINLINE (group),Mainline Yn,Motor Nonmotor,Node Info,Ownership,Total People Killed & Injured,Ped Nonped,Persons Injured,VSP_Used,Rd Type,Relation To Roadway,Rns Mp,Roadway Alignment,Roadway Description,Roadway Surface Cond,Rte Nm,School Zone,Senior Notsenior,Speed Notspeed,Time Slicing,Total Crashes including Property Damage Only,Traffic Control Type,District_Used ,Weather Condition,Work Zone Related,Young Notyoung
Not ALCIHOL,Not UNBELTED,BIKE,2. Angle,12/15/2011,12/15/2011,22. Bicycle,1800,A.Ambulatory Injury,Norfolk,Urban,22. Bicycle,3PM TO 6PM,122.Norfolk,269,Intersection,Thursday,Not DEER,1,120170391,"0.Two-way, non-divided",1. On Roadway,I.Urban Collector,Not GUARDRAIL,Not HIT_RUN,1,4. Four Approaches,120170391,0,0,Not LRTRUCK,4. Darkness - Road Lighted,MAINLINE,MAIN,Not MOTORCYCLE,485140. 12208564      12208564      12208565      12208565,SEC_URBAN,1,Not PED,1,5,NOT-RD,9. Within Intersection,1.61,1. Straight - Level,"1. Two-Way, Not Divided",1. Dry,R-VA122UR08565NB,3. No,Not SENIOR,Not SPEED,3PM TO 6PM,1,4. Stop Sign,5.Hampton Roads,1. No Adverse Condition (Clear/Cloudy),2. No,Not YOUNG
Not ALCIHOL,Not UNBELTED,BIKE,2. Angle,12/15/2011,12/15/2011,22. Bicycle,2000,B.Visiible Injury,Virginia Beach,Urban,22. Bicycle,6PM TO 9PM,134.Virginia Beach,0,Intersection,Thursday,Not DEER,1,113515191,,1. On Roadway,,Not GUARDRAIL,Not HIT_RUN,1,4. Four Approaches,113515191,0,0,Not LRTRUCK,4. Darkness - Road Lighted,MAINLINE,,Not MOTORCYCLE,541256. 13400009      13400009      13408817,SEC_URBAN,1,Not PED,1,5,NOT-RD,9. Within Intersection,1.60,1. Straight - Level,"1. Two-Way, Not Divided",1. Dry,R-VA134UR08817WB,3. No,Not SENIOR,Not SPEED,6PM TO 9PM,1,3. Traffic Signal,5.Hampton Roads,1. No Adverse Condition (Clear/Cloudy),2. No,Not YOUNG
Not ALCIHOL,Not UNBELTED,BIKE,2. Angle,12/15/2011,12/15/2011,22. Bicycle,1827,B.Visiible Injury,Norfolk,Urban,22. Bicycle,6PM TO 9PM,122.Norfolk,21,Intersection,Thursday,Not DEER,1,120170392,"0.Two-way, non-divided",1. On Roadway,H.Urban Minor Arterial,Not GUARDRAIL,Not HIT_RUN,1,4. Four Approaches,120170392,0,0,Not LRTRUCK,4. Darkness - Road Lighted,MAINLINE,MAIN,Not MOTORCYCLE,485086. 12208563      12208563      12208572      12208572,SEC_URBAN,1,Not PED,1,5,NOT-RD,9. Within Intersection,0.80,1. Straight - Level,"1. Two-Way, Not Divided",1. Dry,R-VA122UR08572WB,3. No,SENIOR,Not SPEED,6PM TO 9PM,1,3. Traffic Signal,5.Hampton Roads,1. No Adverse Condition (Clear/Cloudy),2. No,Not YOUNG
Not ALCIHOL,Not UNBELTED,BIKE,2. Angle,6/20/2012,6/20/2012,20. Motor Vehicle In Transport,2015,PDO.Property Damage Only,Hampton,Urban,20. Motor Vehicle In Transport,6PM TO 9PM,114.Hampton,,Not Intersection,Wednesday,Not DEER,1,122570028,,1. On Roadway,,Not GUARDRAIL,Not HIT_RUN,0,4. Four Approaches,,0,0,Not LRTRUCK,3. Dusk,MAINLINE,,Not MOTORCYCLE,.,SEC_URBAN,0,Not PED,0,5,NOT-RD,9. Within Intersection,,1. Straight - Level,"1. Two-Way, Not Divided",1. Dry,U-VA114SC99999UK,3. No,Not SENIOR,SPEED,6PM TO 9PM,1,4. Stop Sign,5.Hampton Roads,1. No Adverse Condition (Clear/Cloudy),2. No,YOUNG
Not ALCIHOL,Not UNBELTED,BIKE,4. Sideswipe - Same Direction,6/21/2012,6/21/2012,22. Bicycle,1240,B.Visiible Injury,Hampton,Urban,22. Bicycle,12PM TO 3PM,114.Hampton,375,Intersection,Thursday,Not DEER,1,122840035,"0.Two-way, non-divided",1. On Roadway,H.Urban Minor Arterial,Not GUARDRAIL,Not HIT_RUN,1,1. Not at Intersection,122840035,0,0,Not LRTRUCK,2. Daylight,MAINLINE,MAIN,Not MOTORCYCLE,253117.  SR00169       SR00169      11407041,PRI_URBAN,1,Not PED,1,5,NOT-RD,10. Intersection Related - Within 150 Feet,6.03,1. Straight - Level,"2. Two-Way, Divided, Unprotected Median",1. Dry,R-VA   SR00169NB,3. No,SENIOR,Not SPEED,12PM TO 3PM,1,6. Traffic Lanes Marked,5.Hampton Roads,1. No Adverse Condition (Clear/Cloudy),2. No,Not YOUNG
Not ALCIHOL,Not UNBELTED,BIKE,2. Angle,6/22/2012,6/22/2012,22. Bicycle,1630,B.Visiible Injury,Newport News,Urban,22. Bicycle,3PM TO 6PM,121.Newport News,"1,478",Intersection,Friday,Not DEER,1,122080205,"1.Divided, no control of access",1. On Roadway,E.Urban Other Principle Arterials; Connecting Links of Other Rural Principal Arterial,Not GUARDRAIL,Not HIT_RUN,1,4. Four Approaches,122080205,0,0,Not LRTRUCK,2. Daylight,MAINLINE,MAIN,Not MOTORCYCLE,646008.  SR00152       SR00152       US00017       US00017,PRI_URBAN,1,Not PED,1,5,NOT-RD,10. Intersection Related - Within 150 Feet,52.72,1. Straight - Level,"3. Two-Way, Divided, Positive Median Barrier",1. Dry,R-VA   US00017SB,3. No,Not SENIOR,Not SPEED,3PM TO 6PM,1,4. Stop Sign,5.Hampton Roads,1. No Adverse Condition (Clear/Cloudy),2. No,Not YOUNG
Not ALCIHOL,Not UNBELTED,BIKE,2. Angle,6/23/2012,6/23/2012,22. Bicycle,1107,B.Visiible Injury,Virginia Beach,Urban,22. Bicycle,9AM TO 12PM,134.Virginia Beach,116,Intersection,Saturday,Not DEER,1,122045081,"0.Two-way, non-divided",1. On Roadway,H.Urban Minor Arterial,Not GUARDRAIL,Not HIT_RUN,1,4. Four Approaches,122045081,0,0,Not LRTRUCK,2. Daylight,MAINLINE,MAIN,Not MOTORCYCLE,541940. 13408717      13408717      13408739      13408739,SEC_URBAN,1,Not PED,1,5,NOT-RD,9. Within Intersection,1.46,1. Straight - Level,"3. Two-Way, Divided, Positive Median Barrier",1. Dry,R-VA134UR08739SB,3. No,Not SENIOR,Not SPEED,9AM TO 12PM,1,3. Traffic Signal,5.Hampton Roads,1. No Adverse Condition (Clear/Cloudy),2. No,Not YOUNG
ALCOHOL,Not UNBELTED,BIKE,5. Sideswipe - Opposite Direction,6/23/2012,6/23/2012,20. Motor Vehicle In Transport,1836,B.Visiible Injury,Virginia Beach,Urban,20. Motor Vehicle In Transport,6PM TO 9PM,134.Virginia Beach,523,Intersection,Saturday,Not DEER,1,121845237,"1.Divided, no control of access",1. On Roadway,E.Urban Other Principle Arterials; Connecting Links of Other Rural Principal Arterial,Not GUARDRAIL,Not HIT_RUN,1,3. Three Approaches,121845237,0,0,Not LRTRUCK,2. Daylight,MAINLINE,MAIN,Not MOTORCYCLE,541210.  SR00225       SR00225      13408681,PRI_URBAN,1,Not PED,1,5,RD-UNKNOWN,9. Within Intersection,4.42,1. Straight - Level,"2. Two-Way, Divided, Unprotected Median",1. Dry,R-VA   SR00225SB,3. No,Not SENIOR,Not SPEED,6PM TO 9PM,1,6. Traffic Lanes Marked,5.Hampton Roads,1. No Adverse Condition (Clear/Cloudy),2. No,Not YOUNG
Not ALCIHOL,Not UNBELTED,BIKE,2. Angle,12/20/2011,12/20/2011,22. Bicycle,1805,C.Non-Visible Injury,Virginia Beach,Urban,22. Bicycle,6PM TO 9PM,134.Virginia Beach,5,Intersection,Tuesday,Not DEER,1,120125259,"1.Divided, no control of access",1. On Roadway,E.Urban Other Principle Arterials; Connecting Links of Other Rural Principal Arterial,Not GUARDRAIL,Not HIT_RUN,1,4. Four Approaches,120125259,0,0,Not LRTRUCK,4. Darkness - Road Lighted,MAINLINE,MAIN,Not MOTORCYCLE,541088.  SR00190       SR00190       US00058       US00058,PRI_URBAN,1,Not PED,1,5,NOT-RD,9. Within Intersection,499.09,1. Straight - Level,"2. Two-Way, Divided, Unprotected Median",1. Dry,R-VA   US00058WB,3. No,Not SENIOR,Not SPEED,6PM TO 9PM,1,3. Traffic Signal,5.Hampton Roads,1. No Adverse Condition (Clear/Cloudy),2. No,Not YOUNG
Not ALCIHOL,Not UNBELTED,BIKE,2. Angle,12/21/2011,12/21/2011,22. Bicycle,745,C.Non-Visible Injury,Norfolk,Urban,22. Bicycle,6AM TO 9AM,122.Norfolk,"1,658",Intersection,Wednesday,Not DEER,1,120180589,"0.Two-way, non-divided",1. On Roadway,E.Urban Other Principle Arterials; Connecting Links of Other Rural Principal Arterial,Not GUARDRAIL,Not HIT_RUN,1,1. Not at Intersection,120180589,0,0,Not LRTRUCK,2. Daylight,MAINLINE,MAIN,Not MOTORCYCLE,483419.  SR00168       SR00168       SR00247       SR00247,PRI_URBAN,1,Not PED,1,5,NOT-RD,8. Non-Intersection,25.09,1. Straight - Level,"2. Two-Way, Divided, Unprotected Median",1. Dry,R-VA   SR00168NB,3. No,Not SENIOR,SPEED,6AM TO 9AM,1,1. No Traffic Control,5.Hampton Roads,1. No Adverse Condition (Clear/Cloudy),2. No,Not YOUNG
Not ALCIHOL,Not UNBELTED,BIKE,4. Sideswipe - Same Direction,6/25/2012,6/25/2012,20. Motor Vehicle In Transport,1855,A.Ambulatory Injury,Poquoson,Urban,20. Motor Vehicle In Transport,6PM TO 9PM,147.Poquoson,"2,429",Intersection,Monday,Not DEER,1,122155074,"0.Two-way, non-divided",1. On Roadway,I.Urban Collector,Not GUARDRAIL,Not HIT_RUN,1,1. Not at Intersection,122155074,0,0,Not LRTRUCK,2. Daylight,MAINLINE,MAIN,Not MOTORCYCLE,672315.  SR00171       SR00171      14707046,SEC_URBAN,1,Not PED,1,5,NOT-RD,8. Non-Intersection,1.08,1. Straight - Level,"1. Two-Way, Not Divided",1. Dry,R-VA147UR07046WB,3. No,Not SENIOR,Not SPEED,6PM TO 9PM,1,1. No Traffic Control,5.Hampton Roads,1. No Adverse Condition (Clear/Cloudy),2. No,Not YOUNG
Not ALCIHOL,Not UNBELTED,BIKE,2. Angle,6/26/2012,6/26/2012,20. Motor Vehicle In Transport,1529,A.Ambulatory Injury,Hampton,Urban,20. Motor Vehicle In Transport,3PM TO 6PM,114.Hampton,143,Intersection,Tuesday,Not DEER,1,122840063,"4.One-way, part of a one-way system",1. On Roadway,H.Urban Minor Arterial,Not GUARDRAIL,Not HIT_RUN,1,1. Not at Intersection,122840063,0,0,Not LRTRUCK,2. Daylight,RAMP,NOT_MAIN,Not MOTORCYCLE,253141.  US00258       US00258,PRI_URBAN,1,Not PED,1,5,NOT-RD,5. On Entrance/Exit Ramp,0.00,4. Grade - Curve,"4. One-Way, Not Divided",1. Dry,R-VA   US00258WB      RMP064.00C,3. No,Not SENIOR,Not SPEED,3PM TO 6PM,1,6. Traffic Lanes Marked,5.Hampton Roads,1. No Adverse Condition (Clear/Cloudy),2. No,Not YOUNG
Not ALCIHOL,Not UNBELTED,BIKE,2. Angle,6/26/2012,6/26/2012,22. Bicycle,1844,A.Ambulatory Injury,Norfolk,Urban,22. Bicycle,6PM TO 9PM,122.Norfolk,253,Intersection,Tuesday,Not DEER,1,122410007,"0.Two-way, non-divided",1. On Roadway,I.Urban Collector,Not GUARDRAIL,Not HIT_RUN,1,4. Four Approaches,122410007,0,0,Not LRTRUCK,2. Daylight,MAINLINE,MAIN,Not MOTORCYCLE,483652.  SR00337       SR00337      12208561      12208561,SEC_URBAN,1,Not PED,1,5,RD-UNKNOWN,9. Within Intersection,0.43,1. Straight - Level,"1. Two-Way, Not Divided",1. Dry,R-VA122UR08561EB,3. No,Not SENIOR,Not SPEED,6PM TO 9PM,1,4. Stop Sign,5.Hampton Roads,1. No Adverse Condition (Clear/Cloudy),2. No,YOUNG
Not ALCIHOL,Not UNBELTED,BIKE,2. Angle,6/26/2012,6/26/2012,20. Motor Vehicle In Transport,1215,B.Visiible Injury,Virginia Beach,Urban,20. Motor Vehicle In Transport,12PM TO 3PM,134.Virginia Beach,0,Intersection,Tuesday,Not DEER,1,122015132,"2.Divided, partial control of access",1. On Roadway,E.Urban Other Principle Arterials; Connecting Links of Other Rural Principal Arterial,Not GUARDRAIL,Not HIT_RUN,1,4. Four Approaches,122015132,0,0,Not LRTRUCK,2. Daylight,MAINLINE,MAIN,Not MOTORCYCLE,541065.  US00058       US00058      13408727,PRI_URBAN,1,Not PED,1,5,NOT-RD,9. Within Intersection,507.35,1. Straight - Level,"1. Two-Way, Not Divided",1. Dry,R-VA   US00058WB,3. No,SENIOR,Not SPEED,12PM TO 3PM,1,4. Stop Sign,5.Hampton Roads,1. No Adverse Condition (Clear/Cloudy),2. No,Not YOUNG
Not ALCIHOL,Not UNBELTED,BIKE,8. Non-Collision,6/26/2012,6/26/2012,42. Other Non-Collision,1700,B.Visiible Injury,Chesapeake,Urban,42. Other Non-Collision,3PM TO 6PM,131.Chesapeake,502,Intersection,Tuesday,Not DEER,1,122090045,"0.Two-way, non-divided",1. On Roadway,H.Urban Minor Arterial,Not GUARDRAIL,Not HIT_RUN,1,1. Not at Intersection,122090045,0,0,Not LRTRUCK,2. Daylight,MAINLINE,MAIN,MOTORCYCLE,484853. 13108663      13108663      13108802,SEC_URBAN,3,Not PED,3,5,NOT-RD,8. Non-Intersection,0.15,1. Straight - Level,"1. Two-Way, Not Divided",1. Dry,R-VA131UR08802WB,3. No,Not SENIOR,Not SPEED,3PM TO 6PM,1,6. Traffic Lanes Marked,5.Hampton Roads,1. No Adverse Condition (Clear/Cloudy),2. No,YOUNG
Not ALCIHOL,Not UNBELTED,BIKE,2. Angle,6/26/2012,6/26/2012,22. Bicycle,1401,B.Visiible Injury,Virginia Beach,Urban,22. Bicycle,12PM TO 3PM,134.Virginia Beach,,Not Intersection,Tuesday,Not DEER,1,121815060,,1. On Roadway,,Not GUARDRAIL,HIT_RUN,1,1. Not at Intersection,,0,0,Not LRTRUCK,2. Daylight,MAINLINE,,Not MOTORCYCLE,.,SEC_URBAN,1,Not PED,1,5,NOT-RD,8. Non-Intersection,,1. Straight - Level,"1. Two-Way, Not Divided",1. Dry,U-VA134SC99999UK,3. No,Not SENIOR,Not SPEED,12PM TO 3PM,1,1. No Traffic Control,5.Hampton Roads,1. No Adverse Condition (Clear/Cloudy),2. No,YOUNG
Not ALCIHOL,Not UNBELTED,BIKE,2. Angle,6/27/2012,6/27/2012,22. Bicycle,1730,B.Visiible Injury,Virginia Beach,Urban,22. Bicycle,3PM TO 6PM,134.Virginia Beach,"1,257",Intersection,Wednesday,Not DEER,1,121825078,"1.Divided, no control of access",1. On Roadway,E.Urban Other Principle Arterials; Connecting Links of Other Rural Principal Arterial,Not GUARDRAIL,Not HIT_RUN,1,4. Four Approaches,121825078,0,0,Not LRTRUCK,2. Daylight,MAINLINE,MAIN,Not MOTORCYCLE,541108.  US00060       US00060      13408722      13408722,PRI_URBAN,2,Not PED,2,5,NOT-RD,9. Within Intersection,23.66,1. Straight - Level,"2. Two-Way, Divided, Unprotected Median",1. Dry,R-VA   US00060EB,3. No,Not SENIOR,Not SPEED,3PM TO 6PM,1,3. Traffic Signal,5.Hampton Roads,1. No Adverse Condition (Clear/Cloudy),2. No,Not YOUNG
Not ALCIHOL,Not UNBELTED,BIKE,2. Angle,6/27/2012,6/27/2012,22. Bicycle,1028,C.Non-Visible Injury,James City,Urban,22. Bicycle,9AM TO 12PM,47.James City,280,Intersection,Wednesday,Not DEER,1,121805094,"0.Two-way, non-divided",1. On Roadway,J.Urban Local,Not GUARDRAIL,Not HIT_RUN,1,3. Three Approaches,121805094,0,0,Not LRTRUCK,2. Daylight,MAINLINE,MAIN,Not MOTORCYCLE,398503.  4701516       4701521       4701521,VDOT_SEC,1,Not PED,1,5,NOT-RD,9. Within Intersection,0.36,3. Grade - Straight,"1. Two-Way, Not Divided",1. Dry,R-VA047SC01521NB,3. No,Not SENIOR,Not SPEED,9AM TO 12PM,1,1. No Traffic Control,5.Hampton Roads,1. No Adverse Condition (Clear/Cloudy),2. No,Not YOUNG
Not ALCIHOL,Not UNBELTED,BIKE,2. Angle,6/27/2012,6/27/2012,22. Bicycle,1715,A.Ambulatory Injury,Newport News,Urban,22. Bicycle,3PM TO 6PM,121.Newport News,,Not Intersection,Wednesday,Not DEER,1,122690061,,1. On Roadway,,Not GUARDRAIL,Not HIT_RUN,1,1. Not at Intersection,,0,0,Not LRTRUCK,2. Daylight,MAINLINE,,Not MOTORCYCLE,.,SEC_URBAN,1,Not PED,1,5,NOT-RD,10. Intersection Related - Within 150 Feet,,1. Straight - Level,"1. Two-Way, Not Divided",1. Dry,U-VA121SC99999UK,3. No,Not SENIOR,Not SPEED,3PM TO 6PM,1,1. No Traffic Control,5.Hampton Roads,1. No Adverse Condition (Clear/Cloudy),2. No,Not YOUNG
Not ALCIHOL,Not UNBELTED,BIKE,12. Ped,6/28/2012,6/28/2012,19. Ped,1400,A.Ambulatory Injury,Norfolk,Urban,19. Ped,12PM TO 3PM,122.Norfolk,,Not Intersection,Thursday,Not DEER,1,122410219,,1. On Roadway,,Not GUARDRAIL,Not HIT_RUN,1,1. Not at Intersection,,0,0,Not LRTRUCK,2. Daylight,MAINLINE,,Not MOTORCYCLE,.,SEC_URBAN,1,Not PED,1,5,NOT-RD,8. Non-Intersection,,1. Straight - Level,"1. Two-Way, Not Divided",1. Dry,U-VA122SC99999UK,3. No,Not SENIOR,Not SPEED,12PM TO 3PM,1,1. No Traffic Control,5.Hampton Roads,1. No Adverse Condition (Clear/Cloudy),2. No,Not YOUNG
Not ALCIHOL,Not UNBELTED,BIKE,2. Angle,6/28/2012,6/28/2012,22. Bicycle,1837,A.Ambulatory Injury,Newport News,Urban,22. Bicycle,6PM TO 9PM,121.Newport News,"3,812",Intersection,Thursday,Not DEER,1,123120036,"0.Two-way, non-divided",1. On Roadway,E.Urban Other Principle Arterials; Connecting Links of Other Rural Principal Arterial,Not GUARDRAIL,Not HIT_RUN,1,4. Four Approaches,123120036,0,0,Not LRTRUCK,2. Daylight,MAINLINE,MAIN,Not MOTORCYCLE,756243.  IS00064W250C  SR00143       SR00143,PRI_URBAN,1,Not PED,1,5,NOT-RD,9. Within Intersection,22.67,1. Straight - Level,"2. Two-Way, Divided, Unprotected Median",1. Dry,R-VA   SR00143NB,3. No,Not SENIOR,Not SPEED,6PM TO 9PM,1,3. Traffic Signal,5.Hampton Roads,1. No Adverse Condition (Clear/Cloudy),2. No,Not YOUNG
Not ALCIHOL,Not UNBELTED,BIKE,2. Angle,6/29/2012,6/29/2012,22. Bicycle,1700,A.Ambulatory Injury,York,Urban,22. Bicycle,3PM TO 6PM,99.York,623,Intersection,Friday,Not DEER,1,121825139,"1.Divided, no control of access",1. On Roadway,E.Urban Other Principle Arterials; Connecting Links of Other Rural Principal Arterial,Not GUARDRAIL,Not HIT_RUN,1,1. Not at Intersection,121825139,0,0,Not LRTRUCK,2. Daylight,MAINLINE,MAIN,Not MOTORCYCLE,671351.  9900713       US00060       US00060,VDOT_PRI,1,Not PED,1,5,NOT-RD,"13. Driveway, Alley-Access - Related",238.57,1. Straight - Level,"2. Two-Way, Divided, Unprotected Median",1. Dry,R-VA   US00060WB,3. No,Not SENIOR,Not SPEED,3PM TO 6PM,1,6. Traffic Lanes Marked,5.Hampton Roads,1. No Adverse Condition (Clear/Cloudy),2. No,Not YOUNG
Not ALCIHOL,Not UNBELTED,BIKE,2. Angle,6/29/2012,6/29/2012,20. Motor Vehicle In Transport,1230,B.Visiible Injury,Virginia Beach,Urban,20. Motor Vehicle In Transport,12PM TO 3PM,134.Virginia Beach,"2,207",Intersection,Friday,Not DEER,1,122035103,"0.Two-way, non-divided",1. On Roadway,H.Urban Minor Arterial,Not GUARDRAIL,Not HIT_RUN,1,4. Four Approaches,122035103,0,0,Not LRTRUCK,2. Daylight,MAINLINE,MAIN,MOTORCYCLE,541091. 13408721     C7US00058     C7US00058,PRI_URBAN,2,Not PED,2,5,NOT-RD,9. Within Intersection,3.33,1. Straight - Level,"1. Two-Way, Not Divided",1. Dry,R-VA   US00058EBBUS007,3. No,Not SENIOR,Not SPEED,12PM TO 3PM,1,6. Traffic Lanes Marked,5.Hampton Roads,1. No Adverse Condition (Clear/Cloudy),2. No,Not YOUNG
Not ALCIHOL,Not UNBELTED,BIKE,1. Rear End,6/30/2012,6/30/2012,20. Motor Vehicle In Transport,0,PDO.Property Damage Only,Virginia Beach,Urban,20. Motor Vehicle In Transport,0AM TO 3AM,134.Virginia Beach,26,Intersection,Saturday,Not DEER,1,121845247,"4.One-way, part of a one-way system",1. On Roadway,E.Urban Other Principle Arterials; Connecting Links of Other Rural Principal Arterial,Not GUARDRAIL,Not HIT_RUN,0,4. Four Approaches,121845247,0,0,Not LRTRUCK,4. Darkness - Road Lighted,MAINLINE,MAIN,Not MOTORCYCLE,541107.  US00060       US00060      13408684      13408684,SEC_URBAN,0,Not PED,0,5,NOT-RD,9. Within Intersection,0.53,1. Straight - Level,"2. Two-Way, Divided, Unprotected Median",1. Dry,R-VA134UR08684WB,3. No,Not SENIOR,Not SPEED,0AM TO 3AM,1,3. Traffic Signal,5.Hampton Roads,1. No Adverse Condition (Clear/Cloudy),2. No,YOUNG
Not ALCIHOL,Not UNBELTED,BIKE,1. Rear End,6/30/2012,6/30/2012,22. Bicycle,8,A.Ambulatory Injury,Norfolk,Urban,22. Bicycle,0AM TO 3AM,122.Norfolk,"1,911",Intersection,Saturday,Not DEER,1,122090119,"0.Two-way, non-divided",1. On Roadway,H.Urban Minor Arterial,Not GUARDRAIL,HIT_RUN,1,1. Not at Intersection,122090119,0,0,Not LRTRUCK,4. Darkness - Road Lighted,MAINLINE,MAIN,Not MOTORCYCLE,724477. 12200003      12200003      12208631,SEC_URBAN,2,Not PED,2,5,NOT-RD,8. Non-Intersection,0.88,1. Straight - Level,"1. Two-Way, Not Divided",1. Dry,R-VA122UR00003NB,3. No,Not SENIOR,Not SPEED,0AM TO 3AM,1,6. Traffic Lanes Marked,5.Hampton Roads,1. No Adverse Condition (Clear/Cloudy),2. No,Not YOUNG
Not ALCIHOL,Not UNBELTED,BIKE,2. Angle,9/29/2013,9/29/2013,22. Bicycle,1110,B.Visiible Injury,Virginia Beach,Urban,22. Bicycle,9AM TO 12PM,134.Virginia Beach,,Not Intersection,Sunday,Not DEER,1,132735153,,1. On Roadway,,Not GUARDRAIL,Not HIT_RUN,1,4. Four Approaches,,0,0,Not LRTRUCK,2. Daylight,MAINLINE,,Not MOTORCYCLE,.,SEC_URBAN,1,Not PED,1,5,NOT-RD,9. Within Intersection,,1. Straight - Level,"2. Two-Way, Divided, Unprotected Median",1. Dry,U-VA134SC99999UK,3. No,Not SENIOR,Not SPEED,9AM TO 12PM,1,3. Traffic Signal,5.Hampton Roads,1. No Adverse Condition (Clear/Cloudy),2. No,YOUNG
Not ALCIHOL,Not UNBELTED,BIKE,2. Angle,10/3/2013,10/3/2013,22. Bicycle,920,B.Visiible Injury,Virginia Beach,Urban,22. Bicycle,9AM TO 12PM,134.Virginia Beach,,Not Intersection,Thursday,Not DEER,1,132785038,,1. On Roadway,,Not GUARDRAIL,Not HIT_RUN,1,4. Four Approaches,,0,0,Not LRTRUCK,2. Daylight,MAINLINE,,Not MOTORCYCLE,.,SEC_URBAN,1,Not PED,1,5,NOT-RD,9. Within Intersection,,1. Straight - Level,"2. Two-Way, Divided, Unprotected Median",1. Dry,U-VA134SC99999UK,1. Yes,Not SENIOR,Not SPEED,9AM TO 12PM,1,3. Traffic Signal,5.Hampton Roads,1. No Adverse Condition (Clear/Cloudy),2. No,YOUNG
Not ALCIHOL,Not UNBELTED,BIKE,2. Angle,10/3/2013,10/3/2013,20. Motor Vehicle In Transport,1720,B.Visiible Injury,Norfolk,Urban,20. Motor Vehicle In Transport,3PM TO 6PM,122.Norfolk,"1,104",Intersection,Thursday,Not DEER,1,140350272,"0.Two-way, non-divided",1. On Roadway,H.Urban Minor Arterial,Not GUARDRAIL,Not HIT_RUN,1,4. Four Approaches,140350272,0,0,Not LRTRUCK,2. Daylight,MAINLINE,MAIN,Not MOTORCYCLE,483436.  SR00168       SR00168      12208618      12208618,PRI_URBAN,1,Not PED,1,5,NOT-RD,9. Within Intersection,29.64,1. Straight - Level,"2. Two-Way, Divided, Unprotected Median",1. Dry,R-VA   SR00168NB,3. No,Not SENIOR,SPEED,3PM TO 6PM,1,4. Stop Sign,5.Hampton Roads,1. No Adverse Condition (Clear/Cloudy),2. No,Not YOUNG
Not ALCIHOL,Not UNBELTED,BIKE,16. Other,10/4/2013,10/4/2013,20. Motor Vehicle In Transport,1437,B.Visiible Injury,Virginia Beach,Urban,20. Motor Vehicle In Transport,12PM TO 3PM,134.Virginia Beach,16,Intersection,Friday,Not DEER,1,132785116,"1.Divided, no control of access",1. On Roadway,H.Urban Minor Arterial,Not GUARDRAIL,Not HIT_RUN,1,4. Four Approaches,132785116,0,0,Not LRTRUCK,2. Daylight,MAINLINE,MAIN,Not MOTORCYCLE,541256. 13400009      13400009      13408817,SEC_URBAN,1,Not PED,1,5,NOT-RD,9. Within Intersection,1.70,1. Straight - Level,"3. Two-Way, Divided, Positive Median Barrier",1. Dry,R-VA134UR00009SB,3. No,Not SENIOR,Not SPEED,12PM TO 3PM,1,3. Traffic Signal,5.Hampton Roads,1. No Adverse Condition (Clear/Cloudy),2. No,Not YOUNG
Not ALCIHOL,Not UNBELTED,BIKE,3. Head On,7/3/2012,7/3/2012,22. Bicycle,2150,A.Ambulatory Injury,Norfolk,Urban,22. Bicycle,9PM TO 12AM,122.Norfolk,750,Intersection,Tuesday,Not DEER,1,122340030,"0.Two-way, non-divided",1. On Roadway,H.Urban Minor Arterial,Not GUARDRAIL,HIT_RUN,1,4. Four Approaches,122340030,0,0,Not LRTRUCK,4. Darkness - Road Lighted,MAINLINE,MAIN,Not MOTORCYCLE,485075. 12208563      12208563      12208576      12208576,SEC_URBAN,1,Not PED,1,5,RD-UNKNOWN,9. Within Intersection,0.84,1. Straight - Level,5. Unknown,1. Dry,R-VA122UR08576EB,3. No,Not SENIOR,Not SPEED,9PM TO 12AM,1,5. Slow or Warning Sign,5.Hampton Roads,1. No Adverse Condition (Clear/Cloudy),2. No,Not YOUNG