Alcohol Notalcohol,Belted Unbelted,Bike Nonbike,Collision Type,CRASH_DT (copy),Crash Dt,Crash Event Type Dsc,Crash Military Tm,Crash Severity,Juris Name Used,Area Type Used,First Harmful Event of Entire Crash,Time Slicing Used,Phy_Juris_Nm,Offset-Ft,Intersection Analysis,Day Of Week,Deer Nodeer,TOTAL CRASH,Document Nbr,FAC,First Harmful Event,FUN,Gr Nogr,Hitrun Not Hitrun,Injury Crashes,Intersection Type,Int Doc,K_CRASH,K People,Lgtruck Nonlgtruck,Light Condition,MAINLINE (group),Mainline Yn,Motor Nonmotor,Node Info,Ownership,Total People Killed & Injured,Ped Nonped,Persons Injured,VSP_Used,Rd Type,Relation To Roadway,Rns Mp,Roadway Alignment,Roadway Description,Roadway Surface Cond,Rte Nm,School Zone,Senior Notsenior,Speed Notspeed,Time Slicing,Total Crashes including Property Damage Only,Traffic Control Type,District_Used ,Weather Condition,Work Zone Related,Young Notyoung
ALCOHOL,Not UNBELTED,BIKE,2. Angle,7/4/2012,7/4/2012,22. Bicycle,2115,B.Visiible Injury,Virginia Beach,Urban,22. Bicycle,9PM TO 12AM,134.Virginia Beach,,Not Intersection,Wednesday,Not DEER,1,122165044,,1. On Roadway,,Not GUARDRAIL,Not HIT_RUN,1,4. Four Approaches,,0,0,Not LRTRUCK,4. Darkness - Road Lighted,MAINLINE,,Not MOTORCYCLE,.,SEC_URBAN,2,Not PED,2,5,RD-UNKNOWN,9. Within Intersection,,1. Straight - Level,"1. Two-Way, Not Divided",1. Dry,U-VA134SC99999UK,3. No,Not SENIOR,Not SPEED,9PM TO 12AM,1,4. Stop Sign,5.Hampton Roads,1. No Adverse Condition (Clear/Cloudy),2. No,YOUNG
ALCOHOL,Not UNBELTED,BIKE,4. Sideswipe - Same Direction,7/4/2012,7/4/2012,22. Bicycle,254,B.Visiible Injury,Virginia Beach,Urban,22. Bicycle,0AM TO 3AM,134.Virginia Beach,"1,663",Intersection,Wednesday,Not DEER,1,121925293,"1.Divided, no control of access",1. On Roadway,E.Urban Other Principle Arterials; Connecting Links of Other Rural Principal Arterial,Not GUARDRAIL,HIT_RUN,1,1. Not at Intersection,121925293,0,0,Not LRTRUCK,4. Darkness - Road Lighted,MAINLINE,MAIN,Not MOTORCYCLE,541057.  US00058       US00060       US00060      13408578,PRI_URBAN,1,Not PED,1,5,NOT-RD,8. Non-Intersection,302.35,1. Straight - Level,"2. Two-Way, Divided, Unprotected Median",1. Dry,R-VA   US00060EB,3. No,Not SENIOR,SPEED,0AM TO 3AM,1,6. Traffic Lanes Marked,5.Hampton Roads,1. No Adverse Condition (Clear/Cloudy),2. No,Not YOUNG
ALCOHOL,Not UNBELTED,BIKE,2. Angle,2/25/2015,2/25/2015,22. Bicycle,1845,C.Non-Visible Injury,Newport News,Urban,22. Bicycle,6PM TO 9PM,121.Newport News,993,Intersection,Wednesday,Not DEER,1,151200003,"1.Divided, no control of access",4. Roadside,H.Urban Minor Arterial,Not GUARDRAIL,Not HIT_RUN,1,3. Three Approaches,151200003,0,0,Not LRTRUCK,4. Darkness - Road Lighted,MAINLINE,MAIN,Not MOTORCYCLE,646043.  SR00312       US00060       US00060,PRI_URBAN,1,Not PED,1,5,NOT-RD,9. Within Intersection,0.19,3. Grade - Straight,"2. Two-Way, Divided, Unprotected Median",2. Wet,R-VA   SR00312EB,3. No,Not SENIOR,Not SPEED,6PM TO 9PM,1,3. Traffic Signal,5.Hampton Roads,1. No Adverse Condition (Clear/Cloudy),2. No,Not YOUNG
Not ALCIHOL,Not UNBELTED,BIKE,2. Angle,10/5/2013,10/5/2013,22. Bicycle,1040,B.Visiible Injury,Chesapeake,Urban,22. Bicycle,9AM TO 12PM,131.Chesapeake,"1,420",Intersection,Saturday,Not DEER,1,132785095,"0.Two-way, non-divided",1. On Roadway,H.Urban Minor Arterial,Not GUARDRAIL,Not HIT_RUN,1,3. Three Approaches,132785095,0,0,Not LRTRUCK,2. Daylight,MAINLINE,MAIN,Not MOTORCYCLE,484508. 13100001      13108524      13108524      13108797,SEC_URBAN,1,Not PED,1,5,NOT-RD,9. Within Intersection,0.30,1. Straight - Level,"1. Two-Way, Not Divided",1. Dry,R-VA131UR08524EB,3. No,Not SENIOR,Not SPEED,9AM TO 12PM,1,4. Stop Sign,5.Hampton Roads,1. No Adverse Condition (Clear/Cloudy),2. No,Not YOUNG
Not ALCIHOL,Not UNBELTED,BIKE,2. Angle,10/6/2013,10/6/2013,22. Bicycle,1618,B.Visiible Injury,Hampton,Urban,22. Bicycle,3PM TO 6PM,114.Hampton,327,Intersection,Sunday,Not DEER,1,140350469,"0.Two-way, non-divided",1. On Roadway,H.Urban Minor Arterial,Not GUARDRAIL,HIT_RUN,1,4. Four Approaches,140350469,0,0,Not LRTRUCK,2. Daylight,MAINLINE,MAIN,Not MOTORCYCLE,253013.  US00060       US00060      11407059      11407059,PRI_URBAN,1,Not PED,1,5,NOT-RD,9. Within Intersection,270.83,1. Straight - Level,"1. Two-Way, Not Divided",1. Dry,R-VA   US00060EB,3. No,Not SENIOR,Not SPEED,3PM TO 6PM,1,4. Stop Sign,5.Hampton Roads,1. No Adverse Condition (Clear/Cloudy),2. No,Not YOUNG
Not ALCIHOL,Not UNBELTED,BIKE,15. Backed Into,10/6/2013,10/6/2013,22. Bicycle,1743,B.Visiible Injury,Chesapeake,Urban,22. Bicycle,3PM TO 6PM,131.Chesapeake,,Not Intersection,Sunday,Not DEER,1,132795219,,1. On Roadway,,Not GUARDRAIL,Not HIT_RUN,1,1. Not at Intersection,,0,0,Not LRTRUCK,2. Daylight,MAINLINE,,Not MOTORCYCLE,.,SEC_URBAN,2,Not PED,2,5,NOT-RD,"13. Driveway, Alley-Access - Related",,1. Straight - Level,"1. Two-Way, Not Divided",1. Dry,U-VA131SC99999UK,3. No,Not SENIOR,Not SPEED,3PM TO 6PM,1,1. No Traffic Control,5.Hampton Roads,1. No Adverse Condition (Clear/Cloudy),2. No,Not YOUNG
Not ALCIHOL,Not UNBELTED,BIKE,2. Angle,10/7/2013,10/7/2013,22. Bicycle,1928,B.Visiible Injury,Chesapeake,Urban,22. Bicycle,6PM TO 9PM,131.Chesapeake,0,Intersection,Monday,Not DEER,1,132805350,,1. On Roadway,,Not GUARDRAIL,HIT_RUN,1,3. Three Approaches,132805350,0,0,Not LRTRUCK,4. Darkness - Road Lighted,MAINLINE,,Not MOTORCYCLE,483344.  SR00165       SR00165      13108798,SEC_URBAN,1,Not PED,1,5,NOT-RD,9. Within Intersection,2.38,1. Straight - Level,"1. Two-Way, Not Divided",2. Wet,R-VA131UR08798EB,3. No,Not SENIOR,Not SPEED,6PM TO 9PM,1,4. Stop Sign,5.Hampton Roads,5. Rain,2. No,YOUNG
Not ALCIHOL,Not UNBELTED,BIKE,1. Rear End,2/27/2015,2/27/2015,22. Bicycle,930,A.Ambulatory Injury,Norfolk,Urban,22. Bicycle,9AM TO 12PM,122.Norfolk,"1,410",Intersection,Friday,Not DEER,1,151310079,"1.Divided, no control of access",1. On Roadway,H.Urban Minor Arterial,Not GUARDRAIL,HIT_RUN,1,1. Not at Intersection,151310079,0,0,Not LRTRUCK,2. Daylight,MAINLINE,MAIN,Not MOTORCYCLE,483740.  US00460       US00460       US00460 404A,PRI_URBAN,1,Not PED,1,5,NOT-RD,8. Non-Intersection,404.66,1. Straight - Level,"2. Two-Way, Divided, Unprotected Median",10. Slush,R-VA   US00460EB,3. No,Not SENIOR,Not SPEED,9AM TO 12PM,1,6. Traffic Lanes Marked,5.Hampton Roads,1. No Adverse Condition (Clear/Cloudy),2. No,Not YOUNG
Not ALCIHOL,Not UNBELTED,BIKE,16. Other,1/1/2012,1/1/2012,22. Bicycle,1724,B.Visiible Injury,Virginia Beach,Urban,22. Bicycle,3PM TO 6PM,134.Virginia Beach,"2,534",Intersection,Sunday,Not DEER,1,120075187,"1.Divided, no control of access",1. On Roadway,H.Urban Minor Arterial,Not GUARDRAIL,Not HIT_RUN,1,4. Four Approaches,120075187,0,0,Not LRTRUCK,2. Daylight,MAINLINE,MAIN,Not MOTORCYCLE,541365. 13400008      13400008      13408638      13408638,SEC_URBAN,1,Not PED,1,5,NOT-RD,9. Within Intersection,1.44,1. Straight - Level,"1. Two-Way, Not Divided",1. Dry,R-VA134UR08638EB,3. No,Not SENIOR,SPEED,3PM TO 6PM,1,3. Traffic Signal,5.Hampton Roads,1. No Adverse Condition (Clear/Cloudy),2. No,YOUNG
Not ALCIHOL,Not UNBELTED,BIKE,3. Head On,7/5/2012,7/5/2012,20. Motor Vehicle In Transport,1227,B.Visiible Injury,Hampton,Urban,20. Motor Vehicle In Transport,12PM TO 3PM,114.Hampton,26,Intersection,Thursday,Not DEER,1,122840109,"0.Two-way, non-divided",1. On Roadway,I.Urban Collector,Not GUARDRAIL,Not HIT_RUN,1,3. Three Approaches,122840109,0,0,Not LRTRUCK,2. Daylight,MAINLINE,MAIN,Not MOTORCYCLE,253058.  SR00152       SR00152      11407017,SEC_URBAN,1,Not PED,1,5,NOT-RD,9. Within Intersection,1.47,1. Straight - Level,"1. Two-Way, Not Divided",1. Dry,R-VA114UR07017SB,3. No,Not SENIOR,Not SPEED,12PM TO 3PM,1,3. Traffic Signal,5.Hampton Roads,1. No Adverse Condition (Clear/Cloudy),2. No,Not YOUNG
Not ALCIHOL,Not UNBELTED,BIKE,2. Angle,7/6/2012,7/6/2012,20. Motor Vehicle In Transport,1045,B.Visiible Injury,Virginia Beach,Urban,20. Motor Vehicle In Transport,9AM TO 12PM,134.Virginia Beach,42,Intersection,Friday,Not DEER,1,121945048,"1.Divided, no control of access",1. On Roadway,H.Urban Minor Arterial,Not GUARDRAIL,Not HIT_RUN,1,4. Four Approaches,121945048,0,0,Not LRTRUCK,2. Daylight,MAINLINE,MAIN,Not MOTORCYCLE,541294. 13400014      13400014      13408726      13408726,SEC_URBAN,1,Not PED,1,5,NOT-RD,9. Within Intersection,2.74,1. Straight - Level,"3. Two-Way, Divided, Positive Median Barrier",1. Dry,R-VA134UR00014SB,3. No,Not SENIOR,Not SPEED,9AM TO 12PM,1,3. Traffic Signal,5.Hampton Roads,1. No Adverse Condition (Clear/Cloudy),2. No,YOUNG
Not ALCIHOL,Not UNBELTED,BIKE,4. Sideswipe - Same Direction,7/7/2012,7/7/2012,20. Motor Vehicle In Transport,1153,A.Ambulatory Injury,Portsmouth,Urban,20. Motor Vehicle In Transport,9AM TO 12PM,124.Portsmouth,143,Intersection,Saturday,Not DEER,1,121955135,"0.Two-way, non-divided",1. On Roadway,H.Urban Minor Arterial,Not GUARDRAIL,Not HIT_RUN,1,1. Not at Intersection,121955135,0,0,Not LRTRUCK,2. Daylight,MAINLINE,MAIN,Not MOTORCYCLE,484084. 12408539      12408539      12408553,SEC_URBAN,1,Not PED,1,5,NOT-RD,1. Main-Line Roadway,0.44,1. Straight - Level,"1. Two-Way, Not Divided",1. Dry,R-VA124UR08539WB,3. No,Not SENIOR,Not SPEED,9AM TO 12PM,1,1. No Traffic Control,5.Hampton Roads,1. No Adverse Condition (Clear/Cloudy),2. No,Not YOUNG
Not ALCIHOL,Not UNBELTED,BIKE,2. Angle,7/7/2012,7/7/2012,22. Bicycle,1843,A.Ambulatory Injury,Newport News,Urban,22. Bicycle,6PM TO 9PM,121.Newport News,"2,439",Intersection,Saturday,Not DEER,1,122890153,"1.Divided, no control of access",1. On Roadway,E.Urban Other Principle Arterials; Connecting Links of Other Rural Principal Arterial,Not GUARDRAIL,Not HIT_RUN,1,4. Four Approaches,122890153,0,0,Not LRTRUCK,2. Daylight,MAINLINE,MAIN,Not MOTORCYCLE,756246.  US00017       US00017       US00258W059B,PRI_URBAN,1,Not PED,1,5,NOT-RD,10. Intersection Related - Within 150 Feet,51.65,1. Straight - Level,"1. Two-Way, Not Divided",1. Dry,R-VA   US00017SB,3. No,Not SENIOR,Not SPEED,6PM TO 9PM,1,3. Traffic Signal,5.Hampton Roads,1. No Adverse Condition (Clear/Cloudy),2. No,Not YOUNG
Not ALCIHOL,Not UNBELTED,BIKE,2. Angle,7/7/2012,7/7/2012,20. Motor Vehicle In Transport,2040,B.Visiible Injury,Virginia Beach,Urban,20. Motor Vehicle In Transport,6PM TO 9PM,134.Virginia Beach,945,Intersection,Saturday,Not DEER,1,121955165,"1.Divided, no control of access",1. On Roadway,H.Urban Minor Arterial,Not GUARDRAIL,Not HIT_RUN,1,4. Four Approaches,121955165,0,0,Not LRTRUCK,4. Darkness - Road Lighted,MAINLINE,MAIN,Not MOTORCYCLE,541172.  SR00190       SR00190      13408731,PRI_URBAN,1,Not PED,1,5,NOT-RD,9. Within Intersection,10.27,1. Straight - Level,"2. Two-Way, Divided, Unprotected Median",1. Dry,R-VA   SR00190EB,3. No,Not SENIOR,Not SPEED,6PM TO 9PM,1,4. Stop Sign,5.Hampton Roads,1. No Adverse Condition (Clear/Cloudy),2. No,YOUNG
ALCOHOL,Not UNBELTED,BIKE,2. Angle,7/7/2012,7/7/2012,20. Motor Vehicle In Transport,2243,B.Visiible Injury,Virginia Beach,Urban,20. Motor Vehicle In Transport,9PM TO 12AM,134.Virginia Beach,554,Intersection,Saturday,Not DEER,1,121935005,"0.Two-way, non-divided",1. On Roadway,H.Urban Minor Arterial,Not GUARDRAIL,HIT_RUN,1,4. Four Approaches,121935005,0,0,Not LRTRUCK,4. Darkness - Road Lighted,MAINLINE,MAIN,Not MOTORCYCLE,541091. 13408721     C7US00058     C7US00058,PRI_URBAN,1,Not PED,1,5,NOT-RD,9. Within Intersection,3.65,1. Straight - Level,"1. Two-Way, Not Divided",1. Dry,R-VA   US00058EBBUS007,3. No,Not SENIOR,Not SPEED,9PM TO 12AM,1,3. Traffic Signal,5.Hampton Roads,1. No Adverse Condition (Clear/Cloudy),2. No,Not YOUNG
Not ALCIHOL,Not UNBELTED,BIKE,2. Angle,10/15/2013,10/15/2013,22. Bicycle,757,C.Non-Visible Injury,Norfolk,Urban,22. Bicycle,6AM TO 9AM,122.Norfolk,,Not Intersection,Tuesday,Not DEER,1,140370340,,1. On Roadway,,Not GUARDRAIL,Not HIT_RUN,1,3. Three Approaches,,0,0,Not LRTRUCK,2. Daylight,MAINLINE,,Not MOTORCYCLE,.,SEC_URBAN,1,Not PED,1,5,NOT-RD,9. Within Intersection,,1. Straight - Level,"1. Two-Way, Not Divided",1. Dry,U-VA122SC99999UK,3. No,Not SENIOR,Not SPEED,6AM TO 9AM,1,4. Stop Sign,5.Hampton Roads,1. No Adverse Condition (Clear/Cloudy),2. No,Not YOUNG
Not ALCIHOL,Not UNBELTED,BIKE,2. Angle,1/6/2012,1/6/2012,22. Bicycle,700,C.Non-Visible Injury,Norfolk,Urban,22. Bicycle,6AM TO 9AM,122.Norfolk,21,Intersection,Friday,Not DEER,1,120400231,"4.One-way, part of a one-way system",1. On Roadway,E.Urban Other Principle Arterials; Connecting Links of Other Rural Principal Arterial,Not GUARDRAIL,Not HIT_RUN,1,4. Four Approaches,120400231,0,0,Not LRTRUCK,1. Dawn,MAINLINE,MAIN,Not MOTORCYCLE,756706. 12208575     A1US00460     A1US00460     A1US00460P,PRI_URBAN,1,Not PED,1,5,NOT-RD,5. On Entrance/Exit Ramp,9.12,1. Straight - Level,"3. Two-Way, Divided, Positive Median Barrier",1. Dry,R-VA   US00460NBALT001,3. No,Not SENIOR,Not SPEED,6AM TO 9AM,1,3. Traffic Signal,5.Hampton Roads,1. No Adverse Condition (Clear/Cloudy),2. No,Not YOUNG
Not ALCIHOL,Not UNBELTED,BIKE,2. Angle,1/6/2012,1/6/2012,22. Bicycle,1715,B.Visiible Injury,Hampton,Urban,22. Bicycle,3PM TO 6PM,114.Hampton,"1,220",Intersection,Friday,Not DEER,1,120750053,"0.Two-way, non-divided",1. On Roadway,I.Urban Collector,Not GUARDRAIL,Not HIT_RUN,1,6. Roundabout,120750053,0,0,Not LRTRUCK,3. Dusk,MAINLINE,MAIN,Not MOTORCYCLE,253114.  SR00169       SR00169      11407049,PRI_URBAN,1,Not PED,1,5,NOT-RD,1. Main-Line Roadway,4.99,1. Straight - Level,"2. Two-Way, Divided, Unprotected Median",1. Dry,R-VA   SR00169NB,3. No,SENIOR,Not SPEED,3PM TO 6PM,1,1. No Traffic Control,5.Hampton Roads,1. No Adverse Condition (Clear/Cloudy),2. No,Not YOUNG
Not ALCIHOL,Not UNBELTED,BIKE,2. Angle,1/7/2012,1/7/2012,19. Ped,1449,B.Visiible Injury,Suffolk,Urban,19. Ped,12PM TO 3PM,133.Suffolk,0,Intersection,Saturday,Not DEER,1,120580101,"0.Two-way, non-divided",1. On Roadway,J.Urban Local,Not GUARDRAIL,Not HIT_RUN,1,3. Three Approaches,120580101,0,0,Not LRTRUCK,2. Daylight,MAINLINE,MAIN,Not MOTORCYCLE,469027. 13302201      13302201      13302202,SEC_URBAN,1,Not PED,1,5,NOT-RD,9. Within Intersection,0.05,1. Straight - Level,"1. Two-Way, Not Divided",1. Dry,R-VA133UR02201SB,3. No,Not SENIOR,Not SPEED,12PM TO 3PM,1,6. Traffic Lanes Marked,5.Hampton Roads,1. No Adverse Condition (Clear/Cloudy),2. No,Not YOUNG
Not ALCIHOL,Not UNBELTED,BIKE,1. Rear End,7/9/2012,7/9/2012,20. Motor Vehicle In Transport,540,K.Fatal Injury,Hampton,Urban,20. Motor Vehicle In Transport,3AM TO 6AM,114.Hampton,"4,937",Intersection,Monday,Not DEER,1,122540211,"1.Divided, no control of access",1. On Roadway,H.Urban Minor Arterial,Not GUARDRAIL,Not HIT_RUN,0,1. Not at Intersection,122540211,1,1,Not LRTRUCK,1. Dawn,MAINLINE,MAIN,Not MOTORCYCLE,253100.  SR00169       SR00169       US00258       US00258,PRI_URBAN,1,Not PED,0,5,NOT-RD,8. Non-Intersection,1.15,1. Straight - Level,"2. Two-Way, Divided, Unprotected Median",1. Dry,R-VA   SR00169SB,3. No,Not SENIOR,Not SPEED,3AM TO 6AM,1,6. Traffic Lanes Marked,5.Hampton Roads,1. No Adverse Condition (Clear/Cloudy),2. No,Not YOUNG
Not ALCIHOL,Not UNBELTED,BIKE,3. Head On,7/10/2012,7/10/2012,22. Bicycle,1205,B.Visiible Injury,Williamsburg,Urban,22. Bicycle,12PM TO 3PM,137.Williamsburg,"24,515",Intersection,Tuesday,Not DEER,1,121955156,"0.Two-way, non-divided",1. On Roadway,J.Urban Local,Not GUARDRAIL,Not HIT_RUN,1,3. Three Approaches,121955156,0,0,Not LRTRUCK,2. Daylight,MAINLINE,MAIN,Not MOTORCYCLE,398073.  4700615       4700615       SR00321       SR00321,VDOT_PRI,1,Not PED,1,5,RD-UNKNOWN,9. Within Intersection,5.56,1. Straight - Level,"1. Two-Way, Not Divided",1. Dry,R-VA   SR00321EB,3. No,Not SENIOR,Not SPEED,12PM TO 3PM,1,4. Stop Sign,5.Hampton Roads,1. No Adverse Condition (Clear/Cloudy),2. No,YOUNG
Not ALCIHOL,Not UNBELTED,BIKE,16. Other,3/4/2015,3/4/2015,19. Ped,1518,B.Visiible Injury,Hampton,Urban,19. Ped,3PM TO 6PM,114.Hampton,"1,911",Intersection,Wednesday,Not DEER,1,151900003,"0.Two-way, non-divided",1. On Roadway,H.Urban Minor Arterial,Not GUARDRAIL,Not HIT_RUN,1,4. Four Approaches,151900003,0,0,Not LRTRUCK,2. Daylight,MAINLINE,MAIN,Not MOTORCYCLE,253068.  SR00152       SR00152      11407025,PRI_URBAN,1,Not PED,1,5,NOT-RD,9. Within Intersection,3.56,1. Straight - Level,"3. Two-Way, Divided, Positive Median Barrier",2. Wet,R-VA   SR00152EB,3. No,Not SENIOR,Not SPEED,3PM TO 6PM,1,3. Traffic Signal,5.Hampton Roads,1. No Adverse Condition (Clear/Cloudy),2. No,Not YOUNG
Not ALCIHOL,Not UNBELTED,BIKE,2. Angle,10/18/2013,10/18/2013,22. Bicycle,1030,B.Visiible Injury,Virginia Beach,Urban,22. Bicycle,9AM TO 12PM,134.Virginia Beach,5,Intersection,Friday,Not DEER,1,133005080,"0.Two-way, non-divided",1. On Roadway,I.Urban Collector,Not GUARDRAIL,HIT_RUN,1,4. Four Approaches,133005080,0,0,Not LRTRUCK,2. Daylight,MAINLINE,MAIN,Not MOTORCYCLE,542019. 13408723      13408723      13408724,SEC_URBAN,1,Not PED,1,5,NOT-RD,9. Within Intersection,0.00,1. Straight - Level,"3. Two-Way, Divided, Positive Median Barrier",1. Dry,R-VA134UR08724EB,3. No,Not SENIOR,Not SPEED,9AM TO 12PM,1,3. Traffic Signal,5.Hampton Roads,1. No Adverse Condition (Clear/Cloudy),2. No,Not YOUNG
Not ALCIHOL,Not UNBELTED,BIKE,2. Angle,7/12/2012,7/12/2012,20. Motor Vehicle In Transport,1311,B.Visiible Injury,Chesapeake,Urban,20. Motor Vehicle In Transport,12PM TO 3PM,131.Chesapeake,"1,167",Intersection,Thursday,Not DEER,1,121945222,"0.Two-way, non-divided",1. On Roadway,E.Urban Other Principle Arterials; Connecting Links of Other Rural Principal Arterial,Not GUARDRAIL,Not HIT_RUN,1,3. Three Approaches,121945222,0,0,Not LRTRUCK,2. Daylight,MAINLINE,MAIN,Not MOTORCYCLE,483089.  SR00239       SR00239       US00017       US00017,PRI_URBAN,1,Not PED,1,5,NOT-RD,9. Within Intersection,24.62,1. Straight - Level,"1. Two-Way, Not Divided",1. Dry,R-VA   US00017NB,3. No,SENIOR,Not SPEED,12PM TO 3PM,1,4. Stop Sign,5.Hampton Roads,1. No Adverse Condition (Clear/Cloudy),2. No,YOUNG
Not ALCIHOL,Not UNBELTED,BIKE,2. Angle,7/14/2012,7/14/2012,22. Bicycle,1220,B.Visiible Injury,Newport News,Urban,22. Bicycle,12PM TO 3PM,121.Newport News,,Not Intersection,Saturday,Not DEER,1,122690261,,1. On Roadway,,Not GUARDRAIL,Not HIT_RUN,1,1. Not at Intersection,,0,0,Not LRTRUCK,2. Daylight,MAINLINE,,Not MOTORCYCLE,.,SEC_URBAN,1,Not PED,1,5,NOT-RD,"13. Driveway, Alley-Access - Related",,1. Straight - Level,"1. Two-Way, Not Divided",1. Dry,U-VA121SC99999UK,3. No,Not SENIOR,Not SPEED,12PM TO 3PM,1,1. No Traffic Control,5.Hampton Roads,1. No Adverse Condition (Clear/Cloudy),2. No,Not YOUNG
Not ALCIHOL,Not UNBELTED,BIKE,2. Angle,7/14/2012,7/14/2012,20. Motor Vehicle In Transport,1559,C.Non-Visible Injury,Williamsburg,Urban,20. Motor Vehicle In Transport,3PM TO 6PM,137.Williamsburg,797,Intersection,Saturday,Not DEER,1,122580277,"0.Two-way, non-divided",1. On Roadway,E.Urban Other Principle Arterials; Connecting Links of Other Rural Principal Arterial,Not GUARDRAIL,Not HIT_RUN,1,3. Three Approaches,122580277,0,0,Not LRTRUCK,2. Daylight,MAINLINE,MAIN,Not MOTORCYCLE,398768.  US00060       US00060      13707081,PRI_URBAN,1,Not PED,1,5,NOT-RD,9. Within Intersection,237.94,1. Straight - Level,"1. Two-Way, Not Divided",2. Wet,R-VA   US00060EB,3. No,Not SENIOR,Not SPEED,3PM TO 6PM,1,4. Stop Sign,5.Hampton Roads,1. No Adverse Condition (Clear/Cloudy),2. No,YOUNG
Not ALCIHOL,Not UNBELTED,BIKE,16. Other,3/9/2015,3/9/2015,20. Motor Vehicle In Transport,1712,B.Visiible Injury,Chesapeake,Urban,20. Motor Vehicle In Transport,3PM TO 6PM,131.Chesapeake,301,Intersection,Monday,Not DEER,1,150685380,"0.Two-way, non-divided",1. On Roadway,H.Urban Minor Arterial,Not GUARDRAIL,Not HIT_RUN,1,4. Four Approaches,150685380,0,0,Not LRTRUCK,2. Daylight,MAINLINE,MAIN,Not MOTORCYCLE,483535.  SR00246       US00460       US00460,PRI_URBAN,1,Not PED,1,5,NOT-RD,9. Within Intersection,0.06,1. Straight - Level,"1. Two-Way, Not Divided",1. Dry,R-VA   SR00246WB,3. No,SENIOR,Not SPEED,3PM TO 6PM,1,4. Stop Sign,5.Hampton Roads,1. No Adverse Condition (Clear/Cloudy),2. No,YOUNG
Not ALCIHOL,Not UNBELTED,BIKE,3. Head On,3/10/2015,3/10/2015,22. Bicycle,1117,A.Ambulatory Injury,Norfolk,Urban,22. Bicycle,9AM TO 12PM,122.Norfolk,58,Intersection,Tuesday,Not DEER,1,150920077,"0.Two-way, non-divided",1. On Roadway,E.Urban Other Principle Arterials; Connecting Links of Other Rural Principal Arterial,Not GUARDRAIL,Not HIT_RUN,1,4. Four Approaches,150920077,0,0,Not LRTRUCK,2. Daylight,MAINLINE,MAIN,Not MOTORCYCLE,483317.  SR00165       SR00165       SR00247      12208613,PRI_URBAN,1,Not PED,1,5,NOT-RD,9. Within Intersection,34.20,1. Straight - Level,5. Unknown,2. Wet,R-VA   SR00165SB,3. No,Not SENIOR,Not SPEED,9AM TO 12PM,1,3. Traffic Signal,5.Hampton Roads,1. No Adverse Condition (Clear/Cloudy),2. No,Not YOUNG
Not ALCIHOL,Not UNBELTED,BIKE,2. Angle,10/23/2013,10/23/2013,22. Bicycle,1813,A.Ambulatory Injury,Newport News,Urban,22. Bicycle,6PM TO 9PM,121.Newport News,42,Intersection,Wednesday,Not DEER,1,140380502,"0.Two-way, non-divided",1. On Roadway,I.Urban Collector,Not GUARDRAIL,Not HIT_RUN,1,4. Four Approaches,140380502,0,0,Not LRTRUCK,2. Daylight,MAINLINE,MAIN,Not MOTORCYCLE,646240. 12107012      12107012      12107015      12107015,SEC_URBAN,1,Not PED,1,5,NOT-RD,9. Within Intersection,1.87,1. Straight - Level,"1. Two-Way, Not Divided",1. Dry,R-VA121UR07015NB,1. Yes,Not SENIOR,Not SPEED,6PM TO 9PM,1,3. Traffic Signal,5.Hampton Roads,1. No Adverse Condition (Clear/Cloudy),2. No,Not YOUNG
Not ALCIHOL,Not UNBELTED,BIKE,2. Angle,3/13/2015,3/13/2015,20. Motor Vehicle In Transport,700,B.Visiible Injury,York,Urban,20. Motor Vehicle In Transport,6AM TO 9AM,99.York,37,Intersection,Friday,Not DEER,1,150765108,"0.Two-way, non-divided",1. On Roadway,J.Urban Local,Not GUARDRAIL,Not HIT_RUN,1,4. Four Approaches,150765108,0,0,Not LRTRUCK,2. Daylight,MAINLINE,MAIN,Not MOTORCYCLE,737051.  9901180       9901180       9901185,VDOT_SEC,1,Not PED,1,5,NOT-RD,10. Intersection Related - Within 150 Feet,0.84,1. Straight - Level,"1. Two-Way, Not Divided",1. Dry,R-VA099SC01180NB,3. No,Not SENIOR,Not SPEED,6AM TO 9AM,1,7. No Passing Lines,5.Hampton Roads,1. No Adverse Condition (Clear/Cloudy),2. No,YOUNG
Not ALCIHOL,Not UNBELTED,BIKE,2. Angle,1/10/2012,1/10/2012,22. Bicycle,1730,C.Non-Visible Injury,Norfolk,Urban,22. Bicycle,3PM TO 6PM,122.Norfolk,"2,064",Intersection,Tuesday,Not DEER,1,120400317,"1.Divided, no control of access",5. Gore,H.Urban Minor Arterial,Not GUARDRAIL,Not HIT_RUN,1,1. Not at Intersection,120400317,0,0,Not LRTRUCK,4. Darkness - Road Lighted,MAINLINE,MAIN,Not MOTORCYCLE,483736.  US00460       US00460      12208623,PRI_URBAN,1,Not PED,1,5,NOT-RD,1. Main-Line Roadway,406.20,1. Straight - Level,"4. One-Way, Not Divided",1. Dry,R-VA   US00460WB,3. No,Not SENIOR,Not SPEED,3PM TO 6PM,1,8. Yield Sign,5.Hampton Roads,1. No Adverse Condition (Clear/Cloudy),2. No,YOUNG