Alcohol Notalcohol,Belted Unbelted,Bike Nonbike,Collision Type,CRASH_DT (copy),Crash Dt,Crash Event Type Dsc,Crash Military Tm,Crash Severity,Juris Name Used,Area Type Used,First Harmful Event of Entire Crash,Time Slicing Used,Phy_Juris_Nm,Offset-Ft,Intersection Analysis,Day Of Week,Deer Nodeer,TOTAL CRASH,Document Nbr,FAC,First Harmful Event,FUN,Gr Nogr,Hitrun Not Hitrun,Injury Crashes,Intersection Type,Int Doc,K_CRASH,K People,Lgtruck Nonlgtruck,Light Condition,MAINLINE (group),Mainline Yn,Motor Nonmotor,Node Info,Ownership,Total People Killed & Injured,Ped Nonped,Persons Injured,VSP_Used,Rd Type,Relation To Roadway,Rns Mp,Roadway Alignment,Roadway Description,Roadway Surface Cond,Rte Nm,School Zone,Senior Notsenior,Speed Notspeed,Time Slicing,Total Crashes including Property Damage Only,Traffic Control Type,District_Used ,Weather Condition,Work Zone Related,Young Notyoung
Not ALCIHOL,Not UNBELTED,BIKE,2. Angle,4/14/2015,4/14/2015,22. Bicycle,1820,B.Visiible Injury,Chesapeake,Urban,22. Bicycle,6PM TO 9PM,131.Chesapeake,42,Intersection,Tuesday,Not DEER,1,151045399,"1.Divided, no control of access",1. On Roadway,H.Urban Minor Arterial,Not GUARDRAIL,Not HIT_RUN,1,2. Two Approaches,151045399,0,0,Not LRTRUCK,3. Dusk,MAINLINE,MAIN,Not MOTORCYCLE,483684.  IS00464S004A  SR00337       SR00337,PRI_URBAN,2,Not PED,2,5,NOT-RD,10. Intersection Related - Within 150 Feet,23.50,1. Straight - Level,"2. Two-Way, Divided, Unprotected Median",2. Wet,R-VA   SR00337EB,3. No,Not SENIOR,Not SPEED,6PM TO 9PM,1,3. Traffic Signal,5.Hampton Roads,5. Rain,2. No,Not YOUNG
Not ALCIHOL,Not UNBELTED,BIKE,16. Other,1/27/2012,1/27/2012,22. Bicycle,1630,C.Non-Visible Injury,Virginia Beach,Urban,22. Bicycle,3PM TO 6PM,134.Virginia Beach,502,Intersection,Friday,Not DEER,1,120395198,"1.Divided, no control of access",1. On Roadway,E.Urban Other Principle Arterials; Connecting Links of Other Rural Principal Arterial,Not GUARDRAIL,Not HIT_RUN,1,1. Not at Intersection,120395198,0,0,Not LRTRUCK,2. Daylight,MAINLINE,MAIN,Not MOTORCYCLE,541080.  US00058       US00058      13408752,PRI_URBAN,1,Not PED,1,5,NOT-RD,1. Main-Line Roadway,501.88,1. Straight - Level,"2. Two-Way, Divided, Unprotected Median",1. Dry,R-VA   US00058WB,3. No,Not SENIOR,Not SPEED,3PM TO 6PM,1,1. No Traffic Control,5.Hampton Roads,1. No Adverse Condition (Clear/Cloudy),2. No,Not YOUNG
Not ALCIHOL,Not UNBELTED,BIKE,16. Other,1/28/2012,1/28/2012,22. Bicycle,2356,B.Visiible Injury,Virginia Beach,Urban,22. Bicycle,9PM TO 12AM,134.Virginia Beach,924,Intersection,Saturday,Not DEER,1,120315222,"2.Divided, partial control of access",1. On Roadway,E.Urban Other Principle Arterials; Connecting Links of Other Rural Principal Arterial,Not GUARDRAIL,Not HIT_RUN,1,1. Not at Intersection,120315222,0,0,Not LRTRUCK,4. Darkness - Road Lighted,MAINLINE,MAIN,Not MOTORCYCLE,541066.  US00058       US00058      13400009      13400009,PRI_URBAN,1,Not PED,1,5,NOT-RD,"13. Driveway, Alley-Access - Related",507.24,1. Straight - Level,"1. Two-Way, Not Divided",1. Dry,R-VA   US00058EB,3. No,SENIOR,Not SPEED,9PM TO 12AM,1,1. No Traffic Control,5.Hampton Roads,1. No Adverse Condition (Clear/Cloudy),2. No,Not YOUNG
Not ALCIHOL,Not UNBELTED,BIKE,2. Angle,1/30/2012,1/30/2012,20. Motor Vehicle In Transport,900,A.Ambulatory Injury,Newport News,Urban,20. Motor Vehicle In Transport,6AM TO 9AM,121.Newport News,"1,098",Intersection,Monday,Not DEER,1,120600199,"1.Divided, no control of access",1. On Roadway,H.Urban Minor Arterial,Not GUARDRAIL,Not HIT_RUN,1,4. Four Approaches,120600199,0,0,Not LRTRUCK,2. Daylight,MAINLINE,MAIN,Not MOTORCYCLE,646005.  SR00143       SR00312       US00017       US00017,PRI_URBAN,1,Not PED,1,5,NOT-RD,9. Within Intersection,0.90,3. Grade - Straight,"3. Two-Way, Divided, Positive Median Barrier",1. Dry,R-VA   SR00312WB,3. No,Not SENIOR,Not SPEED,6AM TO 9AM,1,3. Traffic Signal,5.Hampton Roads,1. No Adverse Condition (Clear/Cloudy),2. No,Not YOUNG
Not ALCIHOL,Not UNBELTED,BIKE,2. Angle,1/30/2012,1/30/2012,20. Motor Vehicle In Transport,1810,C.Non-Visible Injury,Norfolk,Urban,20. Motor Vehicle In Transport,6PM TO 9PM,122.Norfolk,"1,309",Intersection,Monday,Not DEER,1,120550122,"0.Two-way, non-divided",1. On Roadway,E.Urban Other Principle Arterials; Connecting Links of Other Rural Principal Arterial,Not GUARDRAIL,Not HIT_RUN,1,1. Not at Intersection,120550122,0,0,Not LRTRUCK,4. Darkness - Road Lighted,MAINLINE,MAIN,Not MOTORCYCLE,483419.  SR00168       SR00168       SR00247       SR00247,PRI_URBAN,1,Not PED,1,5,NOT-RD,8. Non-Intersection,25.65,1. Straight - Level,"2. Two-Way, Divided, Unprotected Median",1. Dry,R-VA   SR00168SB,3. No,SENIOR,Not SPEED,6PM TO 9PM,1,4. Stop Sign,5.Hampton Roads,1. No Adverse Condition (Clear/Cloudy),2. No,Not YOUNG
Not ALCIHOL,Not UNBELTED,BIKE,2. Angle,1/30/2012,1/30/2012,22. Bicycle,2259,A.Ambulatory Injury,Chesapeake,Urban,22. Bicycle,9PM TO 12AM,131.Chesapeake,143,Intersection,Monday,Not DEER,1,120550112,"0.Two-way, non-divided",4. Roadside,H.Urban Minor Arterial,Not GUARDRAIL,HIT_RUN,1,1. Not at Intersection,120550112,0,0,Not LRTRUCK,5. Darkness - Road Not Lighted,MAINLINE,MAIN,Not MOTORCYCLE,483465.  FR00148       SR00190       SR00190,PRI_URBAN,1,Not PED,1,5,NOT-RD,1. Main-Line Roadway,0.91,9. Other,"1. Two-Way, Not Divided",1. Dry,R-VA   SR00190EB,3. No,Not SENIOR,SPEED,9PM TO 12AM,1,6. Traffic Lanes Marked,5.Hampton Roads,1. No Adverse Condition (Clear/Cloudy),2. No,Not YOUNG
Not ALCIHOL,Not UNBELTED,BIKE,2. Angle,7/30/2012,7/30/2012,20. Motor Vehicle In Transport,715,B.Visiible Injury,Chesapeake,Urban,20. Motor Vehicle In Transport,6AM TO 9AM,131.Chesapeake,"4,879",Intersection,Monday,Not DEER,1,122135057,"0.Two-way, non-divided",1. On Roadway,I.Urban Collector,Not GUARDRAIL,Not HIT_RUN,1,4. Four Approaches,122135057,0,0,Not LRTRUCK,2. Daylight,MAINLINE,MAIN,Not MOTORCYCLE,483377. 13108803     C1SR00168     C1SR00168,SEC_URBAN,1,Not PED,1,5,NOT-RD,9. Within Intersection,0.92,1. Straight - Level,"3. Two-Way, Divided, Positive Median Barrier",1. Dry,R-VA131UR08803NB,3. No,Not SENIOR,Not SPEED,6AM TO 9AM,1,3. Traffic Signal,5.Hampton Roads,1. No Adverse Condition (Clear/Cloudy),2. No,Not YOUNG
Not ALCIHOL,Not UNBELTED,BIKE,16. Other,7/30/2012,7/30/2012,6. Parked Vehicle,1600,A.Ambulatory Injury,Norfolk,Urban,6. Parked Vehicle,3PM TO 6PM,122.Norfolk,,Not Intersection,Monday,Not DEER,1,122620166,,1. On Roadway,,Not GUARDRAIL,Not HIT_RUN,1,3. Three Approaches,,0,0,Not LRTRUCK,2. Daylight,MAINLINE,,Not MOTORCYCLE,.,SEC_URBAN,1,Not PED,1,5,RD-UNKNOWN,10. Intersection Related - Within 150 Feet,,1. Straight - Level,"2. Two-Way, Divided, Unprotected Median",1. Dry,U-VA122SC99999UK,3. No,Not SENIOR,Not SPEED,3PM TO 6PM,1,6. Traffic Lanes Marked,5.Hampton Roads,1. No Adverse Condition (Clear/Cloudy),2. No,Not YOUNG
Not ALCIHOL,Not UNBELTED,BIKE,2. Angle,8/1/2012,8/1/2012,22. Bicycle,955,C.Non-Visible Injury,Suffolk,Urban,22. Bicycle,9AM TO 12PM,133.Suffolk,0,Intersection,Wednesday,Not DEER,1,123185317,"0.Two-way, non-divided",1. On Roadway,J.Urban Local,Not GUARDRAIL,Not HIT_RUN,1,4. Four Approaches,123185317,0,0,Not LRTRUCK,2. Daylight,MAINLINE,MAIN,Not MOTORCYCLE,468542. 13301111      13301111      13301117      13301117,SEC_URBAN,1,Not PED,1,5,NOT-RD,1. Main-Line Roadway,0.64,1. Straight - Level,"1. Two-Way, Not Divided",1. Dry,R-VA133UR01111SB,3. No,Not SENIOR,Not SPEED,9AM TO 12PM,1,4. Stop Sign,5.Hampton Roads,1. No Adverse Condition (Clear/Cloudy),2. No,Not YOUNG
Not ALCIHOL,Not UNBELTED,BIKE,2. Angle,1/31/2012,1/31/2012,22. Bicycle,1824,B.Visiible Injury,Virginia Beach,Urban,22. Bicycle,6PM TO 9PM,134.Virginia Beach,0,Intersection,Tuesday,Not DEER,1,120325037,"1.Divided, no control of access",1. On Roadway,H.Urban Minor Arterial,Not GUARDRAIL,Not HIT_RUN,1,4. Four Approaches,120325037,0,0,Not LRTRUCK,4. Darkness - Road Lighted,MAINLINE,MAIN,Not MOTORCYCLE,541353. 13408627      13408627      13408734,SEC_URBAN,1,Not PED,1,5,NOT-RD,9. Within Intersection,4.15,1. Straight - Level,"2. Two-Way, Divided, Unprotected Median",1. Dry,R-VA134UR08627SB,3. No,Not SENIOR,Not SPEED,6PM TO 9PM,1,3. Traffic Signal,5.Hampton Roads,1. No Adverse Condition (Clear/Cloudy),2. No,Not YOUNG
Not ALCIHOL,Not UNBELTED,BIKE,2. Angle,1/31/2012,1/31/2012,22. Bicycle,1400,B.Visiible Injury,Virginia Beach,Urban,22. Bicycle,12PM TO 3PM,134.Virginia Beach,,Not Intersection,Tuesday,Not DEER,1,120335028,,1. On Roadway,,Not GUARDRAIL,Not HIT_RUN,1,3. Three Approaches,,0,0,Not LRTRUCK,2. Daylight,MAINLINE,,Not MOTORCYCLE,.,SEC_URBAN,2,Not PED,2,5,NOT-RD,9. Within Intersection,,1. Straight - Level,"3. Two-Way, Divided, Positive Median Barrier",1. Dry,U-VA134SC99999UK,3. No,Not SENIOR,Not SPEED,12PM TO 3PM,1,4. Stop Sign,5.Hampton Roads,1. No Adverse Condition (Clear/Cloudy),2. No,Not YOUNG
Not ALCIHOL,Not UNBELTED,BIKE,2. Angle,4/16/2015,4/16/2015,22. Bicycle,1900,C.Non-Visible Injury,Norfolk,Urban,22. Bicycle,6PM TO 9PM,122.Norfolk,74,Intersection,Thursday,Not DEER,1,151310012,"0.Two-way, non-divided",1. On Roadway,H.Urban Minor Arterial,Not GUARDRAIL,Not HIT_RUN,1,4. Four Approaches,151310012,0,0,Not LRTRUCK,2. Daylight,MAINLINE,MAIN,Not MOTORCYCLE,483789. 12208575      12208575      12208582,SEC_URBAN,1,Not PED,1,5,NOT-RD,9. Within Intersection,0.60,1. Straight - Level,"3. Two-Way, Divided, Positive Median Barrier",1. Dry,R-VA122UR08582WB,3. No,Not SENIOR,Not SPEED,6PM TO 9PM,1,3. Traffic Signal,5.Hampton Roads,1. No Adverse Condition (Clear/Cloudy),2. No,YOUNG
Not ALCIHOL,Not UNBELTED,BIKE,1. Rear End,4/16/2015,4/16/2015,22. Bicycle,1500,A.Ambulatory Injury,Chesapeake,Urban,22. Bicycle,12PM TO 3PM,131.Chesapeake,,Not Intersection,Thursday,Not DEER,1,151095135,,1. On Roadway,,Not GUARDRAIL,HIT_RUN,1,1. Not at Intersection,,0,0,Not LRTRUCK,2. Daylight,MAINLINE,,Not MOTORCYCLE,.,SEC_URBAN,1,Not PED,1,5,NOT-RD,8. Non-Intersection,,1. Straight - Level,"1. Two-Way, Not Divided",1. Dry,U-VA131SC99999UK,3. No,Not SENIOR,Not SPEED,12PM TO 3PM,1,4. Stop Sign,5.Hampton Roads,1. No Adverse Condition (Clear/Cloudy),2. No,Not YOUNG
ALCOHOL,Not UNBELTED,BIKE,16. Other,8/2/2012,8/2/2012,22. Bicycle,2316,B.Visiible Injury,Virginia Beach,Urban,22. Bicycle,9PM TO 12AM,134.Virginia Beach,37,Intersection,Thursday,Not DEER,1,122315093,"1.Divided, no control of access",1. On Roadway,H.Urban Minor Arterial,Not GUARDRAIL,Not HIT_RUN,1,4. Four Approaches,122315093,0,0,Not LRTRUCK,4. Darkness - Road Lighted,MAINLINE,MAIN,Not MOTORCYCLE,541273. 13400012      13400012      13408827      13408827,SEC_URBAN,1,Not PED,1,5,NOT-RD,9. Within Intersection,2.48,1. Straight - Level,"2. Two-Way, Divided, Unprotected Median",1. Dry,R-VA134UR00012WB,3. No,Not SENIOR,Not SPEED,9PM TO 12AM,1,3. Traffic Signal,5.Hampton Roads,1. No Adverse Condition (Clear/Cloudy),2. No,YOUNG
Not ALCIHOL,Not UNBELTED,BIKE,2. Angle,8/3/2012,8/3/2012,22. Bicycle,1815,B.Visiible Injury,Chesapeake,Urban,22. Bicycle,6PM TO 9PM,131.Chesapeake,"4,272",Intersection,Friday,Not DEER,1,122195232,"0.Two-way, non-divided",1. On Roadway,I.Urban Collector,Not GUARDRAIL,Not HIT_RUN,1,3. Three Approaches,122195232,0,0,Not LRTRUCK,2. Daylight,MAINLINE,MAIN,Not MOTORCYCLE,483332.  SR00165       SR00165      13108803,SEC_URBAN,1,Not PED,1,5,NOT-RD,9. Within Intersection,1.55,1. Straight - Level,"1. Two-Way, Not Divided",1. Dry,R-VA131UR08803NB,3. No,Not SENIOR,Not SPEED,6PM TO 9PM,1,6. Traffic Lanes Marked,5.Hampton Roads,1. No Adverse Condition (Clear/Cloudy),2. No,YOUNG
Not ALCIHOL,Not UNBELTED,BIKE,2. Angle,8/3/2012,8/3/2012,20. Motor Vehicle In Transport,935,B.Visiible Injury,Virginia Beach,Urban,20. Motor Vehicle In Transport,9AM TO 12PM,134.Virginia Beach,,Not Intersection,Friday,Not DEER,1,122435090,,1. On Roadway,,Not GUARDRAIL,Not HIT_RUN,1,4. Four Approaches,,0,0,Not LRTRUCK,2. Daylight,MAINLINE,,Not MOTORCYCLE,.,SEC_URBAN,1,Not PED,1,5,NOT-RD,9. Within Intersection,,1. Straight - Level,"1. Two-Way, Not Divided",1. Dry,U-VA134SC99999UK,3. No,Not SENIOR,Not SPEED,9AM TO 12PM,1,14. Ped Crosswalk,5.Hampton Roads,1. No Adverse Condition (Clear/Cloudy),2. No,YOUNG
Not ALCIHOL,Not UNBELTED,BIKE,1. Rear End,8/3/2012,8/3/2012,22. Bicycle,2339,A.Ambulatory Injury,Chesapeake,Urban,22. Bicycle,9PM TO 12AM,131.Chesapeake,597,Intersection,Friday,Not DEER,1,122235018,"0.Two-way, non-divided",1. On Roadway,I.Urban Collector,Not GUARDRAIL,HIT_RUN,1,1. Not at Intersection,122235018,0,0,Not LRTRUCK,4. Darkness - Road Lighted,MAINLINE,MAIN,Not MOTORCYCLE,483040.  SR00196       US00013       US00013      13108605,SEC_URBAN,1,Not PED,1,5,NOT-RD,8. Non-Intersection,0.40,1. Straight - Level,"2. Two-Way, Divided, Unprotected Median",1. Dry,R-VA131UR08605NB,3. No,Not SENIOR,SPEED,9PM TO 12AM,1,6. Traffic Lanes Marked,5.Hampton Roads,1. No Adverse Condition (Clear/Cloudy),2. No,Not YOUNG
Not ALCIHOL,Not UNBELTED,BIKE,2. Angle,8/4/2012,8/4/2012,22. Bicycle,705,B.Visiible Injury,Chincoteaque,Rural,22. Bicycle,6AM TO 9AM,190.Chincoteaque,,Not Intersection,Saturday,Not DEER,1,122365204,,1. On Roadway,,Not GUARDRAIL,Not HIT_RUN,1,4. Four Approaches,,0,0,Not LRTRUCK,2. Daylight,MAINLINE,,Not MOTORCYCLE,.,VDOT_OTHER,1,Not PED,1,5,NOT-RD,9. Within Intersection,0.00,1. Straight - Level,"1. Two-Way, Not Divided",1. Dry,S-VA190PR CHURCH ST,3. No,Not SENIOR,Not SPEED,6AM TO 9AM,1,4. Stop Sign,5.Hampton Roads,1. No Adverse Condition (Clear/Cloudy),2. No,Not YOUNG
Not ALCIHOL,Not UNBELTED,BIKE,1. Rear End,4/20/2015,4/20/2015,22. Bicycle,1644,B.Visiible Injury,Virginia Beach,Urban,22. Bicycle,3PM TO 6PM,134.Virginia Beach,"1,795",Intersection,Monday,Not DEER,1,151235124,"0.Two-way, non-divided",1. On Roadway,I.Urban Collector,Not GUARDRAIL,Not HIT_RUN,1,3. Three Approaches,151235124,0,0,Not LRTRUCK,2. Daylight,MAINLINE,MAIN,Not MOTORCYCLE,541177.  SR00190       SR00190      13408700,SEC_URBAN,1,Not PED,1,5,NOT-RD,9. Within Intersection,1.01,1. Straight - Level,"2. Two-Way, Divided, Unprotected Median",1. Dry,R-VA134UR08700SB,3. No,Not SENIOR,Not SPEED,3PM TO 6PM,1,4. Stop Sign,5.Hampton Roads,1. No Adverse Condition (Clear/Cloudy),2. No,YOUNG
Not ALCIHOL,Not UNBELTED,BIKE,3. Head On,4/20/2015,4/20/2015,22. Bicycle,745,C.Non-Visible Injury,Norfolk,Urban,22. Bicycle,6AM TO 9AM,122.Norfolk,74,Intersection,Monday,Not DEER,1,151310042,"4.One-way, part of a one-way system",1. On Roadway,A.Urban Interstate,Not GUARDRAIL,HIT_RUN,1,1. Not at Intersection,151310042,0,0,Not LRTRUCK,2. Daylight,RAMP,NOT_MAIN,Not MOTORCYCLE,483020.  IS00264E013A  US00013       US00013,VDOT_IS,1,Not PED,1,5,NOT-RD,5. On Entrance/Exit Ramp,0.14,1. Straight - Level,"3. Two-Way, Divided, Positive Median Barrier",1. Dry,R-VA   IS00264EB      RMP013.00A,3. No,Not SENIOR,Not SPEED,6AM TO 9AM,1,6. Traffic Lanes Marked,5.Hampton Roads,1. No Adverse Condition (Clear/Cloudy),2. No,YOUNG
Not ALCIHOL,Not UNBELTED,BIKE,3. Head On,8/5/2012,8/5/2012,22. Bicycle,53,A.Ambulatory Injury,Hampton,Urban,22. Bicycle,0AM TO 3AM,114.Hampton,16,Intersection,Sunday,Not DEER,1,122840267,"1.Divided, no control of access",1. On Roadway,E.Urban Other Principle Arterials; Connecting Links of Other Rural Principal Arterial,Not GUARDRAIL,HIT_RUN,1,1. Not at Intersection,122840267,0,0,Not LRTRUCK,4. Darkness - Road Lighted,MAINLINE,MAIN,Not MOTORCYCLE,754221.  IS00064W263B  US00258       US00258,PRI_URBAN,1,Not PED,1,5,NOT-RD,1. Main-Line Roadway,62.79,1. Straight - Level,"3. Two-Way, Divided, Positive Median Barrier",1. Dry,R-VA   US00258EB,3. No,Not SENIOR,Not SPEED,0AM TO 3AM,1,6. Traffic Lanes Marked,5.Hampton Roads,1. No Adverse Condition (Clear/Cloudy),2. No,Not YOUNG
Not ALCIHOL,Not UNBELTED,BIKE,2. Angle,8/6/2012,8/6/2012,22. Bicycle,1450,A.Ambulatory Injury,Virginia Beach,Urban,22. Bicycle,12PM TO 3PM,134.Virginia Beach,"3,337",Intersection,Monday,Not DEER,1,122375226,"0.Two-way, non-divided",1. On Roadway,H.Urban Minor Arterial,Not GUARDRAIL,Not HIT_RUN,1,4. Four Approaches,122375226,0,0,Not LRTRUCK,2. Daylight,MAINLINE,MAIN,Not MOTORCYCLE,541493. 13408669      13408669      13408724      13408724,SEC_URBAN,1,Not PED,1,5,NOT-RD,10. Intersection Related - Within 150 Feet,21.90,1. Straight - Level,"1. Two-Way, Not Divided",2. Wet,R-VA134UR08669NB,3. No,Not SENIOR,Not SPEED,12PM TO 3PM,1,6. Traffic Lanes Marked,5.Hampton Roads,5. Rain,2. No,YOUNG
Not ALCIHOL,Not UNBELTED,BIKE,2. Angle,8/6/2012,8/6/2012,22. Bicycle,1433,C.Non-Visible Injury,Newport News,Urban,22. Bicycle,12PM TO 3PM,121.Newport News,"2,476",Intersection,Monday,Not DEER,1,123120099,"1.Divided, no control of access",1. On Roadway,E.Urban Other Principle Arterials; Connecting Links of Other Rural Principal Arterial,Not GUARDRAIL,HIT_RUN,1,4. Four Approaches,123120099,0,0,Not LRTRUCK,2. Daylight,MAINLINE,MAIN,Not MOTORCYCLE,756246.  US00017       US00017       US00258W059B,PRI_URBAN,1,Not PED,1,5,NOT-RD,1. Main-Line Roadway,51.66,1. Straight - Level,"2. Two-Way, Divided, Unprotected Median",2. Wet,R-VA   US00017SB,3. No,Not SENIOR,Not SPEED,12PM TO 3PM,1,3. Traffic Signal,5.Hampton Roads,5. Rain,2. No,YOUNG
Not ALCIHOL,Not UNBELTED,BIKE,4. Sideswipe - Same Direction,8/7/2012,8/7/2012,22. Bicycle,1330,C.Non-Visible Injury,Virginia Beach,Urban,22. Bicycle,12PM TO 3PM,134.Virginia Beach,26,Intersection,Tuesday,Not DEER,1,122425122,"0.Two-way, non-divided",1. On Roadway,E.Urban Other Principle Arterials; Connecting Links of Other Rural Principal Arterial,Not GUARDRAIL,Not HIT_RUN,1,4. Four Approaches,122425122,0,0,Not LRTRUCK,2. Daylight,MAINLINE,MAIN,Not MOTORCYCLE,541057.  US00058       US00060       US00060      13408578,PRI_URBAN,2,Not PED,2,5,NOT-RD,9. Within Intersection,302.02,1. Straight - Level,"2. Two-Way, Divided, Unprotected Median",1. Dry,R-VA   US00060EB,3. No,Not SENIOR,Not SPEED,12PM TO 3PM,1,3. Traffic Signal,5.Hampton Roads,1. No Adverse Condition (Clear/Cloudy),2. No,YOUNG
Not ALCIHOL,Not UNBELTED,BIKE,3. Head On,8/7/2012,8/7/2012,22. Bicycle,1139,B.Visiible Injury,Virginia Beach,Urban,22. Bicycle,9AM TO 12PM,134.Virginia Beach,,Not Intersection,Tuesday,Not DEER,1,122495130,,1. On Roadway,,Not GUARDRAIL,Not HIT_RUN,1,1. Not at Intersection,,0,0,Not LRTRUCK,2. Daylight,MAINLINE,,Not MOTORCYCLE,.,SEC_URBAN,1,Not PED,1,5,RD-UNKNOWN,1. Main-Line Roadway,,1. Straight - Level,"1. Two-Way, Not Divided",1. Dry,U-VA134SC99999UK,3. No,Not SENIOR,Not SPEED,9AM TO 12PM,1,1. No Traffic Control,5.Hampton Roads,1. No Adverse Condition (Clear/Cloudy),2. No,Not YOUNG
Not ALCIHOL,Not UNBELTED,BIKE,2. Angle,8/7/2012,8/7/2012,22. Bicycle,2153,A.Ambulatory Injury,Norfolk,Urban,22. Bicycle,9PM TO 12AM,122.Norfolk,"1,336",Intersection,Tuesday,Not DEER,1,123530068,"1.Divided, no control of access",1. On Roadway,H.Urban Minor Arterial,Not GUARDRAIL,Not HIT_RUN,1,2. Two Approaches,123530068,0,0,Not LRTRUCK,4. Darkness - Road Lighted,MAINLINE,MAIN,Not MOTORCYCLE,483501.  SR00194       SR00194      12208620      12208620,PRI_URBAN,2,Not PED,2,5,NOT-RD,9. Within Intersection,3.72,1. Straight - Level,"3. Two-Way, Divided, Positive Median Barrier",2. Wet,R-VA   SR00194SB,3. No,Not SENIOR,SPEED,9PM TO 12AM,1,4. Stop Sign,5.Hampton Roads,5. Rain,2. No,Not YOUNG
ALCOHOL,Not UNBELTED,BIKE,1. Rear End,8/8/2012,8/8/2012,22. Bicycle,2250,B.Visiible Injury,Norfolk,Urban,22. Bicycle,9PM TO 12AM,122.Norfolk,333,Intersection,Wednesday,Not DEER,1,122640048,"1.Divided, no control of access",2. Shoulder,H.Urban Minor Arterial,Not GUARDRAIL,HIT_RUN,1,1. Not at Intersection,122640048,0,0,Not LRTRUCK,4. Darkness - Road Lighted,MAINLINE,MAIN,Not MOTORCYCLE,483550.  SR00247       SR00247      12208636,PRI_URBAN,1,Not PED,1,5,NOT-RD,1. Main-Line Roadway,3.48,1. Straight - Level,"2. Two-Way, Divided, Unprotected Median",1. Dry,R-VA   SR00247EB,3. No,Not SENIOR,Not SPEED,9PM TO 12AM,1,1. No Traffic Control,5.Hampton Roads,1. No Adverse Condition (Clear/Cloudy),2. No,Not YOUNG
Not ALCIHOL,Not UNBELTED,BIKE,2. Angle,11/17/2013,11/17/2013,20. Motor Vehicle In Transport,2008,B.Visiible Injury,Hampton,Urban,20. Motor Vehicle In Transport,6PM TO 9PM,114.Hampton,"1,262",Intersection,Sunday,Not DEER,1,140760256,"1.Divided, no control of access",1. On Roadway,I.Urban Collector,Not GUARDRAIL,Not HIT_RUN,1,4. Four Approaches,140760256,0,0,Not LRTRUCK,4. Darkness - Road Lighted,MAINLINE,MAIN,Not MOTORCYCLE,253117.  SR00169       SR00169      11407041,SEC_URBAN,1,Not PED,1,5,NOT-RD,9. Within Intersection,0.24,1. Straight - Level,"2. Two-Way, Divided, Unprotected Median",1. Dry,R-VA114UR07041SB,3. No,Not SENIOR,Not SPEED,6PM TO 9PM,1,4. Stop Sign,5.Hampton Roads,1. No Adverse Condition (Clear/Cloudy),2. No,YOUNG
Not ALCIHOL,Not UNBELTED,BIKE,16. Other,11/18/2013,11/18/2013,22. Bicycle,1710,B.Visiible Injury,Virginia Beach,Urban,22. Bicycle,3PM TO 6PM,134.Virginia Beach,,Not Intersection,Monday,Not DEER,1,133345165,,1. On Roadway,,Not GUARDRAIL,Not HIT_RUN,1,4. Four Approaches,,0,0,Not LRTRUCK,5. Darkness - Road Not Lighted,MAINLINE,,Not MOTORCYCLE,.,SEC_URBAN,1,Not PED,1,5,NOT-RD,9. Within Intersection,,1. Straight - Level,"1. Two-Way, Not Divided",1. Dry,U-VA134SC99999UK,3. No,Not SENIOR,Not SPEED,3PM TO 6PM,1,4. Stop Sign,5.Hampton Roads,1. No Adverse Condition (Clear/Cloudy),2. No,Not YOUNG
Not ALCIHOL,Not UNBELTED,BIKE,2. Angle,11/18/2013,11/18/2013,22. Bicycle,1125,B.Visiible Injury,Norfolk,Urban,22. Bicycle,9AM TO 12PM,122.Norfolk,"1,135",Intersection,Monday,Not DEER,1,140690028,"1.Divided, no control of access",1. On Roadway,H.Urban Minor Arterial,Not GUARDRAIL,Not HIT_RUN,1,4. Four Approaches,140690028,0,0,Not LRTRUCK,2. Daylight,MAINLINE,MAIN,Not MOTORCYCLE,483312.  SR00165       SR00165       SR00194       SR00194,PRI_URBAN,1,Not PED,1,5,NOT-RD,9. Within Intersection,3.56,1. Straight - Level,"2. Two-Way, Divided, Unprotected Median",1. Dry,R-VA   SR00194NB,3. No,SENIOR,Not SPEED,9AM TO 12PM,1,4. Stop Sign,5.Hampton Roads,1. No Adverse Condition (Clear/Cloudy),2. No,Not YOUNG
Not ALCIHOL,Not UNBELTED,BIKE,2. Angle,8/10/2012,8/10/2012,22. Bicycle,1551,B.Visiible Injury,Virginia Beach,Urban,22. Bicycle,3PM TO 6PM,134.Virginia Beach,0,Intersection,Friday,Not DEER,1,122255095,"1.Divided, no control of access",1. On Roadway,H.Urban Minor Arterial,Not GUARDRAIL,Not HIT_RUN,1,4. Four Approaches,122255095,0,0,Not LRTRUCK,2. Daylight,MAINLINE,MAIN,Not MOTORCYCLE,541183.  SR00190       SR00190       SR00190 013B,PRI_URBAN,1,Not PED,1,5,NOT-RD,5. On Entrance/Exit Ramp,13.07,1. Straight - Level,"2. Two-Way, Divided, Unprotected Median",1. Dry,R-VA   SR00190EB,3. No,Not SENIOR,Not SPEED,3PM TO 6PM,1,1. No Traffic Control,5.Hampton Roads,1. No Adverse Condition (Clear/Cloudy),2. No,YOUNG