Alcohol Notalcohol,Belted Unbelted,Bike Nonbike,Collision Type,CRASH_DT (copy),Crash Dt,Crash Event Type Dsc,Crash Military Tm,Crash Severity,Juris Name Used,Area Type Used,First Harmful Event of Entire Crash,Time Slicing Used,Phy_Juris_Nm,Offset-Ft,Intersection Analysis,Day Of Week,Deer Nodeer,TOTAL CRASH,Document Nbr,FAC,First Harmful Event,FUN,Gr Nogr,Hitrun Not Hitrun,Injury Crashes,Intersection Type,Int Doc,K_CRASH,K People,Lgtruck Nonlgtruck,Light Condition,MAINLINE (group),Mainline Yn,Motor Nonmotor,Node Info,Ownership,Total People Killed & Injured,Ped Nonped,Persons Injured,VSP_Used,Rd Type,Relation To Roadway,Rns Mp,Roadway Alignment,Roadway Description,Roadway Surface Cond,Rte Nm,School Zone,Senior Notsenior,Speed Notspeed,Time Slicing,Total Crashes including Property Damage Only,Traffic Control Type,District_Used ,Weather Condition,Work Zone Related,Young Notyoung
Not ALCIHOL,Not UNBELTED,BIKE,2. Angle,8/10/2012,8/10/2012,20. Motor Vehicle In Transport,1826,C.Non-Visible Injury,Norfolk,Urban,20. Motor Vehicle In Transport,6PM TO 9PM,122.Norfolk,"1,003",Intersection,Friday,Not DEER,1,122650053,"1.Divided, no control of access",1. On Roadway,E.Urban Other Principle Arterials; Connecting Links of Other Rural Principal Arterial,Not GUARDRAIL,Not HIT_RUN,1,4. Four Approaches,122650053,0,0,Not LRTRUCK,2. Daylight,MAINLINE,MAIN,Not MOTORCYCLE,483125.  US00058       US00058      12208639      12208639,PRI_URBAN,1,Not PED,1,5,NOT-RD,9. Within Intersection,494.57,1. Straight - Level,"3. Two-Way, Divided, Positive Median Barrier",1. Dry,R-VA   US00058EB,3. No,SENIOR,Not SPEED,6PM TO 9PM,1,3. Traffic Signal,5.Hampton Roads,1. No Adverse Condition (Clear/Cloudy),2. No,Not YOUNG
Not ALCIHOL,Not UNBELTED,BIKE,2. Angle,2/3/2012,2/3/2012,22. Bicycle,1523,A.Ambulatory Injury,Sussex,Rural,22. Bicycle,3PM TO 6PM,91.Sussex,53,Intersection,Friday,Not DEER,1,120345196,"0.Two-way, non-divided",1. On Roadway,2.Rural Other Principle Arterial,Not GUARDRAIL,Not HIT_RUN,1,4. Four Approaches,120345196,0,0,Not LRTRUCK,2. Daylight,MAINLINE,MAIN,Not MOTORCYCLE,631100.  9100628       SR00031       US00460       US00460,VDOT_PRI,2,Not PED,2,5,NOT-RD,9. Within Intersection,348.07,1. Straight - Level,"1. Two-Way, Not Divided",1. Dry,R-VA   US00460EB,3. No,SENIOR,Not SPEED,3PM TO 6PM,1,3. Traffic Signal,5.Hampton Roads,1. No Adverse Condition (Clear/Cloudy),2. No,Not YOUNG
Not ALCIHOL,Not UNBELTED,BIKE,2. Angle,2/4/2012,2/4/2012,20. Motor Vehicle In Transport,820,B.Visiible Injury,Chesapeake,Urban,20. Motor Vehicle In Transport,6AM TO 9AM,131.Chesapeake,190,Intersection,Saturday,Not DEER,1,120580140,"0.Two-way, non-divided",1. On Roadway,I.Urban Collector,Not GUARDRAIL,Not HIT_RUN,1,1. Not at Intersection,120580140,0,0,Not LRTRUCK,2. Daylight,MAINLINE,MAIN,Not MOTORCYCLE,483329.  SR00165       SR00165      13108804,SEC_URBAN,1,Not PED,1,5,NOT-RD,8. Non-Intersection,0.00,1. Straight - Level,"2. Two-Way, Divided, Unprotected Median",1. Dry,R-VA131UR08804EB,3. No,Not SENIOR,Not SPEED,6AM TO 9AM,1,6. Traffic Lanes Marked,5.Hampton Roads,1. No Adverse Condition (Clear/Cloudy),2. No,YOUNG
Not ALCIHOL,Not UNBELTED,BIKE,2. Angle,2/6/2012,2/6/2012,22. Bicycle,1842,C.Non-Visible Injury,Suffolk,Urban,22. Bicycle,6PM TO 9PM,133.Suffolk,"5,259",Intersection,Monday,Not DEER,1,120790081,"0.Two-way, non-divided",2. Shoulder,E.Urban Other Principle Arterials; Connecting Links of Other Rural Principal Arterial,Not GUARDRAIL,Not HIT_RUN,1,1. Not at Intersection,120790081,0,0,Not LRTRUCK,4. Darkness - Road Lighted,MAINLINE,MAIN,Not MOTORCYCLE,468394. 13300709     C4US00460     C4US00460,PRI_URBAN,1,Not PED,1,5,NOT-RD,1. Main-Line Roadway,2.55,1. Straight - Level,"1. Two-Way, Not Divided",1. Dry,R-VA   US00460EBBUS004,3. No,SENIOR,Not SPEED,6PM TO 9PM,1,1. No Traffic Control,5.Hampton Roads,1. No Adverse Condition (Clear/Cloudy),2. No,Not YOUNG
Not ALCIHOL,Not UNBELTED,BIKE,4. Sideswipe - Same Direction,2/8/2012,2/8/2012,22. Bicycle,2015,C.Non-Visible Injury,Hampton,Urban,22. Bicycle,6PM TO 9PM,114.Hampton,127,Intersection,Wednesday,Not DEER,1,121100060,"0.Two-way, non-divided",2. Shoulder,H.Urban Minor Arterial,Not GUARDRAIL,HIT_RUN,1,4. Four Approaches,121100060,0,0,Not LRTRUCK,4. Darkness - Road Lighted,MAINLINE,MAIN,Not MOTORCYCLE,253177.  SR00351       SR00351      11407059      11407059,PRI_URBAN,1,Not PED,1,5,NOT-RD,9. Within Intersection,3.04,1. Straight - Level,"2. Two-Way, Divided, Unprotected Median",2. Wet,R-VA   SR00351EB,3. No,Not SENIOR,Not SPEED,6PM TO 9PM,1,6. Traffic Lanes Marked,5.Hampton Roads,1. No Adverse Condition (Clear/Cloudy),2. No,Not YOUNG
Not ALCIHOL,Not UNBELTED,BIKE,2. Angle,8/13/2012,8/13/2012,22. Bicycle,1422,B.Visiible Injury,Hampton,Urban,22. Bicycle,12PM TO 3PM,114.Hampton,,Not Intersection,Monday,Not DEER,1,122900137,,1. On Roadway,,Not GUARDRAIL,Not HIT_RUN,1,1. Not at Intersection,,0,0,Not LRTRUCK,2. Daylight,MAINLINE,,Not MOTORCYCLE,.,SEC_URBAN,1,Not PED,1,5,NOT-RD,1. Main-Line Roadway,,1. Straight - Level,"1. Two-Way, Not Divided",1. Dry,U-VA114SC99999UK,3. No,Not SENIOR,Not SPEED,12PM TO 3PM,1,1. No Traffic Control,5.Hampton Roads,1. No Adverse Condition (Clear/Cloudy),2. No,Not YOUNG
Not ALCIHOL,Not UNBELTED,BIKE,2. Angle,8/13/2012,8/13/2012,22. Bicycle,1526,B.Visiible Injury,Norfolk,Urban,22. Bicycle,3PM TO 6PM,122.Norfolk,,Not Intersection,Monday,Not DEER,1,123530069,,1. On Roadway,,Not GUARDRAIL,Not HIT_RUN,1,4. Four Approaches,,0,0,Not LRTRUCK,2. Daylight,MAINLINE,,Not MOTORCYCLE,.,SEC_URBAN,1,Not PED,1,5,NOT-RD,9. Within Intersection,,1. Straight - Level,"1. Two-Way, Not Divided",1. Dry,U-VA122SC99999UK,3. No,SENIOR,Not SPEED,3PM TO 6PM,1,1. No Traffic Control,5.Hampton Roads,1. No Adverse Condition (Clear/Cloudy),2. No,Not YOUNG
Not ALCIHOL,Not UNBELTED,BIKE,8. Non-Collision,8/14/2012,8/14/2012,42. Other Non-Collision,1748,B.Visiible Injury,Suffolk,Urban,42. Other Non-Collision,3PM TO 6PM,133.Suffolk,"4,023",Intersection,Tuesday,Not DEER,1,122305086,"0.Two-way, non-divided",4. Roadside,E.Urban Other Principle Arterials; Connecting Links of Other Rural Principal Arterial,Not GUARDRAIL,Not HIT_RUN,1,3. Three Approaches,122305086,0,0,Not LRTRUCK,2. Daylight,MAINLINE,MAIN,Not MOTORCYCLE,468394. 13300709     C4US00460     C4US00460,PRI_URBAN,1,Not PED,1,5,NOT-RD,1. Main-Line Roadway,2.31,1. Straight - Level,"1. Two-Way, Not Divided",1. Dry,R-VA   US00460EBBUS004,3. No,Not SENIOR,Not SPEED,3PM TO 6PM,1,3. Traffic Signal,5.Hampton Roads,1. No Adverse Condition (Clear/Cloudy),2. No,Not YOUNG
Not ALCIHOL,Not UNBELTED,BIKE,2. Angle,11/20/2013,11/20/2013,22. Bicycle,545,B.Visiible Injury,Newport News,Urban,22. Bicycle,3AM TO 6AM,121.Newport News,5,Intersection,Wednesday,Not DEER,1,140760287,"0.Two-way, non-divided",1. On Roadway,I.Urban Collector,Not GUARDRAIL,Not HIT_RUN,1,4. Four Approaches,140760287,0,0,Not LRTRUCK,4. Darkness - Road Lighted,MAINLINE,MAIN,Not MOTORCYCLE,646206. 12100010      12100010      12107007      12107007,SEC_URBAN,1,Not PED,1,5,NOT-RD,9. Within Intersection,1.16,1. Straight - Level,"1. Two-Way, Not Divided",1. Dry,R-VA121UR00010EB,3. No,Not SENIOR,Not SPEED,3AM TO 6AM,1,4. Stop Sign,5.Hampton Roads,1. No Adverse Condition (Clear/Cloudy),2. No,Not YOUNG
Not ALCIHOL,Not UNBELTED,BIKE,6. Fixed Object in Road,11/20/2013,11/20/2013,6. Parked Vehicle,1035,C.Non-Visible Injury,Norfolk,Urban,6. Parked Vehicle,9AM TO 12PM,122.Norfolk,,Not Intersection,Wednesday,Not DEER,1,140690337,,1. On Roadway,,Not GUARDRAIL,Not HIT_RUN,1,1. Not at Intersection,,0,0,Not LRTRUCK,2. Daylight,MAINLINE,,Not MOTORCYCLE,.,SEC_URBAN,1,Not PED,1,5,RD-UNKNOWN,1. Main-Line Roadway,,1. Straight - Level,"1. Two-Way, Not Divided",1. Dry,U-VA122SC99999UK,1. Yes,Not SENIOR,SPEED,9AM TO 12PM,1,1. No Traffic Control,5.Hampton Roads,1. No Adverse Condition (Clear/Cloudy),2. No,Not YOUNG
Not ALCIHOL,Not UNBELTED,BIKE,2. Angle,11/21/2013,11/21/2013,22. Bicycle,1535,B.Visiible Injury,Newport News,Urban,22. Bicycle,3PM TO 6PM,121.Newport News,"1,294",Intersection,Thursday,Not DEER,1,140760294,"1.Divided, no control of access",4. Roadside,H.Urban Minor Arterial,Not GUARDRAIL,Not HIT_RUN,1,1. Not at Intersection,140760294,0,0,Not LRTRUCK,2. Daylight,MAINLINE,MAIN,Not MOTORCYCLE,716487.  US00060       US00060      12100014      12107104,PRI_URBAN,1,Not PED,1,5,NOT-RD,"13. Driveway, Alley-Access - Related",256.14,1. Straight - Level,"2. Two-Way, Divided, Unprotected Median",1. Dry,R-VA   US00060WB,3. No,Not SENIOR,Not SPEED,3PM TO 6PM,1,1. No Traffic Control,5.Hampton Roads,1. No Adverse Condition (Clear/Cloudy),2. No,YOUNG
Not ALCIHOL,Not UNBELTED,BIKE,2. Angle,11/23/2013,11/23/2013,20. Motor Vehicle In Transport,1049,B.Visiible Injury,Virginia Beach,Urban,20. Motor Vehicle In Transport,9AM TO 12PM,134.Virginia Beach,364,Intersection,Saturday,Not DEER,1,133285145,"1.Divided, no control of access",1. On Roadway,E.Urban Other Principle Arterials; Connecting Links of Other Rural Principal Arterial,Not GUARDRAIL,Not HIT_RUN,1,4. Four Approaches,133285145,0,0,Not LRTRUCK,2. Daylight,MAINLINE,MAIN,Not MOTORCYCLE,541108.  US00060       US00060      13408722      13408722,PRI_URBAN,1,Not PED,1,5,NOT-RD,9. Within Intersection,302.61,1. Straight - Level,"2. Two-Way, Divided, Unprotected Median",1. Dry,R-VA   US00060EB,3. No,Not SENIOR,Not SPEED,9AM TO 12PM,1,6. Traffic Lanes Marked,5.Hampton Roads,1. No Adverse Condition (Clear/Cloudy),2. No,Not YOUNG
Not ALCIHOL,Not UNBELTED,BIKE,4. Sideswipe - Same Direction,11/23/2013,11/23/2013,20. Motor Vehicle In Transport,1228,B.Visiible Injury,Chesapeake,Urban,20. Motor Vehicle In Transport,12PM TO 3PM,131.Chesapeake,,Not Intersection,Saturday,Not DEER,1,133275167,,1. On Roadway,,Not GUARDRAIL,Not HIT_RUN,1,1. Not at Intersection,,0,0,Not LRTRUCK,2. Daylight,MAINLINE,,Not MOTORCYCLE,.,SEC_URBAN,1,Not PED,1,5,NOT-RD,10. Intersection Related - Within 150 Feet,,1. Straight - Level,"1. Two-Way, Not Divided",1. Dry,U-VA131SC99999UK,3. No,Not SENIOR,Not SPEED,12PM TO 3PM,1,1. No Traffic Control,5.Hampton Roads,1. No Adverse Condition (Clear/Cloudy),2. No,Not YOUNG
Not ALCIHOL,Not UNBELTED,BIKE,2. Angle,8/15/2012,8/15/2012,22. Bicycle,1811,B.Visiible Injury,Virginia Beach,Urban,22. Bicycle,6PM TO 9PM,134.Virginia Beach,111,Intersection,Wednesday,Not DEER,1,122295188,"1.Divided, no control of access",1. On Roadway,H.Urban Minor Arterial,Not GUARDRAIL,Not HIT_RUN,1,4. Four Approaches,122295188,0,0,Not LRTRUCK,2. Daylight,MAINLINE,MAIN,Not MOTORCYCLE,541412. 13408661      13408661      13408717      13408717,SEC_URBAN,1,Not PED,1,5,NOT-RD,9. Within Intersection,0.42,1. Straight - Level,"2. Two-Way, Divided, Unprotected Median",2. Wet,R-VA134UR08717WB,3. No,Not SENIOR,Not SPEED,6PM TO 9PM,1,3. Traffic Signal,5.Hampton Roads,5. Rain,2. No,Not YOUNG
Not ALCIHOL,Not UNBELTED,BIKE,2. Angle,8/15/2012,8/15/2012,20. Motor Vehicle In Transport,1336,B.Visiible Injury,Virginia Beach,Urban,20. Motor Vehicle In Transport,12PM TO 3PM,134.Virginia Beach,,Not Intersection,Wednesday,Not DEER,1,122295069,,1. On Roadway,,Not GUARDRAIL,Not HIT_RUN,1,3. Three Approaches,,0,0,Not LRTRUCK,2. Daylight,MAINLINE,,Not MOTORCYCLE,.,SEC_URBAN,1,Not PED,1,5,NOT-RD,9. Within Intersection,,1. Straight - Level,"2. Two-Way, Divided, Unprotected Median",1. Dry,U-VA134SC99999UK,3. No,Not SENIOR,Not SPEED,12PM TO 3PM,1,3. Traffic Signal,5.Hampton Roads,1. No Adverse Condition (Clear/Cloudy),2. No,Not YOUNG
Not ALCIHOL,Not UNBELTED,BIKE,2. Angle,4/27/2015,4/27/2015,20. Motor Vehicle In Transport,745,B.Visiible Injury,Norfolk,Urban,20. Motor Vehicle In Transport,6AM TO 9AM,122.Norfolk,966,Intersection,Monday,Not DEER,1,151410020,"0.Two-way, non-divided",1. On Roadway,I.Urban Collector,Not GUARDRAIL,Not HIT_RUN,1,3. Three Approaches,151410020,0,0,Not LRTRUCK,2. Daylight,MAINLINE,MAIN,Not MOTORCYCLE,485568. 12208620      12208620      12208621      12208621,SEC_URBAN,1,Not PED,1,5,NOT-RD,9. Within Intersection,0.82,1. Straight - Level,"1. Two-Way, Not Divided",1. Dry,R-VA122UR08621SB,3. No,SENIOR,Not SPEED,6AM TO 9AM,1,4. Stop Sign,5.Hampton Roads,1. No Adverse Condition (Clear/Cloudy),2. No,Not YOUNG
Not ALCIHOL,Not UNBELTED,BIKE,1. Rear End,4/28/2015,4/28/2015,22. Bicycle,449,A.Ambulatory Injury,Virginia Beach,Urban,22. Bicycle,3AM TO 6AM,134.Virginia Beach,0,Intersection,Tuesday,Not DEER,1,151185307,"2.Divided, partial control of access",1. On Roadway,E.Urban Other Principle Arterials; Connecting Links of Other Rural Principal Arterial,Not GUARDRAIL,Not HIT_RUN,1,1. Not at Intersection,151185307,0,0,Not LRTRUCK,4. Darkness - Road Lighted,MAINLINE,MAIN,Not MOTORCYCLE,541011.  US00013       US00013,PRI_URBAN,1,Not PED,1,5,NOT-RD,8. Non-Intersection,53.68,1. Straight - Level,"3. Two-Way, Divided, Positive Median Barrier",1. Dry,R-VA   US00013NB,3. No,Not SENIOR,SPEED,3AM TO 6AM,1,6. Traffic Lanes Marked,5.Hampton Roads,1. No Adverse Condition (Clear/Cloudy),2. No,Not YOUNG
Not ALCIHOL,Not UNBELTED,BIKE,2. Angle,4/29/2015,4/29/2015,22. Bicycle,1517,B.Visiible Injury,Virginia Beach,Urban,22. Bicycle,3PM TO 6PM,134.Virginia Beach,"4,784",Intersection,Wednesday,Not DEER,1,151195259,"1.Divided, no control of access",1. On Roadway,H.Urban Minor Arterial,Not GUARDRAIL,Not HIT_RUN,1,4. Four Approaches,151195259,0,0,Not LRTRUCK,2. Daylight,MAINLINE,MAIN,Not MOTORCYCLE,541230.  SR00279       SR00279      13408715,PRI_URBAN,1,Not PED,1,5,NOT-RD,9. Within Intersection,3.58,1. Straight - Level,"2. Two-Way, Divided, Unprotected Median",1. Dry,R-VA   SR00279SB,1. Yes,SENIOR,Not SPEED,3PM TO 6PM,1,4. Stop Sign,5.Hampton Roads,1. No Adverse Condition (Clear/Cloudy),2. No,YOUNG
Not ALCIHOL,Not UNBELTED,BIKE,12. Ped,4/30/2015,4/30/2015,22. Bicycle,1143,C.Non-Visible Injury,Hampton,Urban,22. Bicycle,9AM TO 12PM,114.Hampton,11,Intersection,Thursday,Not DEER,1,151245180,"2.Divided, partial control of access",1. On Roadway,E.Urban Other Principle Arterials; Connecting Links of Other Rural Principal Arterial,Not GUARDRAIL,Not HIT_RUN,1,4. Four Approaches,151245180,0,0,Not LRTRUCK,2. Daylight,MAINLINE,MAIN,Not MOTORCYCLE,702864.  SR00134       SR00134      1SR00134P,PRI_URBAN,1,Not PED,1,5,NOT-RD,9. Within Intersection,7.15,1. Straight - Level,"2. Two-Way, Divided, Unprotected Median",2. Wet,R-VA   SR00134EB,3. No,Not SENIOR,Not SPEED,9AM TO 12PM,1,3. Traffic Signal,5.Hampton Roads,5. Rain,2. No,Not YOUNG
Not ALCIHOL,Not UNBELTED,BIKE,2. Angle,2/18/2012,2/18/2012,22. Bicycle,1150,B.Visiible Injury,Newport News,Urban,22. Bicycle,9AM TO 12PM,121.Newport News,,Not Intersection,Saturday,Not DEER,1,120650033,,4. Roadside,,Not GUARDRAIL,Not HIT_RUN,1,1. Not at Intersection,,0,0,Not LRTRUCK,2. Daylight,MAINLINE,,Not MOTORCYCLE,.,SEC_URBAN,1,Not PED,1,5,NOT-RD,"13. Driveway, Alley-Access - Related",,3. Grade - Straight,"2. Two-Way, Divided, Unprotected Median",1. Dry,U-VA121SC99999UK,3. No,Not SENIOR,Not SPEED,9AM TO 12PM,1,1. No Traffic Control,5.Hampton Roads,1. No Adverse Condition (Clear/Cloudy),2. No,Not YOUNG
ALCOHOL,Not UNBELTED,BIKE,2. Angle,2/18/2012,2/18/2012,20. Motor Vehicle In Transport,1705,C.Non-Visible Injury,Virginia Beach,Urban,20. Motor Vehicle In Transport,3PM TO 6PM,134.Virginia Beach,"1,072",Intersection,Saturday,Not DEER,1,120565140,"1.Divided, no control of access",1. On Roadway,H.Urban Minor Arterial,Not GUARDRAIL,Not HIT_RUN,1,3. Three Approaches,120565140,0,0,Not LRTRUCK,3. Dusk,MAINLINE,MAIN,Not MOTORCYCLE,541262. 13400010      13400010      13408820,SEC_URBAN,1,Not PED,1,5,NOT-RD,9. Within Intersection,0.51,1. Straight - Level,"2. Two-Way, Divided, Unprotected Median",1. Dry,R-VA134UR00010EB,3. No,Not SENIOR,Not SPEED,3PM TO 6PM,1,4. Stop Sign,5.Hampton Roads,1. No Adverse Condition (Clear/Cloudy),2. No,Not YOUNG
ALCOHOL,Not UNBELTED,BIKE,2. Angle,5/4/2015,5/4/2015,22. Bicycle,741,C.Non-Visible Injury,Portsmouth,Urban,22. Bicycle,6AM TO 9AM,124.Portsmouth,137,Intersection,Monday,Not DEER,1,151245332,"1.Divided, no control of access",1. On Roadway,E.Urban Other Principle Arterials; Connecting Links of Other Rural Principal Arterial,Not GUARDRAIL,Not HIT_RUN,1,1. Not at Intersection,151245332,0,0,Not LRTRUCK,2. Daylight,MAINLINE,MAIN,Not MOTORCYCLE,483060.  US00017       US00017      12408532      12408532,PRI_URBAN,1,Not PED,1,5,NOT-RD,8. Non-Intersection,31.99,1. Straight - Level,"3. Two-Way, Divided, Positive Median Barrier",1. Dry,R-VA   US00017SB,3. No,Not SENIOR,Not SPEED,6AM TO 9AM,1,6. Traffic Lanes Marked,5.Hampton Roads,1. No Adverse Condition (Clear/Cloudy),2. No,Not YOUNG
Not ALCIHOL,Not UNBELTED,BIKE,2. Angle,8/20/2012,8/20/2012,20. Motor Vehicle In Transport,1815,B.Visiible Injury,Virginia Beach,Urban,20. Motor Vehicle In Transport,6PM TO 9PM,134.Virginia Beach,,Not Intersection,Monday,Not DEER,1,122355149,,1. On Roadway,,Not GUARDRAIL,HIT_RUN,1,1. Not at Intersection,,0,0,Not LRTRUCK,2. Daylight,MAINLINE,,Not MOTORCYCLE,.,SEC_URBAN,1,Not PED,1,5,NOT-RD,1. Main-Line Roadway,,1. Straight - Level,"1. Two-Way, Not Divided",1. Dry,U-VA134SC99999UK,3. No,Not SENIOR,Not SPEED,6PM TO 9PM,1,1. No Traffic Control,5.Hampton Roads,1. No Adverse Condition (Clear/Cloudy),2. No,Not YOUNG
Not ALCIHOL,Not UNBELTED,BIKE,2. Angle,8/21/2012,8/21/2012,22. Bicycle,2010,C.Non-Visible Injury,Norfolk,Urban,22. Bicycle,6PM TO 9PM,122.Norfolk,549,Intersection,Tuesday,Not DEER,1,122900192,"1.Divided, no control of access",2. Shoulder,E.Urban Other Principle Arterials; Connecting Links of Other Rural Principal Arterial,Not GUARDRAIL,Not HIT_RUN,1,4. Four Approaches,122900192,0,0,Not LRTRUCK,4. Darkness - Road Lighted,MAINLINE,MAIN,Not MOTORCYCLE,483460.  SR00170       SR00170      12208629,PRI_URBAN,1,Not PED,1,5,NOT-RD,9. Within Intersection,0.66,1. Straight - Level,"3. Two-Way, Divided, Positive Median Barrier",2. Wet,R-VA   SR00170EB,3. No,Not SENIOR,Not SPEED,6PM TO 9PM,1,6. Traffic Lanes Marked,5.Hampton Roads,4. Mist,2. No,Not YOUNG
Not ALCIHOL,Not UNBELTED,BIKE,2. Angle,8/21/2012,8/21/2012,22. Bicycle,1648,C.Non-Visible Injury,Hampton,Urban,22. Bicycle,3PM TO 6PM,114.Hampton,385,Intersection,Tuesday,Not DEER,1,122900186,"0.Two-way, non-divided",4. Roadside,H.Urban Minor Arterial,Not GUARDRAIL,Not HIT_RUN,1,1. Not at Intersection,122900186,0,0,Not LRTRUCK,2. Daylight,MAINLINE,MAIN,Not MOTORCYCLE,253010.  SR00143       US00060       US00060,PRI_URBAN,1,Not PED,1,5,NOT-RD,8. Non-Intersection,272.89,2. Curve - Level,"1. Two-Way, Not Divided",1. Dry,R-VA   US00060EB,3. No,Not SENIOR,Not SPEED,3PM TO 6PM,1,1. No Traffic Control,5.Hampton Roads,1. No Adverse Condition (Clear/Cloudy),2. No,Not YOUNG
Not ALCIHOL,Not UNBELTED,BIKE,2. Angle,2/22/2012,2/22/2012,22. Bicycle,2342,B.Visiible Injury,Norfolk,Urban,22. Bicycle,9PM TO 12AM,122.Norfolk,26,Intersection,Wednesday,Not DEER,1,120790107,"0.Two-way, non-divided",1. On Roadway,E.Urban Other Principle Arterials; Connecting Links of Other Rural Principal Arterial,Not GUARDRAIL,Not HIT_RUN,1,4. Four Approaches,120790107,0,0,Not LRTRUCK,4. Darkness - Road Lighted,MAINLINE,MAIN,Not MOTORCYCLE,483419.  SR00168       SR00168       SR00247       SR00247,PRI_URBAN,1,Not PED,1,5,NOT-RD,9. Within Intersection,25.39,1. Straight - Level,"2. Two-Way, Divided, Unprotected Median",1. Dry,R-VA   SR00168NB,3. No,SENIOR,Not SPEED,9PM TO 12AM,1,3. Traffic Signal,5.Hampton Roads,1. No Adverse Condition (Clear/Cloudy),2. No,Not YOUNG
Not ALCIHOL,Not UNBELTED,BIKE,4. Sideswipe - Same Direction,12/6/2013,12/6/2013,20. Motor Vehicle In Transport,2006,B.Visiible Injury,Virginia Beach,Urban,20. Motor Vehicle In Transport,6PM TO 9PM,134.Virginia Beach,"1,610",Intersection,Friday,Not DEER,1,133465194,"1.Divided, no control of access",1. On Roadway,H.Urban Minor Arterial,Not GUARDRAIL,Not HIT_RUN,1,1. Not at Intersection,133465194,0,0,Not LRTRUCK,4. Darkness - Road Lighted,MAINLINE,MAIN,Not MOTORCYCLE,541272. 13400012      13400012      13400013      13408739,SEC_URBAN,1,Not PED,1,5,NOT-RD,8. Non-Intersection,2.13,1. Straight - Level,"2. Two-Way, Divided, Unprotected Median",1. Dry,R-VA134UR00012EB,3. No,Not SENIOR,Not SPEED,6PM TO 9PM,1,1. No Traffic Control,5.Hampton Roads,1. No Adverse Condition (Clear/Cloudy),2. No,Not YOUNG
Not ALCIHOL,Not UNBELTED,BIKE,2. Angle,12/7/2013,12/7/2013,20. Motor Vehicle In Transport,946,B.Visiible Injury,Virginia Beach,Urban,20. Motor Vehicle In Transport,9AM TO 12PM,134.Virginia Beach,106,Intersection,Saturday,Not DEER,1,133445254,"1.Divided, no control of access",1. On Roadway,H.Urban Minor Arterial,Not GUARDRAIL,Not HIT_RUN,1,4. Four Approaches,133445254,0,0,Not LRTRUCK,2. Daylight,MAINLINE,MAIN,Not MOTORCYCLE,542029. 13408723      13408723      13408723N003A 13408723S003A,SEC_URBAN,2,Not PED,2,5,NOT-RD,9. Within Intersection,3.48,1. Straight - Level,"2. Two-Way, Divided, Unprotected Median",2. Wet,R-VA134UR08723SB,3. No,Not SENIOR,Not SPEED,9AM TO 12PM,1,4. Stop Sign,5.Hampton Roads,5. Rain,2. No,Not YOUNG
Not ALCIHOL,Not UNBELTED,BIKE,4. Sideswipe - Same Direction,12/7/2013,12/7/2013,22. Bicycle,559,B.Visiible Injury,Smithfield,Urban,22. Bicycle,3AM TO 6AM,300.Smithfield,"1,568",Intersection,Saturday,Not DEER,1,133645318,"0.Two-way, non-divided",1. On Roadway,E.Urban Other Principle Arterials; Connecting Links of Other Rural Principal Arterial,Not GUARDRAIL,HIT_RUN,1,1. Not at Intersection,133645318,0,0,Not LRTRUCK,5. Darkness - Road Not Lighted,MAINLINE,MAIN,Not MOTORCYCLE,722970.  SR00010       SR00010,VDOT_PRI,1,Not PED,1,5,NOT-RD,8. Non-Intersection,75.10,1. Straight - Level,"1. Two-Way, Not Divided",2. Wet,R-VA   SR00010EB,3. No,Not SENIOR,Not SPEED,3AM TO 6AM,1,1. No Traffic Control,5.Hampton Roads,5. Rain,2. No,Not YOUNG
Not ALCIHOL,Not UNBELTED,BIKE,2. Angle,3/1/2012,3/1/2012,22. Bicycle,1400,B.Visiible Injury,Norfolk,Urban,22. Bicycle,12PM TO 3PM,122.Norfolk,26,Intersection,Thursday,Not DEER,1,120810052,"1.Divided, no control of access",1. On Roadway,E.Urban Other Principle Arterials; Connecting Links of Other Rural Principal Arterial,Not GUARDRAIL,Not HIT_RUN,1,4. Four Approaches,120810052,0,0,Not LRTRUCK,2. Daylight,MAINLINE,MAIN,Not MOTORCYCLE,483665.  US00460       US00460     A1US00460,PRI_URBAN,1,Not PED,1,5,NOT-RD,9. Within Intersection,9.52,1. Straight - Level,"3. Two-Way, Divided, Positive Median Barrier",1. Dry,R-VA   US00460NBALT001,3. No,Not SENIOR,Not SPEED,12PM TO 3PM,1,3. Traffic Signal,5.Hampton Roads,1. No Adverse Condition (Clear/Cloudy),2. No,Not YOUNG