Alcohol Notalcohol,Belted Unbelted,Bike Nonbike,Collision Type,CRASH_DT (copy),Crash Dt,Crash Event Type Dsc,Crash Military Tm,Crash Severity,Juris Name Used,Area Type Used,First Harmful Event of Entire Crash,Time Slicing Used,Phy_Juris_Nm,Offset-Ft,Intersection Analysis,Day Of Week,Deer Nodeer,TOTAL CRASH,Document Nbr,FAC,First Harmful Event,FUN,Gr Nogr,Hitrun Not Hitrun,Injury Crashes,Intersection Type,Int Doc,K_CRASH,K People,Lgtruck Nonlgtruck,Light Condition,MAINLINE (group),Mainline Yn,Motor Nonmotor,Node Info,Ownership,Total People Killed & Injured,Ped Nonped,Persons Injured,VSP_Used,Rd Type,Relation To Roadway,Rns Mp,Roadway Alignment,Roadway Description,Roadway Surface Cond,Rte Nm,School Zone,Senior Notsenior,Speed Notspeed,Time Slicing,Total Crashes including Property Damage Only,Traffic Control Type,District_Used ,Weather Condition,Work Zone Related,Young Notyoung
ALCOHOL,Not UNBELTED,BIKE,2. Angle,3/1/2012,3/1/2012,20. Motor Vehicle In Transport,2350,A.Ambulatory Injury,Hampton,Urban,20. Motor Vehicle In Transport,9PM TO 12AM,114.Hampton,42,Intersection,Thursday,Not DEER,1,121440107,"2.Divided, partial control of access",1. On Roadway,H.Urban Minor Arterial,Not GUARDRAIL,Not HIT_RUN,1,3. Three Approaches,121440107,0,0,Not LRTRUCK,4. Darkness - Road Lighted,MAINLINE,MAIN,Not MOTORCYCLE,253029.  IS00064W265B  SR00134       SR00134,PRI_URBAN,2,Not PED,2,5,NOT-RD,9. Within Intersection,11.05,1. Straight - Level,"2. Two-Way, Divided, Unprotected Median",1. Dry,R-VA   SR00134WB,3. No,Not SENIOR,Not SPEED,9PM TO 12AM,1,3. Traffic Signal,5.Hampton Roads,1. No Adverse Condition (Clear/Cloudy),2. No,Not YOUNG
Not ALCIHOL,Not UNBELTED,BIKE,2. Angle,8/22/2012,8/22/2012,20. Motor Vehicle In Transport,1350,B.Visiible Injury,Virginia Beach,Urban,20. Motor Vehicle In Transport,12PM TO 3PM,134.Virginia Beach,,Not Intersection,Wednesday,Not DEER,1,122365045,,1. On Roadway,,Not GUARDRAIL,Not HIT_RUN,1,4. Four Approaches,,0,0,Not LRTRUCK,2. Daylight,MAINLINE,,Not MOTORCYCLE,.,SEC_URBAN,1,Not PED,1,5,NOT-RD,9. Within Intersection,,1. Straight - Level,"1. Two-Way, Not Divided",1. Dry,U-VA134SC99999UK,3. No,Not SENIOR,Not SPEED,12PM TO 3PM,1,8. Yield Sign,5.Hampton Roads,1. No Adverse Condition (Clear/Cloudy),2. No,YOUNG
Not ALCIHOL,Not UNBELTED,BIKE,2. Angle,8/22/2012,8/22/2012,22. Bicycle,932,B.Visiible Injury,Suffolk,Urban,22. Bicycle,9AM TO 12PM,133.Suffolk,628,Intersection,Wednesday,Not DEER,1,122365062,"1.Divided, no control of access",1. On Roadway,E.Urban Other Principle Arterials; Connecting Links of Other Rural Principal Arterial,Not GUARDRAIL,Not HIT_RUN,1,4. Four Approaches,122365062,0,0,Not LRTRUCK,2. Daylight,MAINLINE,MAIN,Not MOTORCYCLE,719149.  US00058       US00058      13301741      13301770,PRI_URBAN,1,Not PED,1,5,NOT-RD,10. Intersection Related - Within 150 Feet,465.15,1. Straight - Level,"3. Two-Way, Divided, Positive Median Barrier",1. Dry,R-VA   US00058WB,3. No,SENIOR,Not SPEED,9AM TO 12PM,1,3. Traffic Signal,5.Hampton Roads,1. No Adverse Condition (Clear/Cloudy),2. No,Not YOUNG
Not ALCIHOL,Not UNBELTED,BIKE,4. Sideswipe - Same Direction,8/24/2012,8/24/2012,22. Bicycle,903,B.Visiible Injury,Chincoteaque,Rural,22. Bicycle,9AM TO 12PM,190.Chincoteaque,"2,006",Intersection,Friday,Not DEER,1,122395170,"0.Two-way, non-divided",1. On Roadway,4.Rural Major Collector,Not GUARDRAIL,Not HIT_RUN,1,4. Four Approaches,122395170,0,0,Not LRTRUCK,2. Daylight,MAINLINE,MAIN,Not MOTORCYCLE,715264. 19000002      19000008      19000008,VDOT_SEC,1,Not PED,1,5,NOT-RD,9. Within Intersection,0.18,1. Straight - Level,"1. Two-Way, Not Divided",1. Dry,R-VA190UR00008EB,3. No,SENIOR,Not SPEED,9AM TO 12PM,1,3. Traffic Signal,5.Hampton Roads,1. No Adverse Condition (Clear/Cloudy),2. No,Not YOUNG
Not ALCIHOL,Not UNBELTED,BIKE,2. Angle,3/2/2012,3/2/2012,22. Bicycle,830,B.Visiible Injury,James City,Urban,22. Bicycle,6AM TO 9AM,47.James City,74,Intersection,Friday,Not DEER,1,120655065,"1.Divided, no control of access",1. On Roadway,H.Urban Minor Arterial,Not GUARDRAIL,Not HIT_RUN,1,2. Two Approaches,120655065,0,0,Not LRTRUCK,2. Daylight,MAINLINE,MAIN,Not MOTORCYCLE,756264.  4700612       4700612       SR00199E004A,VDOT_SEC,1,Not PED,1,5,NOT-RD,6. Intersection at end of Ramp,3.03,10. On/Off Ramp,"3. Two-Way, Divided, Positive Median Barrier",1. Dry,R-VA047SC00612WB,3. No,SENIOR,Not SPEED,6AM TO 9AM,1,3. Traffic Signal,5.Hampton Roads,1. No Adverse Condition (Clear/Cloudy),2. No,Not YOUNG
Not ALCIHOL,Not UNBELTED,BIKE,2. Angle,3/3/2012,3/3/2012,20. Motor Vehicle In Transport,1100,B.Visiible Injury,Norfolk,Urban,20. Motor Vehicle In Transport,9AM TO 12PM,122.Norfolk,581,Intersection,Saturday,Not DEER,1,120820122,"0.Two-way, non-divided",2. Shoulder,H.Urban Minor Arterial,Not GUARDRAIL,Not HIT_RUN,1,1. Not at Intersection,120820122,0,0,Not LRTRUCK,2. Daylight,MAINLINE,MAIN,Not MOTORCYCLE,483353.  SR00166       SR00166       SR00194      12208607,PRI_URBAN,1,Not PED,1,5,NOT-RD,1. Main-Line Roadway,0.11,1. Straight - Level,"1. Two-Way, Not Divided",2. Wet,R-VA   SR00194NB,3. No,Not SENIOR,Not SPEED,9AM TO 12PM,1,6. Traffic Lanes Marked,5.Hampton Roads,4. Mist,2. No,Not YOUNG
Not ALCIHOL,Not UNBELTED,BIKE,16. Other,3/8/2012,3/8/2012,22. Bicycle,1230,A.Ambulatory Injury,Newport News,Urban,22. Bicycle,12PM TO 3PM,121.Newport News,0,Intersection,Thursday,Not DEER,1,121210187,"0.Two-way, non-divided",1. On Roadway,I.Urban Collector,Not GUARDRAIL,Not HIT_RUN,1,3. Three Approaches,121210187,0,0,Not LRTRUCK,2. Daylight,MAINLINE,MAIN,Not MOTORCYCLE,646206. 12100010      12100010      12107007      12107007,SEC_URBAN,1,Not PED,1,5,NOT-RD,9. Within Intersection,2.12,3. Grade - Straight,"1. Two-Way, Not Divided",1. Dry,R-VA121UR07007SB,3. No,Not SENIOR,Not SPEED,12PM TO 3PM,1,4. Stop Sign,5.Hampton Roads,1. No Adverse Condition (Clear/Cloudy),2. No,Not YOUNG
Not ALCIHOL,Not UNBELTED,BIKE,2. Angle,3/9/2012,3/9/2012,22. Bicycle,850,C.Non-Visible Injury,Newport News,Urban,22. Bicycle,6AM TO 9AM,121.Newport News,,Not Intersection,Friday,Not DEER,1,121770093,,1. On Roadway,,Not GUARDRAIL,Not HIT_RUN,1,3. Three Approaches,,0,0,Not LRTRUCK,2. Daylight,MAINLINE,,Not MOTORCYCLE,.,SEC_URBAN,1,Not PED,1,5,NOT-RD,1. Main-Line Roadway,,1. Straight - Level,"1. Two-Way, Not Divided",2. Wet,U-VA121SC99999UK,3. No,Not SENIOR,Not SPEED,6AM TO 9AM,1,6. Traffic Lanes Marked,5.Hampton Roads,5. Rain,2. No,Not YOUNG
Not ALCIHOL,Not UNBELTED,BIKE,2. Angle,3/11/2012,3/11/2012,20. Motor Vehicle In Transport,1600,A.Ambulatory Injury,Virginia Beach,Urban,20. Motor Vehicle In Transport,3PM TO 6PM,134.Virginia Beach,"8,131",Intersection,Sunday,Not DEER,1,120735188,"1.Divided, no control of access",1. On Roadway,H.Urban Minor Arterial,Not GUARDRAIL,Not HIT_RUN,1,3. Three Approaches,120735188,0,0,Not LRTRUCK,2. Daylight,MAINLINE,MAIN,Not MOTORCYCLE,541680. 13408687      13408687      13408690,SEC_URBAN,2,Not PED,2,5,NOT-RD,9. Within Intersection,4.02,1. Straight - Level,"2. Two-Way, Divided, Unprotected Median",1. Dry,R-VA134UR08687EB,3. No,Not SENIOR,Not SPEED,3PM TO 6PM,1,4. Stop Sign,5.Hampton Roads,1. No Adverse Condition (Clear/Cloudy),2. No,YOUNG
Not ALCIHOL,Not UNBELTED,BIKE,4. Sideswipe - Same Direction,12/11/2013,12/11/2013,22. Bicycle,1600,B.Visiible Injury,Chesapeake,Urban,22. Bicycle,3PM TO 6PM,131.Chesapeake,"2,772",Intersection,Wednesday,Not DEER,1,133455522,"1.Divided, no control of access",1. On Roadway,H.Urban Minor Arterial,Not GUARDRAIL,Not HIT_RUN,1,1. Not at Intersection,133455522,0,0,Not LRTRUCK,2. Daylight,MAINLINE,MAIN,Not MOTORCYCLE,483346.  SR00165       SR00165      13108798,PRI_URBAN,2,Not PED,2,5,NOT-RD,8. Non-Intersection,3.83,1. Straight - Level,"4. One-Way, Not Divided",1. Dry,R-VA   SR00165NB,3. No,Not SENIOR,Not SPEED,3PM TO 6PM,1,6. Traffic Lanes Marked,5.Hampton Roads,1. No Adverse Condition (Clear/Cloudy),2. No,YOUNG
Not ALCIHOL,Not UNBELTED,BIKE,16. Other,12/12/2013,12/12/2013,22. Bicycle,830,C.Non-Visible Injury,Newport News,Urban,22. Bicycle,6AM TO 9AM,121.Newport News,"1,167",Intersection,Thursday,Not DEER,1,140710563,"1.Divided, no control of access",1. On Roadway,H.Urban Minor Arterial,Not GUARDRAIL,Not HIT_RUN,1,3. Three Approaches,140710563,0,0,Not LRTRUCK,2. Daylight,MAINLINE,MAIN,Not MOTORCYCLE,646048.  US00060       US00060      12107038,PRI_URBAN,1,Not PED,1,5,NOT-RD,9. Within Intersection,259.41,1. Straight - Level,"2. Two-Way, Divided, Unprotected Median",1. Dry,R-VA   US00060EB,3. No,Not SENIOR,SPEED,6AM TO 9AM,1,1. No Traffic Control,5.Hampton Roads,1. No Adverse Condition (Clear/Cloudy),2. No,Not YOUNG
Not ALCIHOL,Not UNBELTED,BIKE,2. Angle,3/14/2012,3/14/2012,20. Motor Vehicle In Transport,1936,C.Non-Visible Injury,Hampton,Urban,20. Motor Vehicle In Transport,6PM TO 9PM,114.Hampton,58,Intersection,Wednesday,Not DEER,1,121300064,"2.Divided, partial control of access",1. On Roadway,E.Urban Other Principle Arterials; Connecting Links of Other Rural Principal Arterial,Not GUARDRAIL,Not HIT_RUN,1,"5. Five-Point, or More",121300064,0,0,Not LRTRUCK,4. Darkness - Road Lighted,MAINLINE,MAIN,Not MOTORCYCLE,253017.  SR00134       SR00134      11407034      11407034,PRI_URBAN,1,Not PED,1,5,NOT-RD,10. Intersection Related - Within 150 Feet,4.57,1. Straight - Level,"2. Two-Way, Divided, Unprotected Median",1. Dry,R-VA   SR00134EB,3. No,Not SENIOR,Not SPEED,6PM TO 9PM,1,3. Traffic Signal,5.Hampton Roads,1. No Adverse Condition (Clear/Cloudy),2. No,Not YOUNG
Not ALCIHOL,Not UNBELTED,BIKE,2. Angle,12/14/2013,12/14/2013,25. Other Movable Object,1208,B.Visiible Injury,Virginia Beach,Urban,25. Other Movable Object,12PM TO 3PM,134.Virginia Beach,0,Intersection,Saturday,Not DEER,1,133495101,"1.Divided, no control of access",1. On Roadway,H.Urban Minor Arterial,Not GUARDRAIL,Not HIT_RUN,1,1. Not at Intersection,133495101,0,0,Not LRTRUCK,2. Daylight,MAINLINE,MAIN,Not MOTORCYCLE,541230.  SR00279       SR00279      13408715,PRI_URBAN,2,Not PED,2,5,NOT-RD,8. Non-Intersection,2.68,1. Straight - Level,"2. Two-Way, Divided, Unprotected Median",1. Dry,R-VA   SR00279NB,3. No,SENIOR,Not SPEED,12PM TO 3PM,1,4. Stop Sign,5.Hampton Roads,1. No Adverse Condition (Clear/Cloudy),2. No,Not YOUNG
ALCOHOL,Not UNBELTED,BIKE,3. Head On,12/16/2013,12/16/2013,20. Motor Vehicle In Transport,1758,B.Visiible Injury,Northampton,Rural,20. Motor Vehicle In Transport,3PM TO 6PM,65.Northampton,0,Intersection,Monday,Not DEER,1,133515006,"0.Two-way, non-divided",1. On Roadway,4.Rural Major Collector,Not GUARDRAIL,Not HIT_RUN,1,3. Three Approaches,133515006,0,0,Not LRTRUCK,5. Darkness - Road Not Lighted,MAINLINE,MAIN,Not MOTORCYCLE,488534.  6500642       6500684       6500684,VDOT_SEC,1,Not PED,1,5,NOT-RD,10. Intersection Related - Within 150 Feet,1.04,1. Straight - Level,"1. Two-Way, Not Divided",1. Dry,R-VA065SC00684NB,3. No,Not SENIOR,Not SPEED,3PM TO 6PM,1,6. Traffic Lanes Marked,5.Hampton Roads,1. No Adverse Condition (Clear/Cloudy),2. No,Not YOUNG
Not ALCIHOL,Not UNBELTED,BIKE,2. Angle,3/15/2012,3/15/2012,22. Bicycle,1530,C.Non-Visible Injury,Norfolk,Urban,22. Bicycle,3PM TO 6PM,122.Norfolk,,Not Intersection,Thursday,Not DEER,1,120960037,,1. On Roadway,,Not GUARDRAIL,Not HIT_RUN,1,1. Not at Intersection,,0,0,Not LRTRUCK,2. Daylight,MAINLINE,,Not MOTORCYCLE,.,SEC_URBAN,1,Not PED,1,5,NOT-RD,8. Non-Intersection,,1. Straight - Level,"4. One-Way, Not Divided",1. Dry,U-VA122SC99999UK,3. No,Not SENIOR,Not SPEED,3PM TO 6PM,1,1. No Traffic Control,5.Hampton Roads,1. No Adverse Condition (Clear/Cloudy),2. No,Not YOUNG
Not ALCIHOL,Not UNBELTED,BIKE,3. Head On,3/15/2012,3/15/2012,22. Bicycle,1938,B.Visiible Injury,Virginia Beach,Urban,22. Bicycle,6PM TO 9PM,134.Virginia Beach,671,Intersection,Thursday,Not DEER,1,120785220,"1.Divided, no control of access","8. Off Roadway, Location Unknown",E.Urban Other Principle Arterials; Connecting Links of Other Rural Principal Arterial,Not GUARDRAIL,Not HIT_RUN,1,1. Not at Intersection,120785220,0,0,Not LRTRUCK,2. Daylight,MAINLINE,MAIN,Not MOTORCYCLE,541073.  SR00279       US00058       US00058      13408685,PRI_URBAN,1,Not PED,1,5,NOT-RD,8. Non-Intersection,504.99,7. Dip - Straight,"2. Two-Way, Divided, Unprotected Median",1. Dry,R-VA   US00058WB,3. No,Not SENIOR,Not SPEED,6PM TO 9PM,1,1. No Traffic Control,5.Hampton Roads,1. No Adverse Condition (Clear/Cloudy),2. No,YOUNG
ALCOHOL,Not UNBELTED,BIKE,2. Angle,3/16/2012,3/16/2012,22. Bicycle,208,PDO.Property Damage Only,Virginia Beach,Urban,22. Bicycle,0AM TO 3AM,134.Virginia Beach,5,Intersection,Friday,Not DEER,1,120805229,"0.Two-way, non-divided",1. On Roadway,I.Urban Collector,Not GUARDRAIL,Not HIT_RUN,0,3. Three Approaches,120805229,0,0,Not LRTRUCK,4. Darkness - Road Lighted,MAINLINE,MAIN,Not MOTORCYCLE,541659. 13408684      13408719      13408719,SEC_URBAN,0,Not PED,0,5,NOT-RD,9. Within Intersection,0.28,1. Straight - Level,"1. Two-Way, Not Divided",1. Dry,R-VA134UR08719SB,3. No,Not SENIOR,Not SPEED,0AM TO 3AM,1,3. Traffic Signal,5.Hampton Roads,1. No Adverse Condition (Clear/Cloudy),2. No,Not YOUNG
Not ALCIHOL,Not UNBELTED,BIKE,3. Head On,3/18/2012,3/18/2012,22. Bicycle,1520,B.Visiible Injury,Virginia Beach,Urban,22. Bicycle,3PM TO 6PM,134.Virginia Beach,100,Intersection,Sunday,Not DEER,1,120885222,"0.Two-way, non-divided",1. On Roadway,I.Urban Collector,Not GUARDRAIL,Not HIT_RUN,1,4. Four Approaches,120885222,0,0,Not LRTRUCK,2. Daylight,MAINLINE,MAIN,Not MOTORCYCLE,541294. 13400014      13400014      13408726      13408726,SEC_URBAN,2,Not PED,2,5,NOT-RD,9. Within Intersection,1.97,1. Straight - Level,"2. Two-Way, Divided, Unprotected Median",1. Dry,R-VA134UR08726NB,3. No,SENIOR,Not SPEED,3PM TO 6PM,1,3. Traffic Signal,5.Hampton Roads,1. No Adverse Condition (Clear/Cloudy),2. No,Not YOUNG
Not ALCIHOL,Not UNBELTED,BIKE,16. Other,8/25/2012,8/25/2012,20. Motor Vehicle In Transport,2012,B.Visiible Injury,Virginia Beach,Urban,20. Motor Vehicle In Transport,6PM TO 9PM,134.Virginia Beach,,Not Intersection,Saturday,Not DEER,1,122405191,,1. On Roadway,,Not GUARDRAIL,Not HIT_RUN,1,1. Not at Intersection,,0,0,Not LRTRUCK,4. Darkness - Road Lighted,MAINLINE,,Not MOTORCYCLE,.,SEC_URBAN,2,Not PED,2,5,NOT-RD,1. Main-Line Roadway,,1. Straight - Level,"1. Two-Way, Not Divided",1. Dry,U-VA134SC99999UK,3. No,Not SENIOR,Not SPEED,6PM TO 9PM,1,1. No Traffic Control,5.Hampton Roads,1. No Adverse Condition (Clear/Cloudy),2. No,Not YOUNG
Not ALCIHOL,Not UNBELTED,BIKE,2. Angle,8/25/2012,8/25/2012,22. Bicycle,1921,B.Visiible Injury,Virginia Beach,Urban,22. Bicycle,6PM TO 9PM,134.Virginia Beach,,Not Intersection,Saturday,Not DEER,1,122495273,,1. On Roadway,,Not GUARDRAIL,Not HIT_RUN,1,4. Four Approaches,,0,0,Not LRTRUCK,3. Dusk,MAINLINE,,Not MOTORCYCLE,.,SEC_URBAN,1,Not PED,1,5,NOT-RD,9. Within Intersection,,1. Straight - Level,"1. Two-Way, Not Divided",1. Dry,U-VA134SC99999UK,3. No,Not SENIOR,Not SPEED,6PM TO 9PM,1,4. Stop Sign,5.Hampton Roads,1. No Adverse Condition (Clear/Cloudy),2. No,Not YOUNG
Not ALCIHOL,Not UNBELTED,BIKE,4. Sideswipe - Same Direction,8/26/2012,8/26/2012,22. Bicycle,1620,B.Visiible Injury,Virginia Beach,Urban,22. Bicycle,3PM TO 6PM,134.Virginia Beach,,Not Intersection,Sunday,Not DEER,1,122615159,,4. Roadside,,Not GUARDRAIL,Not HIT_RUN,1,4. Four Approaches,,0,0,Not LRTRUCK,2. Daylight,MAINLINE,,Not MOTORCYCLE,.,SEC_URBAN,1,Not PED,1,5,NOT-RD,9. Within Intersection,,1. Straight - Level,"1. Two-Way, Not Divided",1. Dry,R-VA134UR08818EB,3. No,Not SENIOR,Not SPEED,3PM TO 6PM,1,3. Traffic Signal,5.Hampton Roads,1. No Adverse Condition (Clear/Cloudy),2. No,Not YOUNG
ALCOHOL,Not UNBELTED,BIKE,2. Angle,8/26/2012,8/26/2012,20. Motor Vehicle In Transport,2030,B.Visiible Injury,Chesapeake,Urban,20. Motor Vehicle In Transport,6PM TO 9PM,131.Chesapeake,32,Intersection,Sunday,Not DEER,1,122405000,"2.Divided, partial control of access",1. On Roadway,E.Urban Other Principle Arterials; Connecting Links of Other Rural Principal Arterial,Not GUARDRAIL,HIT_RUN,1,4. Four Approaches,122405000,0,0,Not LRTRUCK,4. Darkness - Road Lighted,MAINLINE,MAIN,Not MOTORCYCLE,483277.  SR00168S015A  SR00190       SR00190       US00017       US00017,PRI_URBAN,1,Not PED,1,5,NOT-RD,9. Within Intersection,16.68,1. Straight - Level,"3. Two-Way, Divided, Positive Median Barrier",1. Dry,R-VA   US00017SB,3. No,Not SENIOR,Not SPEED,6PM TO 9PM,1,3. Traffic Signal,5.Hampton Roads,1. No Adverse Condition (Clear/Cloudy),2. No,Not YOUNG
Not ALCIHOL,Not UNBELTED,BIKE,2. Angle,8/27/2012,8/27/2012,20. Motor Vehicle In Transport,1711,B.Visiible Injury,Virginia Beach,Urban,20. Motor Vehicle In Transport,3PM TO 6PM,134.Virginia Beach,195,Intersection,Monday,Not DEER,1,122415158,"1.Divided, no control of access",1. On Roadway,H.Urban Minor Arterial,Not GUARDRAIL,Not HIT_RUN,1,2. Two Approaches,122415158,0,0,Not LRTRUCK,2. Daylight,MAINLINE,MAIN,Not MOTORCYCLE,486033.  SR00166       SR00166       SR00332,PRI_URBAN,3,Not PED,3,5,NOT-RD,9. Within Intersection,14.49,1. Straight - Level,"2. Two-Way, Divided, Unprotected Median",2. Wet,R-VA   SR00166WB,3. No,Not SENIOR,Not SPEED,3PM TO 6PM,1,4. Stop Sign,5.Hampton Roads,5. Rain,2. No,YOUNG
Not ALCIHOL,Not UNBELTED,BIKE,2. Angle,3/20/2012,3/20/2012,22. Bicycle,1659,B.Visiible Injury,Virginia Beach,Urban,22. Bicycle,3PM TO 6PM,134.Virginia Beach,"3,047",Intersection,Tuesday,Not DEER,1,120815131,"1.Divided, no control of access",1. On Roadway,H.Urban Minor Arterial,Not GUARDRAIL,Not HIT_RUN,1,4. Four Approaches,120815131,0,0,Not LRTRUCK,2. Daylight,MAINLINE,MAIN,Not MOTORCYCLE,541318. 13408590      13408590      13408717      13408717,SEC_URBAN,1,Not PED,1,5,NOT-RD,9. Within Intersection,2.69,1. Straight - Level,"2. Two-Way, Divided, Unprotected Median",1. Dry,R-VA134UR08717WB,3. No,Not SENIOR,Not SPEED,3PM TO 6PM,1,3. Traffic Signal,5.Hampton Roads,1. No Adverse Condition (Clear/Cloudy),2. No,Not YOUNG
Not ALCIHOL,Not UNBELTED,BIKE,2. Angle,8/28/2012,8/28/2012,20. Motor Vehicle In Transport,1426,B.Visiible Injury,Virginia Beach,Urban,20. Motor Vehicle In Transport,12PM TO 3PM,134.Virginia Beach,,Not Intersection,Tuesday,Not DEER,1,122425124,,1. On Roadway,,Not GUARDRAIL,Not HIT_RUN,1,1. Not at Intersection,,0,0,Not LRTRUCK,2. Daylight,MAINLINE,,Not MOTORCYCLE,.,SEC_URBAN,2,Not PED,2,5,NOT-RD,8. Non-Intersection,,1. Straight - Level,"1. Two-Way, Not Divided",1. Dry,U-VA134SC99999UK,3. No,SENIOR,Not SPEED,12PM TO 3PM,1,1. No Traffic Control,5.Hampton Roads,1. No Adverse Condition (Clear/Cloudy),2. No,Not YOUNG
Not ALCIHOL,Not UNBELTED,BIKE,2. Angle,5/8/2015,5/8/2015,20. Motor Vehicle In Transport,2115,B.Visiible Injury,Virginia Beach,Urban,20. Motor Vehicle In Transport,9PM TO 12AM,134.Virginia Beach,0,Intersection,Friday,Not DEER,1,151305117,"1.Divided, no control of access",1. On Roadway,H.Urban Minor Arterial,Not GUARDRAIL,Not HIT_RUN,1,4. Four Approaches,151305117,0,0,Not LRTRUCK,4. Darkness - Road Lighted,MAINLINE,MAIN,Not MOTORCYCLE,541353. 13408627      13408627      13408734,SEC_URBAN,2,Not PED,2,5,NOT-RD,9. Within Intersection,4.16,1. Straight - Level,"3. Two-Way, Divided, Positive Median Barrier",1. Dry,R-VA134UR08627SB,3. No,Not SENIOR,Not SPEED,9PM TO 12AM,1,3. Traffic Signal,5.Hampton Roads,1. No Adverse Condition (Clear/Cloudy),2. No,YOUNG
Not ALCIHOL,Not UNBELTED,BIKE,4. Sideswipe - Same Direction,5/9/2015,5/9/2015,20. Motor Vehicle In Transport,1700,A.Ambulatory Injury,York,Urban,20. Motor Vehicle In Transport,3PM TO 6PM,99.York,913,Intersection,Saturday,Not DEER,1,151315354,"0.Two-way, non-divided",1. On Roadway,H.Urban Minor Arterial,Not GUARDRAIL,Not HIT_RUN,1,1. Not at Intersection,151315354,0,0,Not LRTRUCK,2. Daylight,MAINLINE,MAIN,Not MOTORCYCLE,671249.  9900660       SR00238       SR00238,VDOT_PRI,1,Not PED,1,5,NOT-RD,8. Non-Intersection,3.36,1. Straight - Level,"1. Two-Way, Not Divided",1. Dry,R-VA   SR00238EB,3. No,Not SENIOR,Not SPEED,3PM TO 6PM,1,6. Traffic Lanes Marked,5.Hampton Roads,1. No Adverse Condition (Clear/Cloudy),2. No,Not YOUNG
ALCOHOL,Not UNBELTED,BIKE,2. Angle,5/9/2015,5/9/2015,20. Motor Vehicle In Transport,2004,K.Fatal Injury,Virginia Beach,Urban,20. Motor Vehicle In Transport,6PM TO 9PM,134.Virginia Beach,37,Intersection,Saturday,Not DEER,1,151345262,"1.Divided, no control of access",1. On Roadway,E.Urban Other Principle Arterials; Connecting Links of Other Rural Principal Arterial,Not GUARDRAIL,Not HIT_RUN,0,4. Four Approaches,151345262,1,1,Not LRTRUCK,4. Darkness - Road Lighted,MAINLINE,MAIN,Not MOTORCYCLE,541015.  US00013       US00013      13408651,PRI_URBAN,1,Not PED,0,5,NOT-RD,10. Intersection Related - Within 150 Feet,51.38,1. Straight - Level,"2. Two-Way, Divided, Unprotected Median",1. Dry,R-VA   US00013SB,3. No,Not SENIOR,Not SPEED,6PM TO 9PM,1,3. Traffic Signal,5.Hampton Roads,1. No Adverse Condition (Clear/Cloudy),2. No,Not YOUNG
Not ALCIHOL,Not UNBELTED,BIKE,2. Angle,5/10/2015,5/10/2015,22. Bicycle,1502,K.Fatal Injury,Virginia Beach,Urban,22. Bicycle,3PM TO 6PM,134.Virginia Beach,0,Intersection,Sunday,Not DEER,1,151345267,,1. On Roadway,,Not GUARDRAIL,Not HIT_RUN,0,4. Four Approaches,151345267,1,1,Not LRTRUCK,2. Daylight,MAINLINE,,Not MOTORCYCLE,541073.  SR00279       US00058       US00058      13408685,SEC_URBAN,1,Not PED,0,5,NOT-RD,9. Within Intersection,3.81,1. Straight - Level,"2. Two-Way, Divided, Unprotected Median",1. Dry,R-VA134UR08685NB,3. No,Not SENIOR,Not SPEED,3PM TO 6PM,1,3. Traffic Signal,5.Hampton Roads,1. No Adverse Condition (Clear/Cloudy),2. No,Not YOUNG
Not ALCIHOL,Not UNBELTED,BIKE,2. Angle,12/17/2013,12/17/2013,22. Bicycle,1715,C.Non-Visible Injury,Newport News,Urban,22. Bicycle,3PM TO 6PM,121.Newport News,0,Intersection,Tuesday,Not DEER,1,140720303,"1.Divided, no control of access",1. On Roadway,E.Urban Other Principle Arterials; Connecting Links of Other Rural Principal Arterial,Not GUARDRAIL,Not HIT_RUN,1,4. Four Approaches,140720303,0,0,Not LRTRUCK,3. Dusk,MAINLINE,MAIN,Not MOTORCYCLE,910001.  SR00143       US00017       US00017       US00258,PRI_URBAN,1,Not PED,1,5,NOT-RD,9. Within Intersection,11.25,1. Straight - Level,"3. Two-Way, Divided, Positive Median Barrier",1. Dry,R-VA   US00017NB,3. No,Not SENIOR,Not SPEED,3PM TO 6PM,1,3. Traffic Signal,5.Hampton Roads,1. No Adverse Condition (Clear/Cloudy),2. No,Not YOUNG
Not ALCIHOL,Not UNBELTED,BIKE,2. Angle,5/11/2015,5/11/2015,20. Motor Vehicle In Transport,1830,A.Ambulatory Injury,Williamsburg,Urban,20. Motor Vehicle In Transport,6PM TO 9PM,137.Williamsburg,898,Intersection,Monday,Not DEER,1,151335099,"0.Two-way, non-divided",1. On Roadway,H.Urban Minor Arterial,Not GUARDRAIL,Not HIT_RUN,1,3. Three Approaches,151335099,0,0,Not LRTRUCK,2. Daylight,MAINLINE,MAIN,Not MOTORCYCLE,398813. 13707075      13707075      13707077      13707083,SEC_URBAN,1,Not PED,1,5,NOT-RD,9. Within Intersection,0.54,1. Straight - Level,"1. Two-Way, Not Divided",1. Dry,R-VA137UR07075WB,3. No,Not SENIOR,Not SPEED,6PM TO 9PM,1,1. No Traffic Control,5.Hampton Roads,1. No Adverse Condition (Clear/Cloudy),2. No,Not YOUNG