Alcohol Notalcohol,Belted Unbelted,Bike Nonbike,Collision Type,CRASH_DT (copy),Crash Dt,Crash Event Type Dsc,Crash Military Tm,Crash Severity,Juris Name Used,Area Type Used,First Harmful Event of Entire Crash,Time Slicing Used,Phy_Juris_Nm,Offset-Ft,Intersection Analysis,Day Of Week,Deer Nodeer,TOTAL CRASH,Document Nbr,FAC,First Harmful Event,FUN,Gr Nogr,Hitrun Not Hitrun,Injury Crashes,Intersection Type,Int Doc,K_CRASH,K People,Lgtruck Nonlgtruck,Light Condition,MAINLINE (group),Mainline Yn,Motor Nonmotor,Node Info,Ownership,Total People Killed & Injured,Ped Nonped,Persons Injured,VSP_Used,Rd Type,Relation To Roadway,Rns Mp,Roadway Alignment,Roadway Description,Roadway Surface Cond,Rte Nm,School Zone,Senior Notsenior,Speed Notspeed,Time Slicing,Total Crashes including Property Damage Only,Traffic Control Type,District_Used ,Weather Condition,Work Zone Related,Young Notyoung
Not ALCIHOL,Not UNBELTED,BIKE,2. Angle,5/11/2015,5/11/2015,22. Bicycle,1249,C.Non-Visible Injury,Norfolk,Urban,22. Bicycle,12PM TO 3PM,122.Norfolk,,Not Intersection,Monday,Not DEER,1,151740010,,1. On Roadway,,Not GUARDRAIL,Not HIT_RUN,1,4. Four Approaches,,0,0,Not LRTRUCK,2. Daylight,MAINLINE,,Not MOTORCYCLE,.,SEC_URBAN,1,Not PED,1,5,NOT-RD,10. Intersection Related - Within 150 Feet,,1. Straight - Level,"3. Two-Way, Divided, Positive Median Barrier",1. Dry,U-VA122SC99999UK,3. No,Not SENIOR,Not SPEED,12PM TO 3PM,1,3. Traffic Signal,5.Hampton Roads,1. No Adverse Condition (Clear/Cloudy),2. No,Not YOUNG
Not ALCIHOL,Not UNBELTED,BIKE,4. Sideswipe - Same Direction,9/3/2012,9/3/2012,22. Bicycle,2034,B.Visiible Injury,Hampton,Urban,22. Bicycle,6PM TO 9PM,114.Hampton,,Not Intersection,Monday,Not DEER,1,123130024,,1. On Roadway,,Not GUARDRAIL,HIT_RUN,1,1. Not at Intersection,,0,0,Not LRTRUCK,4. Darkness - Road Lighted,MAINLINE,,Not MOTORCYCLE,.,SEC_URBAN,1,Not PED,1,5,NOT-RD,8. Non-Intersection,,1. Straight - Level,"2. Two-Way, Divided, Unprotected Median",1. Dry,U-VA114SC99999UK,3. No,Not SENIOR,Not SPEED,6PM TO 9PM,1,6. Traffic Lanes Marked,5.Hampton Roads,1. No Adverse Condition (Clear/Cloudy),2. No,Not YOUNG
Not ALCIHOL,Not UNBELTED,BIKE,2. Angle,9/4/2012,9/4/2012,22. Bicycle,2029,A.Ambulatory Injury,Williamsburg,Urban,22. Bicycle,6PM TO 9PM,137.Williamsburg,"2,281",Intersection,Tuesday,Not DEER,1,122920014,"1.Divided, no control of access",1. On Roadway,E.Urban Other Principle Arterials; Connecting Links of Other Rural Principal Arterial,Not GUARDRAIL,Not HIT_RUN,1,4. Four Approaches,122920014,0,0,Not LRTRUCK,5. Darkness - Road Not Lighted,MAINLINE,MAIN,Not MOTORCYCLE,398129.  4700645       US00060       US00060,PRI_URBAN,1,Not PED,1,5,NOT-RD,9. Within Intersection,236.96,1. Straight - Level,"3. Two-Way, Divided, Positive Median Barrier",1. Dry,R-VA   US00060EB,3. No,Not SENIOR,Not SPEED,6PM TO 9PM,1,4. Stop Sign,5.Hampton Roads,1. No Adverse Condition (Clear/Cloudy),2. No,Not YOUNG
Not ALCIHOL,Not UNBELTED,BIKE,1. Rear End,9/4/2012,9/4/2012,22. Bicycle,1225,K.Fatal Injury,Norfolk,Urban,22. Bicycle,12PM TO 3PM,122.Norfolk,0,Intersection,Tuesday,Not DEER,1,122840303,"1.Divided, no control of access",1. On Roadway,E.Urban Other Principle Arterials; Connecting Links of Other Rural Principal Arterial,Not GUARDRAIL,Not HIT_RUN,0,1. Not at Intersection,122840303,1,1,Not LRTRUCK,2. Daylight,MAINLINE,MAIN,Not MOTORCYCLE,483003.  US00013       US00013,PRI_URBAN,1,Not PED,0,5,NOT-RD,1. Main-Line Roadway,50.18,1. Straight - Level,"2. Two-Way, Divided, Unprotected Median",1. Dry,R-VA   US00013NB,3. No,Not SENIOR,Not SPEED,12PM TO 3PM,1,6. Traffic Lanes Marked,5.Hampton Roads,1. No Adverse Condition (Clear/Cloudy),2. No,Not YOUNG
Not ALCIHOL,Not UNBELTED,BIKE,12. Ped,9/5/2012,9/5/2012,19. Ped,1345,A.Ambulatory Injury,Norfolk,Urban,19. Ped,12PM TO 3PM,122.Norfolk,,Not Intersection,Wednesday,Not DEER,1,122960125,,1. On Roadway,,Not GUARDRAIL,Not HIT_RUN,1,4. Four Approaches,,0,0,Not LRTRUCK,2. Daylight,MAINLINE,,Not MOTORCYCLE,.,SEC_URBAN,1,Not PED,1,5,NOT-RD,1. Main-Line Roadway,,2. Curve - Level,"1. Two-Way, Not Divided",1. Dry,U-VA122SC99999UK,3. No,Not SENIOR,Not SPEED,12PM TO 3PM,1,1. No Traffic Control,5.Hampton Roads,1. No Adverse Condition (Clear/Cloudy),2. No,Not YOUNG
Not ALCIHOL,Not UNBELTED,BIKE,4. Sideswipe - Same Direction,9/5/2012,9/5/2012,22. Bicycle,1830,A.Ambulatory Injury,Norfolk,Urban,22. Bicycle,6PM TO 9PM,122.Norfolk,697,Intersection,Wednesday,Not DEER,1,122750037,"1.Divided, no control of access",1. On Roadway,H.Urban Minor Arterial,Not GUARDRAIL,Not HIT_RUN,1,1. Not at Intersection,122750037,0,0,Not LRTRUCK,2. Daylight,MAINLINE,MAIN,Not MOTORCYCLE,483740.  US00460       US00460       US00460 404A,PRI_URBAN,1,Not PED,1,5,NOT-RD,8. Non-Intersection,404.80,1. Straight - Level,"1. Two-Way, Not Divided",1. Dry,R-VA   US00460EB,3. No,SENIOR,Not SPEED,6PM TO 9PM,1,6. Traffic Lanes Marked,5.Hampton Roads,1. No Adverse Condition (Clear/Cloudy),2. No,YOUNG
Not ALCIHOL,UNBELTED,BIKE,2. Angle,9/7/2012,9/7/2012,22. Bicycle,1455,B.Visiible Injury,Virginia Beach,Urban,22. Bicycle,12PM TO 3PM,134.Virginia Beach,475,Intersection,Friday,Not DEER,1,122595137,"1.Divided, no control of access",1. On Roadway,H.Urban Minor Arterial,Not GUARDRAIL,Not HIT_RUN,1,3. Three Approaches,122595137,0,0,Not LRTRUCK,2. Daylight,MAINLINE,MAIN,Not MOTORCYCLE,542025. 13408723      13408723      13408818,SEC_URBAN,1,Not PED,1,5,NOT-RD,9. Within Intersection,2.85,1. Straight - Level,"1. Two-Way, Not Divided",1. Dry,R-VA134UR08723NB,3. No,Not SENIOR,Not SPEED,12PM TO 3PM,1,4. Stop Sign,5.Hampton Roads,1. No Adverse Condition (Clear/Cloudy),2. No,Not YOUNG
Not ALCIHOL,Not UNBELTED,BIKE,16. Other,9/8/2012,9/8/2012,22. Bicycle,910,B.Visiible Injury,Virginia Beach,Urban,22. Bicycle,9AM TO 12PM,134.Virginia Beach,58,Intersection,Saturday,Not DEER,1,122535009,"0.Two-way, non-divided",1. On Roadway,I.Urban Collector,Not GUARDRAIL,Not HIT_RUN,1,1. Not at Intersection,122535009,0,0,Not LRTRUCK,2. Daylight,MAINLINE,MAIN,Not MOTORCYCLE,542223. 13408737      13408786      13408786,SEC_URBAN,1,Not PED,1,5,NOT-RD,"13. Driveway, Alley-Access - Related",0.69,1. Straight - Level,"1. Two-Way, Not Divided",1. Dry,R-VA134UR08786WB,3. No,Not SENIOR,Not SPEED,9AM TO 12PM,1,1. No Traffic Control,5.Hampton Roads,1. No Adverse Condition (Clear/Cloudy),2. No,Not YOUNG
Not ALCIHOL,Not UNBELTED,BIKE,2. Angle,9/8/2012,9/8/2012,22. Bicycle,1220,B.Visiible Injury,Virginia Beach,Urban,22. Bicycle,12PM TO 3PM,134.Virginia Beach,739,Intersection,Saturday,Not DEER,1,122635176,"1.Divided, no control of access",1. On Roadway,H.Urban Minor Arterial,Not GUARDRAIL,Not HIT_RUN,1,4. Four Approaches,122635176,0,0,Not LRTRUCK,2. Daylight,MAINLINE,MAIN,Not MOTORCYCLE,541257. 13400009      13400009      13408714,SEC_URBAN,1,Not PED,1,5,NOT-RD,"15. Other Crossing (Crossing for Bikes, School, etc.)",1.09,1. Straight - Level,"2. Two-Way, Divided, Unprotected Median",1. Dry,R-VA134UR00009NB,3. No,Not SENIOR,Not SPEED,12PM TO 3PM,1,3. Traffic Signal,5.Hampton Roads,1. No Adverse Condition (Clear/Cloudy),2. No,YOUNG
Not ALCIHOL,Not UNBELTED,BIKE,3. Head On,9/8/2012,9/8/2012,22. Bicycle,1420,B.Visiible Injury,Virginia Beach,Urban,22. Bicycle,12PM TO 3PM,134.Virginia Beach,,Not Intersection,Saturday,Not DEER,1,122565275,,1. On Roadway,,Not GUARDRAIL,Not HIT_RUN,1,4. Four Approaches,,0,0,Not LRTRUCK,2. Daylight,MAINLINE,,Not MOTORCYCLE,.,SEC_URBAN,2,Not PED,2,5,NOT-RD,9. Within Intersection,,1. Straight - Level,"1. Two-Way, Not Divided",1. Dry,R-VA134UR08718WB,3. No,SENIOR,Not SPEED,12PM TO 3PM,1,4. Stop Sign,5.Hampton Roads,1. No Adverse Condition (Clear/Cloudy),2. No,Not YOUNG
ALCOHOL,Not UNBELTED,BIKE,4. Sideswipe - Same Direction,9/8/2012,9/8/2012,20. Motor Vehicle In Transport,121,C.Non-Visible Injury,Norfolk,Urban,20. Motor Vehicle In Transport,0AM TO 3AM,122.Norfolk,"1,188",Intersection,Saturday,Not DEER,1,123530070,"0.Two-way, non-divided",1. On Roadway,E.Urban Other Principle Arterials; Connecting Links of Other Rural Principal Arterial,Not GUARDRAIL,HIT_RUN,1,1. Not at Intersection,123530070,0,0,Not LRTRUCK,4. Darkness - Road Lighted,MAINLINE,MAIN,Not MOTORCYCLE,483171.  SR00194       US00060       US00060,PRI_URBAN,1,Not PED,1,5,NOT-RD,8. Non-Intersection,282.84,1. Straight - Level,"1. Two-Way, Not Divided",1. Dry,R-VA   US00060EB,3. No,Not SENIOR,Not SPEED,0AM TO 3AM,1,6. Traffic Lanes Marked,5.Hampton Roads,1. No Adverse Condition (Clear/Cloudy),2. No,Not YOUNG
Not ALCIHOL,Not UNBELTED,BIKE,2. Angle,12/19/2013,12/19/2013,20. Motor Vehicle In Transport,731,B.Visiible Injury,Virginia Beach,Urban,20. Motor Vehicle In Transport,6AM TO 9AM,134.Virginia Beach,,Not Intersection,Thursday,Not DEER,1,133645056,,1. On Roadway,,Not GUARDRAIL,HIT_RUN,1,3. Three Approaches,,0,0,Not LRTRUCK,1. Dawn,MAINLINE,,Not MOTORCYCLE,.,SEC_URBAN,1,Not PED,1,5,NOT-RD,9. Within Intersection,,1. Straight - Level,"1. Two-Way, Not Divided",1. Dry,U-VA134SC99999UK,3. No,Not SENIOR,Not SPEED,6AM TO 9AM,1,4. Stop Sign,5.Hampton Roads,1. No Adverse Condition (Clear/Cloudy),2. No,YOUNG
Not ALCIHOL,Not UNBELTED,BIKE,2. Angle,12/21/2013,12/21/2013,22. Bicycle,1605,B.Visiible Injury,Newport News,Urban,22. Bicycle,3PM TO 6PM,121.Newport News,"1,056",Intersection,Saturday,Not DEER,1,140760176,"1.Divided, no control of access",1. On Roadway,H.Urban Minor Arterial,Not GUARDRAIL,Not HIT_RUN,1,3. Three Approaches,140760176,0,0,Not LRTRUCK,2. Daylight,MAINLINE,MAIN,Not MOTORCYCLE,646048.  US00060       US00060      12107038,PRI_URBAN,1,Not PED,1,5,NOT-RD,9. Within Intersection,259.38,1. Straight - Level,"2. Two-Way, Divided, Unprotected Median",1. Dry,R-VA   US00060WB,3. No,SENIOR,Not SPEED,3PM TO 6PM,1,3. Traffic Signal,5.Hampton Roads,1. No Adverse Condition (Clear/Cloudy),2. No,YOUNG
Not ALCIHOL,Not UNBELTED,BIKE,2. Angle,9/10/2012,9/10/2012,22. Bicycle,2055,A.Ambulatory Injury,Virginia Beach,Urban,22. Bicycle,6PM TO 9PM,134.Virginia Beach,5,Intersection,Monday,Not DEER,1,122555137,"0.Two-way, non-divided",1. On Roadway,I.Urban Collector,Not GUARDRAIL,Not HIT_RUN,1,4. Four Approaches,122555137,0,0,Not LRTRUCK,4. Darkness - Road Lighted,MAINLINE,MAIN,Not MOTORCYCLE,541912. 13408717      13408717      13408775,SEC_URBAN,1,Not PED,1,5,NOT-RD,9. Within Intersection,0.00,1. Straight - Level,"1. Two-Way, Not Divided",1. Dry,R-VA134UR08775SB,3. No,Not SENIOR,Not SPEED,6PM TO 9PM,1,6. Traffic Lanes Marked,5.Hampton Roads,1. No Adverse Condition (Clear/Cloudy),2. No,Not YOUNG
Not ALCIHOL,Not UNBELTED,BIKE,2. Angle,9/10/2012,9/10/2012,22. Bicycle,724,B.Visiible Injury,Newport News,Urban,22. Bicycle,6AM TO 9AM,121.Newport News,829,Intersection,Monday,Not DEER,1,123180164,"0.Two-way, non-divided",1. On Roadway,H.Urban Minor Arterial,Not GUARDRAIL,Not HIT_RUN,1,3. Three Approaches,123180164,0,0,Not LRTRUCK,2. Daylight,MAINLINE,MAIN,Not MOTORCYCLE,716443. 12100012      12100022      12100022,SEC_URBAN,1,Not PED,1,5,NOT-RD,9. Within Intersection,0.48,1. Straight - Level,"3. Two-Way, Divided, Positive Median Barrier",1. Dry,R-VA121UR00022WB,3. No,Not SENIOR,Not SPEED,6AM TO 9AM,1,3. Traffic Signal,5.Hampton Roads,1. No Adverse Condition (Clear/Cloudy),2. No,Not YOUNG
Not ALCIHOL,Not UNBELTED,BIKE,2. Angle,9/10/2012,9/10/2012,22. Bicycle,1021,A.Ambulatory Injury,Norfolk,Urban,22. Bicycle,9AM TO 12PM,122.Norfolk,,Not Intersection,Monday,Not DEER,1,122910210,,1. On Roadway,,Not GUARDRAIL,Not HIT_RUN,1,4. Four Approaches,,0,0,Not LRTRUCK,2. Daylight,MAINLINE,,Not MOTORCYCLE,.,SEC_URBAN,1,Not PED,1,5,NOT-RD,9. Within Intersection,,1. Straight - Level,"1. Two-Way, Not Divided",1. Dry,U-VA122SC99999UK,3. No,Not SENIOR,Not SPEED,9AM TO 12PM,1,1. No Traffic Control,5.Hampton Roads,1. No Adverse Condition (Clear/Cloudy),2. No,YOUNG
Not ALCIHOL,Not UNBELTED,BIKE,2. Angle,9/11/2012,9/11/2012,20. Motor Vehicle In Transport,1900,B.Visiible Injury,Virginia Beach,Urban,20. Motor Vehicle In Transport,6PM TO 9PM,134.Virginia Beach,243,Intersection,Tuesday,Not DEER,1,122565280,"1.Divided, no control of access",1. On Roadway,E.Urban Other Principle Arterials; Connecting Links of Other Rural Principal Arterial,Not GUARDRAIL,Not HIT_RUN,1,4. Four Approaches,122565280,0,0,Not LRTRUCK,2. Daylight,MAINLINE,MAIN,Not MOTORCYCLE,541073.  SR00279       US00058       US00058      13408685,PRI_URBAN,1,Not PED,1,5,NOT-RD,9. Within Intersection,505.28,1. Straight - Level,"2. Two-Way, Divided, Unprotected Median",1. Dry,R-VA   US00058EB,3. No,Not SENIOR,Not SPEED,6PM TO 9PM,1,3. Traffic Signal,5.Hampton Roads,1. No Adverse Condition (Clear/Cloudy),2. No,Not YOUNG
Not ALCIHOL,Not UNBELTED,BIKE,4. Sideswipe - Same Direction,9/11/2012,9/11/2012,22. Bicycle,1356,B.Visiible Injury,Isle of Wight,Urban,22. Bicycle,12PM TO 3PM,46.Isle of Wight,"2,276",Intersection,Tuesday,Not DEER,1,122555191,"1.Divided, no control of access",1. On Roadway,E.Urban Other Principle Arterials; Connecting Links of Other Rural Principal Arterial,Not GUARDRAIL,HIT_RUN,1,1. Not at Intersection,122555191,0,0,Not LRTRUCK,2. Daylight,MAINLINE,MAIN,Not MOTORCYCLE,393172.  4600644       US00258       US00258,VDOT_PRI,1,Not PED,1,5,NOT-RD,1. Main-Line Roadway,48.48,1. Straight - Level,"2. Two-Way, Divided, Unprotected Median",1. Dry,R-VA   US00258WB,3. No,Not SENIOR,Not SPEED,12PM TO 3PM,1,1. No Traffic Control,5.Hampton Roads,1. No Adverse Condition (Clear/Cloudy),2. No,Not YOUNG
Not ALCIHOL,Not UNBELTED,BIKE,2. Angle,5/13/2015,5/13/2015,20. Motor Vehicle In Transport,1745,A.Ambulatory Injury,Poquoson,Urban,20. Motor Vehicle In Transport,3PM TO 6PM,147.Poquoson,174,Intersection,Wednesday,Not DEER,1,151335322,"0.Two-way, non-divided",1. On Roadway,H.Urban Minor Arterial,Not GUARDRAIL,Not HIT_RUN,1,1. Not at Intersection,151335322,0,0,Not LRTRUCK,2. Daylight,MAINLINE,MAIN,Not MOTORCYCLE,672314.  SR00171       SR00171       SR00172       SR00172,PRI_URBAN,1,Not PED,1,5,NOT-RD,8. Non-Intersection,6.07,3. Grade - Straight,"1. Two-Way, Not Divided",1. Dry,R-VA   SR00171WB,3. No,Not SENIOR,Not SPEED,3PM TO 6PM,1,6. Traffic Lanes Marked,5.Hampton Roads,1. No Adverse Condition (Clear/Cloudy),2. No,Not YOUNG
Not ALCIHOL,Not UNBELTED,BIKE,2. Angle,5/13/2015,5/13/2015,22. Bicycle,1739,A.Ambulatory Injury,Newport News,Urban,22. Bicycle,3PM TO 6PM,121.Newport News,"2,059",Intersection,Wednesday,Not DEER,1,151820024,"0.Two-way, non-divided",1. On Roadway,I.Urban Collector,Not GUARDRAIL,Not HIT_RUN,1,3. Three Approaches,151820024,0,0,Not LRTRUCK,2. Daylight,MAINLINE,MAIN,Not MOTORCYCLE,646142.  SR00173       SR00173      12100018,SEC_URBAN,1,Not PED,1,5,NOT-RD,9. Within Intersection,0.39,1. Straight - Level,"2. Two-Way, Divided, Unprotected Median",1. Dry,R-VA121UR00018NB,3. No,Not SENIOR,Not SPEED,3PM TO 6PM,1,1. No Traffic Control,5.Hampton Roads,1. No Adverse Condition (Clear/Cloudy),2. No,Not YOUNG
Not ALCIHOL,Not UNBELTED,BIKE,3. Head On,5/14/2015,5/14/2015,22. Bicycle,950,B.Visiible Injury,Norfolk,Urban,22. Bicycle,9AM TO 12PM,122.Norfolk,375,Intersection,Thursday,Not DEER,1,151610039,"0.Two-way, non-divided",2. Shoulder,E.Urban Other Principle Arterials; Connecting Links of Other Rural Principal Arterial,Not GUARDRAIL,Not HIT_RUN,1,1. Not at Intersection,151610039,0,0,Not LRTRUCK,2. Daylight,MAINLINE,MAIN,Not MOTORCYCLE,483355.  SR00166       SR00166      12208639      12208639,PRI_URBAN,1,Not PED,1,5,NOT-RD,8. Non-Intersection,10.00,1. Straight - Level,"1. Two-Way, Not Divided",1. Dry,R-VA   SR00166EB,3. No,Not SENIOR,Not SPEED,9AM TO 12PM,1,6. Traffic Lanes Marked,5.Hampton Roads,1. No Adverse Condition (Clear/Cloudy),2. No,Not YOUNG
Not ALCIHOL,Not UNBELTED,BIKE,2. Angle,5/15/2015,5/15/2015,22. Bicycle,1430,B.Visiible Injury,Virginia Beach,Urban,22. Bicycle,12PM TO 3PM,134.Virginia Beach,,Not Intersection,Friday,Not DEER,1,151395256,,1. On Roadway,,Not GUARDRAIL,Not HIT_RUN,1,1. Not at Intersection,,0,0,Not LRTRUCK,2. Daylight,MAINLINE,,Not MOTORCYCLE,.,SEC_URBAN,1,Not PED,1,5,NOT-RD,1. Main-Line Roadway,,1. Straight - Level,"4. One-Way, Not Divided",1. Dry,U-VA134SC99999UK,3. No,Not SENIOR,Not SPEED,12PM TO 3PM,1,14. Ped Crosswalk,5.Hampton Roads,1. No Adverse Condition (Clear/Cloudy),2. No,YOUNG
ALCOHOL,Not UNBELTED,BIKE,2. Angle,12/22/2013,12/22/2013,20. Motor Vehicle In Transport,206,B.Visiible Injury,Virginia Beach,Urban,20. Motor Vehicle In Transport,0AM TO 3AM,134.Virginia Beach,729,Intersection,Sunday,Not DEER,1,140035308,"0.Two-way, non-divided",1. On Roadway,H.Urban Minor Arterial,Not GUARDRAIL,Not HIT_RUN,1,4. Four Approaches,140035308,0,0,Not LRTRUCK,4. Darkness - Road Lighted,MAINLINE,MAIN,Not MOTORCYCLE,541493. 13408669      13408669      13408724      13408724,SEC_URBAN,1,Not PED,1,5,NOT-RD,1. Main-Line Roadway,22.67,1. Straight - Level,"1. Two-Way, Not Divided",1. Dry,R-VA134UR08669SB,3. No,Not SENIOR,Not SPEED,0AM TO 3AM,1,1. No Traffic Control,5.Hampton Roads,1. No Adverse Condition (Clear/Cloudy),2. No,Not YOUNG
ALCOHOL,Not UNBELTED,BIKE,3. Head On,9/13/2012,9/13/2012,22. Bicycle,2159,A.Ambulatory Injury,Norfolk,Urban,22. Bicycle,9PM TO 12AM,122.Norfolk,,Not Intersection,Thursday,Not DEER,1,122930085,,1. On Roadway,,Not GUARDRAIL,Not HIT_RUN,1,3. Three Approaches,,0,0,Not LRTRUCK,4. Darkness - Road Lighted,MAINLINE,,Not MOTORCYCLE,.,SEC_URBAN,1,Not PED,1,5,RD-UNKNOWN,10. Intersection Related - Within 150 Feet,,1. Straight - Level,"1. Two-Way, Not Divided",1. Dry,U-VA122SC99999UK,1. Yes,Not SENIOR,Not SPEED,9PM TO 12AM,1,1. No Traffic Control,5.Hampton Roads,1. No Adverse Condition (Clear/Cloudy),2. No,Not YOUNG
ALCOHOL,UNBELTED,BIKE,1. Rear End,9/14/2012,9/14/2012,20. Motor Vehicle In Transport,2151,A.Ambulatory Injury,Virginia Beach,Urban,20. Motor Vehicle In Transport,9PM TO 12AM,134.Virginia Beach,"1,035",Intersection,Friday,Not DEER,1,122765186,"0.Two-way, non-divided",1. On Roadway,H.Urban Minor Arterial,Not GUARDRAIL,HIT_RUN,1,1. Not at Intersection,122765186,0,0,Not LRTRUCK,4. Darkness - Road Lighted,MAINLINE,MAIN,Not MOTORCYCLE,541094. 13408729     C7US00058     C7US00058,PRI_URBAN,2,Not PED,2,5,NOT-RD,8. Non-Intersection,2.04,1. Straight - Level,"1. Two-Way, Not Divided",1. Dry,R-VA   US00058EBBUS007,3. No,Not SENIOR,Not SPEED,9PM TO 12AM,1,6. Traffic Lanes Marked,5.Hampton Roads,1. No Adverse Condition (Clear/Cloudy),2. No,Not YOUNG
Not ALCIHOL,Not UNBELTED,BIKE,2. Angle,9/15/2012,9/15/2012,22. Bicycle,1607,B.Visiible Injury,Newport News,Urban,22. Bicycle,3PM TO 6PM,121.Newport News,,Not Intersection,Saturday,Not DEER,1,123180187,,1. On Roadway,,Not GUARDRAIL,Not HIT_RUN,1,4. Four Approaches,,0,0,Not LRTRUCK,2. Daylight,MAINLINE,,Not MOTORCYCLE,.,SEC_URBAN,1,Not PED,1,5,NOT-RD,9. Within Intersection,,1. Straight - Level,"2. Two-Way, Divided, Unprotected Median",1. Dry,U-VA121SC99999UK,3. No,Not SENIOR,Not SPEED,3PM TO 6PM,1,8. Yield Sign,5.Hampton Roads,1. No Adverse Condition (Clear/Cloudy),2. No,Not YOUNG
Not ALCIHOL,Not UNBELTED,BIKE,16. Other,3/22/2012,3/22/2012,33. Explosion or Fire,643,PDO.Property Damage Only,Chesapeake,Urban,33. Explosion or Fire,6AM TO 9AM,131.Chesapeake,37,Intersection,Thursday,Not DEER,1,120960131,"0.Two-way, non-divided",1. On Roadway,H.Urban Minor Arterial,Not GUARDRAIL,HIT_RUN,0,4. Four Approaches,120960131,0,0,Not LRTRUCK,1. Dawn,MAINLINE,MAIN,Not MOTORCYCLE,483779.  US00460       US00460      13108778,PRI_URBAN,0,Not PED,0,5,NOT-RD,9. Within Intersection,395.33,1. Straight - Level,"1. Two-Way, Not Divided",1. Dry,R-VA   US00460EB,3. No,Not SENIOR,Not SPEED,6AM TO 9AM,1,6. Traffic Lanes Marked,5.Hampton Roads,1. No Adverse Condition (Clear/Cloudy),2. No,Not YOUNG
Not ALCIHOL,Not UNBELTED,BIKE,2. Angle,3/23/2012,3/23/2012,20. Motor Vehicle In Transport,600,C.Non-Visible Injury,Norfolk,Urban,20. Motor Vehicle In Transport,3AM TO 6AM,122.Norfolk,21,Intersection,Friday,Not DEER,1,121090039,"0.Two-way, non-divided",1. On Roadway,E.Urban Other Principle Arterials; Connecting Links of Other Rural Principal Arterial,Not GUARDRAIL,Not HIT_RUN,1,4. Four Approaches,121090039,0,0,Not LRTRUCK,4. Darkness - Road Lighted,MAINLINE,MAIN,Not MOTORCYCLE,483362.  SR00166       US00460       US00460,PRI_URBAN,1,Not PED,1,5,NOT-RD,9. Within Intersection,398.58,1. Straight - Level,"1. Two-Way, Not Divided",1. Dry,R-VA   US00460EB,3. No,Not SENIOR,Not SPEED,3AM TO 6AM,1,3. Traffic Signal,5.Hampton Roads,1. No Adverse Condition (Clear/Cloudy),2. No,Not YOUNG
Not ALCIHOL,Not UNBELTED,BIKE,16. Other,3/24/2012,3/24/2012,22. Bicycle,2058,B.Visiible Injury,Virginia Beach,Urban,22. Bicycle,6PM TO 9PM,134.Virginia Beach,602,Intersection,Saturday,Not DEER,1,120855229,"0.Two-way, non-divided",1. On Roadway,I.Urban Collector,Not GUARDRAIL,Not HIT_RUN,1,1. Not at Intersection,120855229,0,0,Not LRTRUCK,5. Darkness - Road Not Lighted,MAINLINE,MAIN,Not MOTORCYCLE,541708. 13408690      13408729      13408729,SEC_URBAN,1,Not PED,1,5,NOT-RD,8. Non-Intersection,2.76,1. Straight - Level,"1. Two-Way, Not Divided",2. Wet,R-VA134UR08690EB,3. No,Not SENIOR,Not SPEED,6PM TO 9PM,1,6. Traffic Lanes Marked,5.Hampton Roads,5. Rain,2. No,YOUNG
Not ALCIHOL,Not UNBELTED,BIKE,2. Angle,5/16/2015,5/16/2015,20. Motor Vehicle In Transport,2010,C.Non-Visible Injury,Virginia Beach,Urban,20. Motor Vehicle In Transport,6PM TO 9PM,134.Virginia Beach,32,Intersection,Saturday,Not DEER,1,151415142,"1.Divided, no control of access",1. On Roadway,H.Urban Minor Arterial,Not GUARDRAIL,Not HIT_RUN,1,4. Four Approaches,151415142,0,0,Not LRTRUCK,4. Darkness - Road Lighted,MAINLINE,MAIN,Not MOTORCYCLE,541940. 13408717      13408717      13408739      13408739,SEC_URBAN,1,Not PED,1,5,NOT-RD,9. Within Intersection,1.43,1. Straight - Level,"3. Two-Way, Divided, Positive Median Barrier",1. Dry,R-VA134UR08739NB,3. No,Not SENIOR,Not SPEED,6PM TO 9PM,1,14. Ped Crosswalk,5.Hampton Roads,1. No Adverse Condition (Clear/Cloudy),2. No,Not YOUNG
Not ALCIHOL,Not UNBELTED,BIKE,2. Angle,5/18/2015,5/18/2015,22. Bicycle,1108,A.Ambulatory Injury,Chesapeake,Urban,22. Bicycle,9AM TO 12PM,131.Chesapeake,232,Intersection,Monday,Not DEER,1,151385213,"1.Divided, no control of access",4. Roadside,H.Urban Minor Arterial,Not GUARDRAIL,Not HIT_RUN,1,1. Not at Intersection,151385213,0,0,Not LRTRUCK,2. Daylight,MAINLINE,MAIN,Not MOTORCYCLE,484923. 13108717      13108717      13108806,SEC_URBAN,1,Not PED,1,5,NOT-RD,"13. Driveway, Alley-Access - Related",2.68,1. Straight - Level,"2. Two-Way, Divided, Unprotected Median",1. Dry,R-VA131UR08717WB,3. No,SENIOR,Not SPEED,9AM TO 12PM,1,6. Traffic Lanes Marked,5.Hampton Roads,1. No Adverse Condition (Clear/Cloudy),2. No,Not YOUNG