Alcohol Notalcohol,Belted Unbelted,Bike Nonbike,Collision Type,CRASH_DT (copy),Crash Dt,Crash Event Type Dsc,Crash Military Tm,Crash Severity,Juris Name Used,Area Type Used,First Harmful Event of Entire Crash,Time Slicing Used,Phy_Juris_Nm,Offset-Ft,Intersection Analysis,Day Of Week,Deer Nodeer,TOTAL CRASH,Document Nbr,FAC,First Harmful Event,FUN,Gr Nogr,Hitrun Not Hitrun,Injury Crashes,Intersection Type,Int Doc,K_CRASH,K People,Lgtruck Nonlgtruck,Light Condition,MAINLINE (group),Mainline Yn,Motor Nonmotor,Node Info,Ownership,Total People Killed & Injured,Ped Nonped,Persons Injured,VSP_Used,Rd Type,Relation To Roadway,Rns Mp,Roadway Alignment,Roadway Description,Roadway Surface Cond,Rte Nm,School Zone,Senior Notsenior,Speed Notspeed,Time Slicing,Total Crashes including Property Damage Only,Traffic Control Type,District_Used ,Weather Condition,Work Zone Related,Young Notyoung
Not ALCIHOL,Not UNBELTED,BIKE,2. Angle,5/18/2015,5/18/2015,22. Bicycle,1620,B.Visiible Injury,Virginia Beach,Urban,22. Bicycle,3PM TO 6PM,134.Virginia Beach,,Not Intersection,Monday,Not DEER,1,151415343,,1. On Roadway,,Not GUARDRAIL,HIT_RUN,1,4. Four Approaches,,0,0,Not LRTRUCK,2. Daylight,MAINLINE,,Not MOTORCYCLE,.,SEC_URBAN,1,Not PED,1,5,NOT-RD,1. Main-Line Roadway,,1. Straight - Level,"1. Two-Way, Not Divided",1. Dry,U-VA134SC99999UK,3. No,Not SENIOR,Not SPEED,3PM TO 6PM,1,4. Stop Sign,5.Hampton Roads,1. No Adverse Condition (Clear/Cloudy),2. No,Not YOUNG
ALCOHOL,Not UNBELTED,BIKE,16. Other,5/18/2015,5/18/2015,22. Bicycle,2209,B.Visiible Injury,Virginia Beach,Urban,22. Bicycle,9PM TO 12AM,134.Virginia Beach,,Not Intersection,Monday,Not DEER,1,151395297,,1. On Roadway,,Not GUARDRAIL,Not HIT_RUN,1,3. Three Approaches,,0,0,Not LRTRUCK,4. Darkness - Road Lighted,MAINLINE,,Not MOTORCYCLE,.,SEC_URBAN,2,Not PED,2,5,NOT-RD,9. Within Intersection,,1. Straight - Level,"1. Two-Way, Not Divided",1. Dry,U-VA134SC99999UK,3. No,Not SENIOR,Not SPEED,9PM TO 12AM,1,4. Stop Sign,5.Hampton Roads,1. No Adverse Condition (Clear/Cloudy),2. No,Not YOUNG
ALCOHOL,Not UNBELTED,BIKE,2. Angle,3/25/2012,3/25/2012,22. Bicycle,2045,B.Visiible Injury,Virginia Beach,Urban,22. Bicycle,6PM TO 9PM,134.Virginia Beach,74,Intersection,Sunday,Not DEER,1,120885115,"1.Divided, no control of access",1. On Roadway,H.Urban Minor Arterial,Not GUARDRAIL,Not HIT_RUN,1,4. Four Approaches,120885115,0,0,Not LRTRUCK,4. Darkness - Road Lighted,MAINLINE,MAIN,Not MOTORCYCLE,541275. 13400012      13400012      13400014      13408717,SEC_URBAN,1,Not PED,1,5,NOT-RD,9. Within Intersection,2.91,1. Straight - Level,"2. Two-Way, Divided, Unprotected Median",2. Wet,R-VA134UR00012WB,3. No,Not SENIOR,Not SPEED,6PM TO 9PM,1,3. Traffic Signal,5.Hampton Roads,5. Rain,2. No,Not YOUNG
Not ALCIHOL,Not UNBELTED,BIKE,2. Angle,3/27/2012,3/27/2012,22. Bicycle,1455,B.Visiible Injury,Virginia Beach,Urban,22. Bicycle,12PM TO 3PM,134.Virginia Beach,5,Intersection,Tuesday,Not DEER,1,120925007,"1.Divided, no control of access",1. On Roadway,H.Urban Minor Arterial,Not GUARDRAIL,HIT_RUN,1,3. Three Approaches,120925007,0,0,Not LRTRUCK,2. Daylight,MAINLINE,MAIN,Not MOTORCYCLE,541284.  IS00264E018A 13400013      13400013,SEC_URBAN,1,Not PED,1,5,NOT-RD,9. Within Intersection,1.67,1. Straight - Level,"3. Two-Way, Divided, Positive Median Barrier",1. Dry,R-VA134UR00013NB,3. No,Not SENIOR,Not SPEED,12PM TO 3PM,1,6. Traffic Lanes Marked,5.Hampton Roads,1. No Adverse Condition (Clear/Cloudy),2. No,YOUNG
Not ALCIHOL,Not UNBELTED,BIKE,2. Angle,3/27/2012,3/27/2012,20. Motor Vehicle In Transport,802,A.Ambulatory Injury,Virginia Beach,Urban,20. Motor Vehicle In Transport,6AM TO 9AM,134.Virginia Beach,,Not Intersection,Tuesday,Not DEER,1,121115135,,1. On Roadway,,Not GUARDRAIL,Not HIT_RUN,1,4. Four Approaches,,0,0,Not LRTRUCK,2. Daylight,MAINLINE,,Not MOTORCYCLE,.,SEC_URBAN,1,Not PED,1,5,NOT-RD,9. Within Intersection,,1. Straight - Level,"1. Two-Way, Not Divided",1. Dry,U-VA134SC99999UK,3. No,SENIOR,Not SPEED,6AM TO 9AM,1,4. Stop Sign,5.Hampton Roads,1. No Adverse Condition (Clear/Cloudy),2. No,Not YOUNG
Not ALCIHOL,Not UNBELTED,BIKE,4. Sideswipe - Same Direction,3/29/2012,3/29/2012,22. Bicycle,720,B.Visiible Injury,Virginia Beach,Urban,22. Bicycle,6AM TO 9AM,134.Virginia Beach,11,Intersection,Thursday,Not DEER,1,120905044,"1.Divided, no control of access",1. On Roadway,H.Urban Minor Arterial,Not GUARDRAIL,Not HIT_RUN,1,4. Four Approaches,120905044,0,0,Not LRTRUCK,2. Daylight,MAINLINE,MAIN,Not MOTORCYCLE,541285. 13400013      13400013      13408748,SEC_URBAN,2,Not PED,2,5,NOT-RD,9. Within Intersection,1.59,1. Straight - Level,"2. Two-Way, Divided, Unprotected Median",1. Dry,R-VA134UR00013SB,3. No,Not SENIOR,Not SPEED,6AM TO 9AM,1,6. Traffic Lanes Marked,5.Hampton Roads,1. No Adverse Condition (Clear/Cloudy),2. No,Not YOUNG
Not ALCIHOL,Not UNBELTED,BIKE,2. Angle,3/30/2012,3/30/2012,20. Motor Vehicle In Transport,1000,A.Ambulatory Injury,York,Urban,20. Motor Vehicle In Transport,9AM TO 12PM,99.York,0,Intersection,Friday,Not DEER,1,120945236,"0.Two-way, non-divided",1. On Roadway,I.Urban Collector,Not GUARDRAIL,Not HIT_RUN,1,3. Three Approaches,120945236,0,0,Not LRTRUCK,2. Daylight,MAINLINE,MAIN,Not MOTORCYCLE,671036.  9900607       9900641       9900641,VDOT_SEC,1,Not PED,1,5,NOT-RD,9. Within Intersection,0.22,1. Straight - Level,"1. Two-Way, Not Divided",1. Dry,R-VA099SC00641EB,3. No,SENIOR,Not SPEED,9AM TO 12PM,1,6. Traffic Lanes Marked,5.Hampton Roads,1. No Adverse Condition (Clear/Cloudy),2. No,Not YOUNG
Not ALCIHOL,Not UNBELTED,BIKE,2. Angle,9/17/2012,9/17/2012,22. Bicycle,1951,B.Visiible Injury,Virginia Beach,Urban,22. Bicycle,6PM TO 9PM,134.Virginia Beach,,Not Intersection,Monday,Not DEER,1,122685268,,1. On Roadway,,Not GUARDRAIL,Not HIT_RUN,1,2. Two Approaches,,0,0,Not LRTRUCK,4. Darkness - Road Lighted,MAINLINE,,Not MOTORCYCLE,.,SEC_URBAN,2,Not PED,2,5,NOT-RD,9. Within Intersection,,1. Straight - Level,"1. Two-Way, Not Divided",1. Dry,U-VA134SC99999UK,3. No,Not SENIOR,Not SPEED,6PM TO 9PM,1,4. Stop Sign,5.Hampton Roads,1. No Adverse Condition (Clear/Cloudy),2. No,Not YOUNG
Not ALCIHOL,Not UNBELTED,BIKE,3. Head On,9/18/2012,9/18/2012,22. Bicycle,1239,C.Non-Visible Injury,Norfolk,Urban,22. Bicycle,12PM TO 3PM,122.Norfolk,480,Intersection,Tuesday,Not DEER,1,122960220,"0.Two-way, non-divided",1. On Roadway,H.Urban Minor Arterial,Not GUARDRAIL,Not HIT_RUN,1,3. Three Approaches,122960220,0,0,Not LRTRUCK,2. Daylight,MAINLINE,MAIN,Not MOTORCYCLE,483354.  SR00166       SR00166      12208641      12208641,SEC_URBAN,1,Not PED,1,5,RD-UNKNOWN,10. Intersection Related - Within 150 Feet,0.88,1. Straight - Level,"1. Two-Way, Not Divided",1. Dry,R-VA122UR08641NB,3. No,Not SENIOR,Not SPEED,12PM TO 3PM,1,4. Stop Sign,5.Hampton Roads,1. No Adverse Condition (Clear/Cloudy),2. No,Not YOUNG
Not ALCIHOL,Not UNBELTED,BIKE,2. Angle,9/18/2012,9/18/2012,20. Motor Vehicle In Transport,1642,B.Visiible Injury,Newport News,Urban,20. Motor Vehicle In Transport,3PM TO 6PM,121.Newport News,"1,172",Intersection,Tuesday,Not DEER,1,122685106,"1.Divided, no control of access",1. On Roadway,H.Urban Minor Arterial,Not GUARDRAIL,Not HIT_RUN,1,1. Not at Intersection,122685106,0,0,Not LRTRUCK,2. Daylight,MAINLINE,MAIN,Not MOTORCYCLE,716351.  US00060       US00060      12100021,PRI_URBAN,1,Not PED,1,5,NOT-RD,"15. Other Crossing (Crossing for Bikes, School, etc.)",260.13,1. Straight - Level,"1. Two-Way, Not Divided",1. Dry,R-VA   US00060WB,3. No,Not SENIOR,Not SPEED,3PM TO 6PM,1,14. Ped Crosswalk,5.Hampton Roads,1. No Adverse Condition (Clear/Cloudy),2. No,YOUNG
Not ALCIHOL,Not UNBELTED,BIKE,2. Angle,9/18/2012,9/18/2012,22. Bicycle,1515,C.Non-Visible Injury,Hampton,Urban,22. Bicycle,3PM TO 6PM,114.Hampton,,Not Intersection,Tuesday,Not DEER,1,123130094,,1. On Roadway,,Not GUARDRAIL,Not HIT_RUN,1,3. Three Approaches,,0,0,Not LRTRUCK,2. Daylight,MAINLINE,,Not MOTORCYCLE,.,SEC_URBAN,1,Not PED,1,5,NOT-RD,9. Within Intersection,,1. Straight - Level,"1. Two-Way, Not Divided",2. Wet,U-VA114SC99999UK,3. No,Not SENIOR,Not SPEED,3PM TO 6PM,1,3. Traffic Signal,5.Hampton Roads,4. Mist,2. No,Not YOUNG
Not ALCIHOL,Not UNBELTED,BIKE,2. Angle,12/31/2013,12/31/2013,20. Motor Vehicle In Transport,1745,B.Visiible Injury,Virginia Beach,Urban,20. Motor Vehicle In Transport,3PM TO 6PM,134.Virginia Beach,,Not Intersection,Tuesday,Not DEER,1,140025168,,1. On Roadway,,Not GUARDRAIL,HIT_RUN,1,1. Not at Intersection,,0,0,Not LRTRUCK,4. Darkness - Road Lighted,MAINLINE,,Not MOTORCYCLE,.,SEC_URBAN,1,Not PED,1,5,NOT-RD,1. Main-Line Roadway,,1. Straight - Level,"1. Two-Way, Not Divided",1. Dry,U-VA134SC99999UK,3. No,Not SENIOR,Not SPEED,3PM TO 6PM,1,1. No Traffic Control,5.Hampton Roads,1. No Adverse Condition (Clear/Cloudy),2. No,Not YOUNG
ALCOHOL,Not UNBELTED,BIKE,13. Bicyclist,1/1/2014,1/1/2014,20. Motor Vehicle In Transport,46,A.Ambulatory Injury,Norfolk,Urban,20. Motor Vehicle In Transport,0AM TO 3AM,122.Norfolk,11,Intersection,Wednesday,Not DEER,1,141050033,"0.Two-way, non-divided",1. On Roadway,I.Urban Collector,Not GUARDRAIL,HIT_RUN,1,4. Four Approaches,141050033,0,0,Not LRTRUCK,4. Darkness - Road Lighted,MAINLINE,MAIN,Not MOTORCYCLE,485137. 12208565      12208565      12208791      12208791,SEC_URBAN,1,Not PED,1,5,NOT-RD,1. Main-Line Roadway,0.76,1. Straight - Level,"2. Two-Way, Divided, Unprotected Median",1. Dry,R-VA122UR08791WB,3. No,Not SENIOR,Not SPEED,0AM TO 3AM,1,3. Traffic Signal,5.Hampton Roads,1. No Adverse Condition (Clear/Cloudy),2. No,Not YOUNG
Not ALCIHOL,Not UNBELTED,BIKE,2. Angle,5/20/2015,5/20/2015,20. Motor Vehicle In Transport,2353,A.Ambulatory Injury,Virginia Beach,Urban,20. Motor Vehicle In Transport,9PM TO 12AM,134.Virginia Beach,,Not Intersection,Wednesday,Not DEER,1,151425010,,1. On Roadway,,Not GUARDRAIL,Not HIT_RUN,1,4. Four Approaches,,0,0,Not LRTRUCK,4. Darkness - Road Lighted,MAINLINE,,Not MOTORCYCLE,.,SEC_URBAN,1,Not PED,1,5,NOT-RD,9. Within Intersection,,1. Straight - Level,"1. Two-Way, Not Divided",1. Dry,U-VA134SC99999UK,3. No,Not SENIOR,Not SPEED,9PM TO 12AM,1,4. Stop Sign,5.Hampton Roads,1. No Adverse Condition (Clear/Cloudy),2. No,Not YOUNG
Not ALCIHOL,Not UNBELTED,BIKE,2. Angle,1/10/2014,1/10/2014,22. Bicycle,750,B.Visiible Injury,Virginia Beach,Urban,22. Bicycle,6AM TO 9AM,134.Virginia Beach,"1,093",Intersection,Friday,Not DEER,1,140115108,"0.Two-way, non-divided",1. On Roadway,I.Urban Collector,Not GUARDRAIL,Not HIT_RUN,1,4. Four Approaches,140115108,0,0,Not LRTRUCK,1. Dawn,MAINLINE,MAIN,Not MOTORCYCLE,541982. 13408721      13408721      13408818      13408818,SEC_URBAN,1,Not PED,1,5,NOT-RD,9. Within Intersection,0.69,1. Straight - Level,"1. Two-Way, Not Divided",1. Dry,R-VA134UR08818EB,3. No,Not SENIOR,Not SPEED,6AM TO 9AM,1,4. Stop Sign,5.Hampton Roads,1. No Adverse Condition (Clear/Cloudy),2. No,Not YOUNG
Not ALCIHOL,Not UNBELTED,BIKE,2. Angle,4/6/2012,4/6/2012,22. Bicycle,1045,B.Visiible Injury,Virginia Beach,Urban,22. Bicycle,9AM TO 12PM,134.Virginia Beach,0,Intersection,Friday,Not DEER,1,121015024,"1.Divided, no control of access",1. On Roadway,H.Urban Minor Arterial,Not GUARDRAIL,Not HIT_RUN,1,4. Four Approaches,121015024,0,0,Not LRTRUCK,2. Daylight,MAINLINE,MAIN,Not MOTORCYCLE,541352. 13408627      13408627      13408829      13408829,SEC_URBAN,1,Not PED,1,5,NOT-RD,9. Within Intersection,3.76,1. Straight - Level,"3. Two-Way, Divided, Positive Median Barrier",1. Dry,R-VA134UR08627NB,1. Yes,Not SENIOR,Not SPEED,9AM TO 12PM,1,3. Traffic Signal,5.Hampton Roads,1. No Adverse Condition (Clear/Cloudy),2. No,YOUNG
Not ALCIHOL,Not UNBELTED,BIKE,2. Angle,4/7/2012,4/7/2012,22. Bicycle,1045,B.Visiible Injury,Virginia Beach,Urban,22. Bicycle,9AM TO 12PM,134.Virginia Beach,"1,441",Intersection,Saturday,Not DEER,1,121095065,"1.Divided, no control of access",1. On Roadway,H.Urban Minor Arterial,Not GUARDRAIL,Not HIT_RUN,1,4. Four Approaches,121095065,0,0,Not LRTRUCK,2. Daylight,MAINLINE,MAIN,Not MOTORCYCLE,541493. 13408669      13408669      13408724      13408724,SEC_URBAN,1,Not PED,1,5,NOT-RD,9. Within Intersection,22.26,4. Grade - Curve,"1. Two-Way, Not Divided",1. Dry,R-VA134UR08669SB,3. No,Not SENIOR,Not SPEED,9AM TO 12PM,1,3. Traffic Signal,5.Hampton Roads,1. No Adverse Condition (Clear/Cloudy),2. No,Not YOUNG
Not ALCIHOL,Not UNBELTED,BIKE,2. Angle,4/8/2012,4/8/2012,22. Bicycle,1042,B.Visiible Injury,Norfolk,Urban,22. Bicycle,9AM TO 12PM,122.Norfolk,137,Intersection,Sunday,Not DEER,1,121090529,"1.Divided, no control of access",1. On Roadway,H.Urban Minor Arterial,Not GUARDRAIL,Not HIT_RUN,1,1. Not at Intersection,121090529,0,0,Not LRTRUCK,2. Daylight,MAINLINE,MAIN,Not MOTORCYCLE,483432.  SR00168       SR00168       SR00168S026B,PRI_URBAN,1,Not PED,1,5,NOT-RD,8. Non-Intersection,27.65,1. Straight - Level,"2. Two-Way, Divided, Unprotected Median",1. Dry,R-VA   SR00168SB,3. No,Not SENIOR,Not SPEED,9AM TO 12PM,1,6. Traffic Lanes Marked,5.Hampton Roads,1. No Adverse Condition (Clear/Cloudy),2. No,Not YOUNG
Not ALCIHOL,Not UNBELTED,BIKE,12. Ped,4/8/2012,4/8/2012,22. Bicycle,2218,C.Non-Visible Injury,Newport News,Urban,22. Bicycle,9PM TO 12AM,121.Newport News,37,Intersection,Sunday,Not DEER,1,121500052,"1.Divided, no control of access",1. On Roadway,E.Urban Other Principle Arterials; Connecting Links of Other Rural Principal Arterial,Not GUARDRAIL,Not HIT_RUN,1,4. Four Approaches,121500052,0,0,Not LRTRUCK,4. Darkness - Road Lighted,MAINLINE,MAIN,MOTORCYCLE,646006.  SR00306       US00017       US00017      12107027,PRI_URBAN,1,Not PED,1,5,NOT-RD,9. Within Intersection,54.14,1. Straight - Level,"3. Two-Way, Divided, Positive Median Barrier",1. Dry,R-VA   US00017NB,3. No,Not SENIOR,SPEED,9PM TO 12AM,1,3. Traffic Signal,5.Hampton Roads,1. No Adverse Condition (Clear/Cloudy),2. No,Not YOUNG
Not ALCIHOL,UNBELTED,BIKE,2. Angle,9/19/2012,9/19/2012,22. Bicycle,1329,B.Visiible Injury,Norfolk,Urban,22. Bicycle,12PM TO 3PM,122.Norfolk,11,Intersection,Wednesday,Not DEER,1,123310014,"0.Two-way, non-divided",1. On Roadway,H.Urban Minor Arterial,Not GUARDRAIL,Not HIT_RUN,1,1. Not at Intersection,123310014,0,0,Not LRTRUCK,2. Daylight,MAINLINE,MAIN,Not MOTORCYCLE,485463. 12208607      12208639      12208639,SEC_URBAN,1,Not PED,1,5,NOT-RD,1. Main-Line Roadway,3.13,1. Straight - Level,"1. Two-Way, Not Divided",1. Dry,R-VA122UR08639NB,3. No,Not SENIOR,Not SPEED,12PM TO 3PM,1,6. Traffic Lanes Marked,5.Hampton Roads,1. No Adverse Condition (Clear/Cloudy),2. No,Not YOUNG
Not ALCIHOL,Not UNBELTED,BIKE,2. Angle,9/21/2012,9/21/2012,22. Bicycle,1625,C.Non-Visible Injury,Newport News,Urban,22. Bicycle,3PM TO 6PM,121.Newport News,"1,584",Intersection,Friday,Not DEER,1,123180206,"1.Divided, no control of access",4. Roadside,H.Urban Minor Arterial,Not GUARDRAIL,Not HIT_RUN,1,3. Three Approaches,123180206,0,0,Not LRTRUCK,2. Daylight,MAINLINE,MAIN,Not MOTORCYCLE,646041.  SR00152       US00060       US00060,PRI_URBAN,1,Not PED,1,5,NOT-RD,1. Main-Line Roadway,262.88,1. Straight - Level,"3. Two-Way, Divided, Positive Median Barrier",1. Dry,R-VA   US00060WB,3. No,Not SENIOR,Not SPEED,3PM TO 6PM,1,1. No Traffic Control,5.Hampton Roads,1. No Adverse Condition (Clear/Cloudy),2. No,Not YOUNG
Not ALCIHOL,Not UNBELTED,BIKE,1. Rear End,9/22/2012,9/22/2012,22. Bicycle,1600,A.Ambulatory Injury,Norfolk,Urban,22. Bicycle,3PM TO 6PM,122.Norfolk,"1,067",Intersection,Saturday,Not DEER,1,123130230,"0.Two-way, non-divided",1. On Roadway,I.Urban Collector,Not GUARDRAIL,Not HIT_RUN,1,4. Four Approaches,123130230,0,0,Not LRTRUCK,2. Daylight,MAINLINE,MAIN,Not MOTORCYCLE,483547.  SR00247       SR00247      12208767,SEC_URBAN,1,Not PED,1,5,NOT-RD,10. Intersection Related - Within 150 Feet,0.20,1. Straight - Level,"1. Two-Way, Not Divided",1. Dry,R-VA122UR08767SB,3. No,Not SENIOR,Not SPEED,3PM TO 6PM,1,1. No Traffic Control,5.Hampton Roads,1. No Adverse Condition (Clear/Cloudy),2. No,Not YOUNG
Not ALCIHOL,Not UNBELTED,BIKE,2. Angle,9/22/2012,9/22/2012,22. Bicycle,1035,B.Visiible Injury,Chincoteaque,Rural,22. Bicycle,9AM TO 12PM,190.Chincoteaque,"1,214",Intersection,Saturday,Not DEER,1,122775239,"0.Two-way, non-divided",1. On Roadway,4.Rural Major Collector,Not GUARDRAIL,Not HIT_RUN,1,1. Not at Intersection,122775239,0,0,Not LRTRUCK,2. Daylight,MAINLINE,MAIN,Not MOTORCYCLE,715264. 19000002      19000008      19000008,VDOT_SEC,1,Not PED,1,5,NOT-RD,8. Non-Intersection,0.33,1. Straight - Level,"1. Two-Way, Not Divided",1. Dry,R-VA190UR00008EB,3. No,SENIOR,Not SPEED,9AM TO 12PM,1,7. No Passing Lines,5.Hampton Roads,1. No Adverse Condition (Clear/Cloudy),2. No,YOUNG
Not ALCIHOL,Not UNBELTED,BIKE,16. Other,9/22/2012,9/22/2012,15. Other Fixed Object,2243,B.Visiible Injury,Norfolk,Urban,15. Other Fixed Object,9PM TO 12AM,122.Norfolk,,Not Intersection,Saturday,Not DEER,1,123130215,,4. Roadside,,Not GUARDRAIL,Not HIT_RUN,1,2. Two Approaches,,0,0,Not LRTRUCK,4. Darkness - Road Lighted,MAINLINE,,Not MOTORCYCLE,.,SEC_URBAN,1,Not PED,1,5,NOT-RD,1. Main-Line Roadway,,1. Straight - Level,"1. Two-Way, Not Divided",1. Dry,U-VA122SC99999UK,3. No,Not SENIOR,Not SPEED,9PM TO 12AM,1,1. No Traffic Control,5.Hampton Roads,1. No Adverse Condition (Clear/Cloudy),2. No,Not YOUNG
Not ALCIHOL,Not UNBELTED,BIKE,2. Angle,9/23/2012,9/23/2012,20. Motor Vehicle In Transport,1245,B.Visiible Injury,Virginia Beach,Urban,20. Motor Vehicle In Transport,12PM TO 3PM,134.Virginia Beach,317,Intersection,Sunday,Not DEER,1,122765197,"1.Divided, no control of access",1. On Roadway,H.Urban Minor Arterial,Not GUARDRAIL,Not HIT_RUN,1,2. Two Approaches,122765197,0,0,Not LRTRUCK,2. Daylight,MAINLINE,MAIN,Not MOTORCYCLE,542019. 13408723      13408723      13408724,SEC_URBAN,1,Not PED,1,5,NOT-RD,9. Within Intersection,2.76,1. Straight - Level,"1. Two-Way, Not Divided",1. Dry,R-VA134UR08723NB,3. No,Not SENIOR,Not SPEED,12PM TO 3PM,1,4. Stop Sign,5.Hampton Roads,1. No Adverse Condition (Clear/Cloudy),2. No,Not YOUNG
Not ALCIHOL,Not UNBELTED,BIKE,2. Angle,9/24/2012,9/24/2012,20. Motor Vehicle In Transport,1108,B.Visiible Injury,Norfolk,Urban,20. Motor Vehicle In Transport,9AM TO 12PM,122.Norfolk,32,Intersection,Monday,Not DEER,1,123180314,"1.Divided, no control of access",1. On Roadway,H.Urban Minor Arterial,Not GUARDRAIL,Not HIT_RUN,1,3. Three Approaches,123180314,0,0,Not LRTRUCK,2. Daylight,MAINLINE,MAIN,Not MOTORCYCLE,483569. 12208563      12208563      1SR00247P     1SR00247P,SEC_URBAN,1,Not PED,1,5,NOT-RD,9. Within Intersection,1.28,1. Straight - Level,"3. Two-Way, Divided, Positive Median Barrier",1. Dry,R-VA122UR08563SB,3. No,Not SENIOR,Not SPEED,9AM TO 12PM,1,3. Traffic Signal,5.Hampton Roads,1. No Adverse Condition (Clear/Cloudy),2. No,Not YOUNG
Not ALCIHOL,Not UNBELTED,BIKE,5. Sideswipe - Opposite Direction,1/15/2014,1/15/2014,20. Motor Vehicle In Transport,1110,C.Non-Visible Injury,Norfolk,Urban,20. Motor Vehicle In Transport,9AM TO 12PM,122.Norfolk,,Not Intersection,Wednesday,Not DEER,1,141110035,,1. On Roadway,,Not GUARDRAIL,Not HIT_RUN,1,4. Four Approaches,,0,0,Not LRTRUCK,2. Daylight,MAINLINE,,Not MOTORCYCLE,.,SEC_URBAN,1,Not PED,1,5,NOT-RD,9. Within Intersection,,1. Straight - Level,"4. One-Way, Not Divided",1. Dry,U-VA122SC99999UK,3. No,Not SENIOR,Not SPEED,9AM TO 12PM,1,3. Traffic Signal,5.Hampton Roads,1. No Adverse Condition (Clear/Cloudy),2. No,Not YOUNG
Not ALCIHOL,Not UNBELTED,BIKE,1. Rear End,9/25/2012,9/25/2012,22. Bicycle,641,A.Ambulatory Injury,Poquoson,Urban,22. Bicycle,6AM TO 9AM,147.Poquoson,"2,186",Intersection,Tuesday,Not DEER,1,122845105,"0.Two-way, non-divided",1. On Roadway,H.Urban Minor Arterial,Not GUARDRAIL,Not HIT_RUN,1,3. Three Approaches,122845105,0,0,Not LRTRUCK,1. Dawn,MAINLINE,MAIN,Not MOTORCYCLE,672314.  SR00171       SR00171       SR00172       SR00172,PRI_URBAN,1,Not PED,1,5,NOT-RD,10. Intersection Related - Within 150 Feet,3.58,3. Grade - Straight,"1. Two-Way, Not Divided",1. Dry,R-VA   SR00172NB,3. No,Not SENIOR,Not SPEED,6AM TO 9AM,1,1. No Traffic Control,5.Hampton Roads,1. No Adverse Condition (Clear/Cloudy),2. No,Not YOUNG
Not ALCIHOL,Not UNBELTED,BIKE,4. Sideswipe - Same Direction,9/25/2012,9/25/2012,22. Bicycle,1510,K.Fatal Injury,Newport News,Urban,22. Bicycle,3PM TO 6PM,121.Newport News,253,Intersection,Tuesday,Not DEER,1,122850001,"2.Divided, partial control of access",1. On Roadway,E.Urban Other Principle Arterials; Connecting Links of Other Rural Principal Arterial,Not GUARDRAIL,Not HIT_RUN,0,1. Not at Intersection,122850001,1,1,Not LRTRUCK,2. Daylight,MAINLINE,MAIN,Not MOTORCYCLE,646095.  SR00105       SR00105       US00060W252B,PRI_URBAN,1,Not PED,0,5,NOT-RD,"7. Other location not listed above within an interchange area (median, shoulder , roadside)",0.43,1. Straight - Level,"2. Two-Way, Divided, Unprotected Median",1. Dry,R-VA   SR00105WB,3. No,Not SENIOR,Not SPEED,3PM TO 6PM,1,6. Traffic Lanes Marked,5.Hampton Roads,1. No Adverse Condition (Clear/Cloudy),2. No,Not YOUNG
Not ALCIHOL,Not UNBELTED,BIKE,2. Angle,9/26/2012,9/26/2012,22. Bicycle,1510,B.Visiible Injury,Virginia Beach,Urban,22. Bicycle,3PM TO 6PM,134.Virginia Beach,"6,843",Intersection,Wednesday,Not DEER,1,122835314,"1.Divided, no control of access",1. On Roadway,H.Urban Minor Arterial,Not GUARDRAIL,Not HIT_RUN,1,3. Three Approaches,122835314,0,0,Not LRTRUCK,2. Daylight,MAINLINE,MAIN,Not MOTORCYCLE,541119.  SR00279       US00060       US00060,PRI_URBAN,1,Not PED,1,5,NOT-RD,9. Within Intersection,4.25,1. Straight - Level,"2. Two-Way, Divided, Unprotected Median",1. Dry,R-VA   SR00279SB,2. Yes - With School Activity,Not SENIOR,Not SPEED,3PM TO 6PM,1,4. Stop Sign,5.Hampton Roads,1. No Adverse Condition (Clear/Cloudy),2. No,Not YOUNG
Not ALCIHOL,Not UNBELTED,BIKE,2. Angle,9/26/2012,9/26/2012,20. Motor Vehicle In Transport,1759,B.Visiible Injury,Hampton,Urban,20. Motor Vehicle In Transport,3PM TO 6PM,114.Hampton,,Not Intersection,Wednesday,Not DEER,1,123420041,,1. On Roadway,,Not GUARDRAIL,Not HIT_RUN,1,3. Three Approaches,,0,0,Not LRTRUCK,2. Daylight,MAINLINE,,Not MOTORCYCLE,.,SEC_URBAN,2,Not PED,2,5,NOT-RD,9. Within Intersection,,1. Straight - Level,"2. Two-Way, Divided, Unprotected Median",1. Dry,U-VA114SC99999UK,3. No,Not SENIOR,Not SPEED,3PM TO 6PM,1,4. Stop Sign,5.Hampton Roads,1. No Adverse Condition (Clear/Cloudy),2. No,Not YOUNG