Alcohol Notalcohol,Belted Unbelted,Bike Nonbike,Collision Type,CRASH_DT (copy),Crash Dt,Crash Event Type Dsc,Crash Military Tm,Crash Severity,Juris Name Used,Area Type Used,First Harmful Event of Entire Crash,Time Slicing Used,Phy_Juris_Nm,Offset-Ft,Intersection Analysis,Day Of Week,Deer Nodeer,TOTAL CRASH,Document Nbr,FAC,First Harmful Event,FUN,Gr Nogr,Hitrun Not Hitrun,Injury Crashes,Intersection Type,Int Doc,K_CRASH,K People,Lgtruck Nonlgtruck,Light Condition,MAINLINE (group),Mainline Yn,Motor Nonmotor,Node Info,Ownership,Total People Killed & Injured,Ped Nonped,Persons Injured,VSP_Used,Rd Type,Relation To Roadway,Rns Mp,Roadway Alignment,Roadway Description,Roadway Surface Cond,Rte Nm,School Zone,Senior Notsenior,Speed Notspeed,Time Slicing,Total Crashes including Property Damage Only,Traffic Control Type,District_Used ,Weather Condition,Work Zone Related,Young Notyoung
ALCOHOL,Not UNBELTED,BIKE,2. Angle,9/27/2012,9/27/2012,22. Bicycle,2332,A.Ambulatory Injury,Virginia Beach,Urban,22. Bicycle,9PM TO 12AM,134.Virginia Beach,718,Intersection,Thursday,Not DEER,1,122755241,"1.Divided, no control of access",1. On Roadway,E.Urban Other Principle Arterials; Connecting Links of Other Rural Principal Arterial,Not GUARDRAIL,Not HIT_RUN,1,4. Four Approaches,122755241,0,0,Not LRTRUCK,4. Darkness - Road Lighted,MAINLINE,MAIN,Not MOTORCYCLE,541108.  US00060       US00060      13408722      13408722,PRI_URBAN,1,Not PED,1,5,NOT-RD,9. Within Intersection,302.54,1. Straight - Level,"1. Two-Way, Not Divided",1. Dry,R-VA   US00060EB,3. No,Not SENIOR,Not SPEED,9PM TO 12AM,1,4. Stop Sign,5.Hampton Roads,1. No Adverse Condition (Clear/Cloudy),2. No,Not YOUNG
Not ALCIHOL,Not UNBELTED,BIKE,2. Angle,4/9/2012,4/9/2012,22. Bicycle,1310,C.Non-Visible Injury,Portsmouth,Urban,22. Bicycle,12PM TO 3PM,124.Portsmouth,26,Intersection,Monday,Not DEER,1,121675055,"1.Divided, no control of access",1. On Roadway,E.Urban Other Principle Arterials; Connecting Links of Other Rural Principal Arterial,Not GUARDRAIL,Not HIT_RUN,1,2. Two Approaches,121675055,0,0,Not LRTRUCK,2. Daylight,MAINLINE,MAIN,Not MOTORCYCLE,483081.  US00017       US00017      12408547      12408547,PRI_URBAN,1,Not PED,1,5,NOT-RD,10. Intersection Related - Within 150 Feet,26.88,1. Straight - Level,"3. Two-Way, Divided, Positive Median Barrier",1. Dry,R-VA   US00017SB,3. No,Not SENIOR,Not SPEED,12PM TO 3PM,1,3. Traffic Signal,5.Hampton Roads,1. No Adverse Condition (Clear/Cloudy),2. No,Not YOUNG
Not ALCIHOL,UNBELTED,BIKE,16. Other,4/9/2012,4/9/2012,20. Motor Vehicle In Transport,1615,B.Visiible Injury,Virginia Beach,Urban,20. Motor Vehicle In Transport,3PM TO 6PM,134.Virginia Beach,"3,495",Intersection,Monday,Not DEER,1,121025108,"1.Divided, no control of access",1. On Roadway,E.Urban Other Principle Arterials; Connecting Links of Other Rural Principal Arterial,Not GUARDRAIL,Not HIT_RUN,1,4. Four Approaches,121025108,0,0,Not LRTRUCK,2. Daylight,MAINLINE,MAIN,Not MOTORCYCLE,541141.  SR00149      13408669      13408669,SEC_URBAN,1,Not PED,1,5,NOT-RD,9. Within Intersection,17.13,1. Straight - Level,"2. Two-Way, Divided, Unprotected Median",1. Dry,R-VA134UR08669NB,3. No,Not SENIOR,Not SPEED,3PM TO 6PM,1,3. Traffic Signal,5.Hampton Roads,1. No Adverse Condition (Clear/Cloudy),2. No,YOUNG
Not ALCIHOL,Not UNBELTED,BIKE,12. Ped,4/12/2012,4/12/2012,22. Bicycle,1635,C.Non-Visible Injury,Newport News,Urban,22. Bicycle,3PM TO 6PM,121.Newport News,32,Intersection,Thursday,Not DEER,1,121770140,"1.Divided, no control of access",1. On Roadway,E.Urban Other Principle Arterials; Connecting Links of Other Rural Principal Arterial,Not GUARDRAIL,Not HIT_RUN,1,4. Four Approaches,121770140,0,0,Not LRTRUCK,2. Daylight,MAINLINE,MAIN,Not MOTORCYCLE,910001.  SR00143       US00017       US00017       US00258,PRI_URBAN,1,Not PED,1,5,NOT-RD,9. Within Intersection,11.26,1. Straight - Level,"2. Two-Way, Divided, Unprotected Median",1. Dry,R-VA   US00017NB,3. No,Not SENIOR,Not SPEED,3PM TO 6PM,1,3. Traffic Signal,5.Hampton Roads,1. No Adverse Condition (Clear/Cloudy),2. No,Not YOUNG
Not ALCIHOL,Not UNBELTED,BIKE,3. Head On,4/12/2012,4/12/2012,22. Bicycle,552,B.Visiible Injury,Virginia Beach,Urban,22. Bicycle,3AM TO 6AM,134.Virginia Beach,871,Intersection,Thursday,Not DEER,1,121185033,"0.Two-way, non-divided",1. On Roadway,I.Urban Collector,Not GUARDRAIL,Not HIT_RUN,1,1. Not at Intersection,121185033,0,0,Not LRTRUCK,1. Dawn,MAINLINE,MAIN,Not MOTORCYCLE,541105.  US00060       US00060      13408719,PRI_URBAN,4,Not PED,4,5,NOT-RD,8. Non-Intersection,303.25,1. Straight - Level,"1. Two-Way, Not Divided",1. Dry,R-VA   US00060EB,3. No,SENIOR,Not SPEED,3AM TO 6AM,1,6. Traffic Lanes Marked,5.Hampton Roads,1. No Adverse Condition (Clear/Cloudy),2. No,Not YOUNG
ALCOHOL,Not UNBELTED,BIKE,4. Sideswipe - Same Direction,1/18/2014,1/18/2014,28. Ran Off Road,1530,B.Visiible Injury,Virginia Beach,Urban,28. Ran Off Road,3PM TO 6PM,134.Virginia Beach,634,Intersection,Saturday,Not DEER,1,140535149,"0.Two-way, non-divided",1. On Roadway,E.Urban Other Principle Arterials; Connecting Links of Other Rural Principal Arterial,Not GUARDRAIL,HIT_RUN,1,1. Not at Intersection,140535149,0,0,Not LRTRUCK,2. Daylight,MAINLINE,MAIN,Not MOTORCYCLE,541117.  US00060       US00060      13408669,PRI_URBAN,2,Not PED,2,5,NOT-RD,8. Non-Intersection,298.75,1. Straight - Level,"1. Two-Way, Not Divided",1. Dry,R-VA   US00060WB,3. No,Not SENIOR,SPEED,3PM TO 6PM,1,5. Slow or Warning Sign,5.Hampton Roads,1. No Adverse Condition (Clear/Cloudy),2. No,YOUNG
ALCOHOL,Not UNBELTED,BIKE,2. Angle,1/18/2014,1/18/2014,20. Motor Vehicle In Transport,2035,A.Ambulatory Injury,Norfolk,Urban,20. Motor Vehicle In Transport,6PM TO 9PM,122.Norfolk,,Not Intersection,Saturday,Not DEER,1,141080258,,1. On Roadway,,Not GUARDRAIL,Not HIT_RUN,1,4. Four Approaches,,0,0,Not LRTRUCK,4. Darkness - Road Lighted,MAINLINE,,Not MOTORCYCLE,.,SEC_URBAN,1,Not PED,1,5,NOT-RD,10. Intersection Related - Within 150 Feet,,1. Straight - Level,"1. Two-Way, Not Divided",1. Dry,U-VA122SC99999UK,3. No,Not SENIOR,Not SPEED,6PM TO 9PM,1,3. Traffic Signal,5.Hampton Roads,1. No Adverse Condition (Clear/Cloudy),2. No,Not YOUNG
Not ALCIHOL,Not UNBELTED,BIKE,4. Sideswipe - Same Direction,4/14/2012,4/14/2012,22. Bicycle,1550,B.Visiible Injury,Chesapeake,Urban,22. Bicycle,3PM TO 6PM,131.Chesapeake,106,Intersection,Saturday,Not DEER,1,121230175,"1.Divided, no control of access",1. On Roadway,H.Urban Minor Arterial,Not GUARDRAIL,HIT_RUN,1,1. Not at Intersection,121230175,0,0,Not LRTRUCK,2. Daylight,MAINLINE,MAIN,Not MOTORCYCLE,483345.  SR00165       SR00165      13108799,PRI_URBAN,1,Not PED,1,5,NOT-RD,8. Non-Intersection,4.88,1. Straight - Level,"3. Two-Way, Divided, Positive Median Barrier",1. Dry,R-VA   SR00165NB,3. No,Not SENIOR,Not SPEED,3PM TO 6PM,1,6. Traffic Lanes Marked,5.Hampton Roads,1. No Adverse Condition (Clear/Cloudy),2. No,Not YOUNG
ALCOHOL,Not UNBELTED,BIKE,1. Rear End,4/14/2012,4/14/2012,22. Bicycle,1830,B.Visiible Injury,Hampton,Urban,22. Bicycle,6PM TO 9PM,114.Hampton,,Not Intersection,Saturday,Not DEER,1,121560202,,1. On Roadway,,Not GUARDRAIL,Not HIT_RUN,1,1. Not at Intersection,,0,0,Not LRTRUCK,2. Daylight,MAINLINE,,Not MOTORCYCLE,.,SEC_URBAN,1,Not PED,1,5,RD-UNKNOWN,8. Non-Intersection,,1. Straight - Level,"1. Two-Way, Not Divided",1. Dry,U-VA114SC99999UK,3. No,Not SENIOR,Not SPEED,6PM TO 9PM,1,1. No Traffic Control,5.Hampton Roads,1. No Adverse Condition (Clear/Cloudy),2. No,Not YOUNG
Not ALCIHOL,Not UNBELTED,BIKE,2. Angle,4/15/2012,4/15/2012,20. Motor Vehicle In Transport,1106,A.Ambulatory Injury,Norfolk,Urban,20. Motor Vehicle In Transport,9AM TO 12PM,122.Norfolk,32,Intersection,Sunday,Not DEER,1,121230252,"0.Two-way, non-divided",1. On Roadway,H.Urban Minor Arterial,Not GUARDRAIL,Not HIT_RUN,1,4. Four Approaches,121230252,0,0,Not LRTRUCK,2. Daylight,MAINLINE,MAIN,Not MOTORCYCLE,483499.  SR00194       SR00194      12208581,PRI_URBAN,1,Not PED,1,5,NOT-RD,9. Within Intersection,4.36,1. Straight - Level,"2. Two-Way, Divided, Unprotected Median",1. Dry,R-VA   SR00194SB,3. No,Not SENIOR,Not SPEED,9AM TO 12PM,1,3. Traffic Signal,5.Hampton Roads,1. No Adverse Condition (Clear/Cloudy),2. No,YOUNG
Not ALCIHOL,Not UNBELTED,BIKE,2. Angle,1/21/2014,1/21/2014,22. Bicycle,1714,B.Visiible Injury,Chesapeake,Urban,22. Bicycle,3PM TO 6PM,131.Chesapeake,"2,249",Intersection,Tuesday,Not DEER,1,140415151,"1.Divided, no control of access",1. On Roadway,H.Urban Minor Arterial,Not GUARDRAIL,Not HIT_RUN,1,2. Two Approaches,140415151,0,0,Not LRTRUCK,4. Darkness - Road Lighted,MAINLINE,MAIN,Not MOTORCYCLE,483826.  SR00407       SR00407      13108645      13108645,PRI_URBAN,1,Not PED,1,5,NOT-RD,10. Intersection Related - Within 150 Feet,1.70,1. Straight - Level,"3. Two-Way, Divided, Positive Median Barrier",3. Snowy,R-VA   SR00407EB,3. No,Not SENIOR,Not SPEED,3PM TO 6PM,1,1. No Traffic Control,5.Hampton Roads,6. Snow,2. No,Not YOUNG
ALCOHOL,Not UNBELTED,BIKE,13. Bicyclist,1/21/2014,1/21/2014,22. Bicycle,1320,C.Non-Visible Injury,Williamsburg,Urban,22. Bicycle,12PM TO 3PM,137.Williamsburg,512,Intersection,Tuesday,Not DEER,1,141140075,"0.Two-way, non-divided",1. On Roadway,H.Urban Minor Arterial,Not GUARDRAIL,Not HIT_RUN,1,3. Three Approaches,141140075,0,0,Not LRTRUCK,2. Daylight,MAINLINE,MAIN,Not MOTORCYCLE,398813. 13707075      13707075      13707077      13707083,SEC_URBAN,1,Not PED,1,5,NOT-RD,9. Within Intersection,0.27,1. Straight - Level,"1. Two-Way, Not Divided",1. Dry,R-VA137UR07075EB,3. No,SENIOR,Not SPEED,12PM TO 3PM,1,3. Traffic Signal,5.Hampton Roads,1. No Adverse Condition (Clear/Cloudy),2. No,Not YOUNG
Not ALCIHOL,Not UNBELTED,BIKE,2. Angle,9/30/2012,9/30/2012,22. Bicycle,1100,B.Visiible Injury,Chesapeake,Urban,22. Bicycle,9AM TO 12PM,131.Chesapeake,"4,208",Intersection,Sunday,Not DEER,1,122745088,"1.Divided, no control of access",1. On Roadway,H.Urban Minor Arterial,Not GUARDRAIL,Not HIT_RUN,1,3. Three Approaches,122745088,0,0,Not LRTRUCK,2. Daylight,MAINLINE,MAIN,Not MOTORCYCLE,483473.  SR00190       SR00190      13108665      13108665,SEC_URBAN,1,Not PED,1,5,NOT-RD,9. Within Intersection,3.49,1. Straight - Level,"3. Two-Way, Divided, Positive Median Barrier",1. Dry,R-VA131UR08665EB,3. No,Not SENIOR,Not SPEED,9AM TO 12PM,1,3. Traffic Signal,5.Hampton Roads,1. No Adverse Condition (Clear/Cloudy),2. No,Not YOUNG
Not ALCIHOL,Not UNBELTED,BIKE,4. Sideswipe - Same Direction,9/30/2012,9/30/2012,22. Bicycle,629,C.Non-Visible Injury,Hampton,Urban,22. Bicycle,6AM TO 9AM,114.Hampton,364,Intersection,Sunday,Not DEER,1,123310205,"2.Divided, partial control of access",2. Shoulder,B.Urban Freeways and Expressways; Connecting Links of Rural Principle Arterial,Not GUARDRAIL,HIT_RUN,1,1. Not at Intersection,123310205,0,0,Not LRTRUCK,1. Dawn,MAINLINE,MAIN,Not MOTORCYCLE,716613. 11407021      11407021      11407026      11407026,SEC_URBAN,1,Not PED,1,5,NOT-RD,8. Non-Intersection,1.20,1. Straight - Level,"2. Two-Way, Divided, Unprotected Median",1. Dry,R-VA114UR07026EB,3. No,Not SENIOR,Not SPEED,6AM TO 9AM,1,1. No Traffic Control,5.Hampton Roads,1. No Adverse Condition (Clear/Cloudy),2. No,Not YOUNG
Not ALCIHOL,Not UNBELTED,BIKE,2. Angle,4/16/2012,4/16/2012,22. Bicycle,1527,A.Ambulatory Injury,Norfolk,Urban,22. Bicycle,3PM TO 6PM,122.Norfolk,16,Intersection,Monday,Not DEER,1,121210012,"0.Two-way, non-divided",1. On Roadway,I.Urban Collector,Not GUARDRAIL,Not HIT_RUN,1,4. Four Approaches,121210012,0,0,Not LRTRUCK,2. Daylight,MAINLINE,MAIN,Not MOTORCYCLE,485728. 12208633      12208633      12208768,SEC_URBAN,1,Not PED,1,5,NOT-RD,9. Within Intersection,1.49,1. Straight - Level,"1. Two-Way, Not Divided",1. Dry,R-VA122UR08768EB,3. No,Not SENIOR,Not SPEED,3PM TO 6PM,1,4. Stop Sign,5.Hampton Roads,1. No Adverse Condition (Clear/Cloudy),2. No,Not YOUNG
Not ALCIHOL,Not UNBELTED,BIKE,3. Head On,4/18/2012,4/18/2012,20. Motor Vehicle In Transport,852,A.Ambulatory Injury,Chesapeake,Urban,20. Motor Vehicle In Transport,6AM TO 9AM,131.Chesapeake,"2,260",Intersection,Wednesday,Not DEER,1,121300190,"1.Divided, no control of access",1. On Roadway,E.Urban Other Principle Arterials; Connecting Links of Other Rural Principal Arterial,Not GUARDRAIL,Not HIT_RUN,1,1. Not at Intersection,121300190,0,0,Not LRTRUCK,2. Daylight,MAINLINE,MAIN,Not MOTORCYCLE,483040.  SR00196       US00013       US00013      13108605,PRI_URBAN,1,Not PED,1,5,RD-UNKNOWN,8. Non-Intersection,38.58,1. Straight - Level,"2. Two-Way, Divided, Unprotected Median",1. Dry,R-VA   US00013SB,3. No,Not SENIOR,Not SPEED,6AM TO 9AM,1,6. Traffic Lanes Marked,5.Hampton Roads,11. Severe Crosswinds,2. No,Not YOUNG
Not ALCIHOL,Not UNBELTED,BIKE,2. Angle,10/2/2012,10/2/2012,22. Bicycle,1600,A.Ambulatory Injury,Hampton,Urban,22. Bicycle,3PM TO 6PM,114.Hampton,0,Intersection,Tuesday,Not DEER,1,123310226,,1. On Roadway,,Not GUARDRAIL,Not HIT_RUN,1,3. Three Approaches,123310226,0,0,Not LRTRUCK,2. Daylight,MAINLINE,,Not MOTORCYCLE,253058.  SR00152       SR00152      11407017,SEC_URBAN,1,Not PED,1,5,NOT-RD,8. Non-Intersection,1.47,1. Straight - Level,"1. Two-Way, Not Divided",1. Dry,R-VA114UR07017NB,3. No,SENIOR,Not SPEED,3PM TO 6PM,1,3. Traffic Signal,5.Hampton Roads,1. No Adverse Condition (Clear/Cloudy),2. No,Not YOUNG
ALCOHOL,Not UNBELTED,BIKE,2. Angle,5/23/2015,5/23/2015,22. Bicycle,1200,B.Visiible Injury,Virginia Beach,Urban,22. Bicycle,9AM TO 12PM,134.Virginia Beach,,Not Intersection,Saturday,Not DEER,1,151445045,,1. On Roadway,,Not GUARDRAIL,Not HIT_RUN,1,1. Not at Intersection,,0,0,Not LRTRUCK,2. Daylight,MAINLINE,,Not MOTORCYCLE,.,SEC_URBAN,1,Not PED,1,5,NOT-RD,1. Main-Line Roadway,,1. Straight - Level,"1. Two-Way, Not Divided",1. Dry,U-VA134SC99999UK,3. No,Not SENIOR,Not SPEED,9AM TO 12PM,1,4. Stop Sign,5.Hampton Roads,1. No Adverse Condition (Clear/Cloudy),2. No,Not YOUNG
Not ALCIHOL,Not UNBELTED,BIKE,2. Angle,5/25/2015,5/25/2015,22. Bicycle,1225,B.Visiible Injury,Suffolk,Urban,22. Bicycle,12PM TO 3PM,133.Suffolk,,Not Intersection,Monday,Not DEER,1,151475395,,1. On Roadway,,Not GUARDRAIL,Not HIT_RUN,1,1. Not at Intersection,,0,0,Not LRTRUCK,2. Daylight,MAINLINE,,Not MOTORCYCLE,.,SEC_URBAN,1,Not PED,1,5,NOT-RD,1. Main-Line Roadway,,1. Straight - Level,"1. Two-Way, Not Divided","11. Sand, Dirt, Gravel",U-VA133SC99999UK,3. No,Not SENIOR,Not SPEED,12PM TO 3PM,1,1. No Traffic Control,5.Hampton Roads,1. No Adverse Condition (Clear/Cloudy),2. No,Not YOUNG
Not ALCIHOL,Not UNBELTED,BIKE,3. Head On,5/25/2015,5/25/2015,22. Bicycle,1602,B.Visiible Injury,Virginia Beach,Urban,22. Bicycle,3PM TO 6PM,134.Virginia Beach,,Not Intersection,Monday,Not DEER,1,151475489,,1. On Roadway,,Not GUARDRAIL,Not HIT_RUN,1,2. Two Approaches,,0,0,Not LRTRUCK,2. Daylight,MAINLINE,,Not MOTORCYCLE,.,SEC_URBAN,1,Not PED,1,5,NOT-RD,9. Within Intersection,,1. Straight - Level,"1. Two-Way, Not Divided",1. Dry,U-VA134SC99999UK,3. No,Not SENIOR,Not SPEED,3PM TO 6PM,1,1. No Traffic Control,5.Hampton Roads,1. No Adverse Condition (Clear/Cloudy),2. No,Not YOUNG
Not ALCIHOL,Not UNBELTED,BIKE,16. Other,5/26/2015,5/26/2015,22. Bicycle,715,C.Non-Visible Injury,Hampton,Urban,22. Bicycle,6AM TO 9AM,114.Hampton,21,Intersection,Tuesday,Not DEER,1,151565153,"0.Two-way, non-divided",1. On Roadway,I.Urban Collector,Not GUARDRAIL,Not HIT_RUN,1,4. Four Approaches,151565153,0,0,Not LRTRUCK,2. Daylight,MAINLINE,MAIN,Not MOTORCYCLE,253155.  US00258       US00258      11407051,SEC_URBAN,1,Not PED,1,5,NOT-RD,9. Within Intersection,0.00,1. Straight - Level,"2. Two-Way, Divided, Unprotected Median",1. Dry,R-VA114UR07051SB,3. No,Not SENIOR,Not SPEED,6AM TO 9AM,1,3. Traffic Signal,5.Hampton Roads,1. No Adverse Condition (Clear/Cloudy),2. No,Not YOUNG
Not ALCIHOL,Not UNBELTED,BIKE,3. Head On,5/27/2015,5/27/2015,22. Bicycle,1440,C.Non-Visible Injury,Norfolk,Urban,22. Bicycle,12PM TO 3PM,122.Norfolk,53,Intersection,Wednesday,Not DEER,1,152310010,"0.Two-way, non-divided",1. On Roadway,I.Urban Collector,Not GUARDRAIL,HIT_RUN,1,3. Three Approaches,152310010,0,0,Not LRTRUCK,2. Daylight,MAINLINE,MAIN,Not MOTORCYCLE,483460.  SR00170       SR00170      12208629,SEC_URBAN,1,Not PED,1,5,NOT-RD,9. Within Intersection,0.01,1. Straight - Level,"2. Two-Way, Divided, Unprotected Median",1. Dry,R-VA122UR08629SB,3. No,Not SENIOR,Not SPEED,12PM TO 3PM,1,3. Traffic Signal,5.Hampton Roads,5. Rain,2. No,Not YOUNG
Not ALCIHOL,Not UNBELTED,BIKE,2. Angle,10/6/2012,10/6/2012,22. Bicycle,1438,B.Visiible Injury,Newport News,Urban,22. Bicycle,12PM TO 3PM,121.Newport News,201,Intersection,Saturday,Not DEER,1,130020255,"0.Two-way, non-divided",1. On Roadway,H.Urban Minor Arterial,Not GUARDRAIL,Not HIT_RUN,1,4. Four Approaches,130020255,0,0,Not LRTRUCK,2. Daylight,MAINLINE,MAIN,Not MOTORCYCLE,646008.  SR00152       SR00152       US00017       US00017,PRI_URBAN,1,Not PED,1,5,NOT-RD,1. Main-Line Roadway,0.37,1. Straight - Level,"2. Two-Way, Divided, Unprotected Median",1. Dry,R-VA   SR00152EB,3. No,Not SENIOR,Not SPEED,12PM TO 3PM,1,1. No Traffic Control,5.Hampton Roads,1. No Adverse Condition (Clear/Cloudy),2. No,Not YOUNG
Not ALCIHOL,Not UNBELTED,BIKE,13. Bicyclist,1/25/2014,1/25/2014,20. Motor Vehicle In Transport,1855,C.Non-Visible Injury,Norfolk,Urban,20. Motor Vehicle In Transport,6PM TO 9PM,122.Norfolk,"1,056",Intersection,Saturday,Not DEER,1,141190244,"1.Divided, no control of access",2. Shoulder,E.Urban Other Principle Arterials; Connecting Links of Other Rural Principal Arterial,Not GUARDRAIL,Not HIT_RUN,1,1. Not at Intersection,141190244,0,0,Not LRTRUCK,4. Darkness - Road Lighted,MAINLINE,MAIN,Not MOTORCYCLE,483459.  SR00170       SR00170      12208631      12208631,PRI_URBAN,1,Not PED,1,5,NOT-RD,8. Non-Intersection,0.88,1. Straight - Level,"2. Two-Way, Divided, Unprotected Median",1. Dry,R-VA   SR00170EB,3. No,Not SENIOR,Not SPEED,6PM TO 9PM,1,3. Traffic Signal,5.Hampton Roads,1. No Adverse Condition (Clear/Cloudy),2. No,Not YOUNG
Not ALCIHOL,Not UNBELTED,BIKE,2. Angle,5/29/2015,5/29/2015,20. Motor Vehicle In Transport,2316,B.Visiible Injury,Virginia Beach,Urban,20. Motor Vehicle In Transport,9PM TO 12AM,134.Virginia Beach,0,Intersection,Friday,Not DEER,1,151525405,"0.Two-way, non-divided",1. On Roadway,I.Urban Collector,Not GUARDRAIL,Not HIT_RUN,1,2. Two Approaches,151525405,0,0,Not LRTRUCK,4. Darkness - Road Lighted,MAINLINE,MAIN,Not MOTORCYCLE,541963. 13408719      13408719      13408722,SEC_URBAN,1,Not PED,1,5,NOT-RD,9. Within Intersection,0.34,1. Straight - Level,"1. Two-Way, Not Divided",1. Dry,R-VA134UR08719SB,3. No,Not SENIOR,Not SPEED,9PM TO 12AM,1,3. Traffic Signal,5.Hampton Roads,1. No Adverse Condition (Clear/Cloudy),2. No,YOUNG
Not ALCIHOL,Not UNBELTED,BIKE,16. Other,5/30/2015,5/30/2015,20. Motor Vehicle In Transport,1133,C.Non-Visible Injury,Chesapeake,Urban,20. Motor Vehicle In Transport,9AM TO 12PM,131.Chesapeake,"3,696",Intersection,Saturday,Not DEER,1,151505220,"1.Divided, no control of access",1. On Roadway,E.Urban Other Principle Arterials; Connecting Links of Other Rural Principal Arterial,Not GUARDRAIL,Not HIT_RUN,1,4. Four Approaches,151505220,0,0,LRTRUCK,2. Daylight,MAINLINE,MAIN,Not MOTORCYCLE,484804.  SR00168       SR00168      13108657,PRI_URBAN,1,Not PED,1,5,NOT-RD,9. Within Intersection,19.74,1. Straight - Level,"3. Two-Way, Divided, Positive Median Barrier",1. Dry,R-VA   SR00168SB,3. No,SENIOR,Not SPEED,9AM TO 12PM,1,4. Stop Sign,5.Hampton Roads,1. No Adverse Condition (Clear/Cloudy),2. No,Not YOUNG
ALCOHOL,Not UNBELTED,BIKE,2. Angle,5/30/2015,5/30/2015,20. Motor Vehicle In Transport,2300,B.Visiible Injury,Virginia Beach,Urban,20. Motor Vehicle In Transport,9PM TO 12AM,134.Virginia Beach,370,Intersection,Saturday,Not DEER,1,151525408,"0.Two-way, non-divided",1. On Roadway,I.Urban Collector,Not GUARDRAIL,Not HIT_RUN,1,1. Not at Intersection,151525408,0,0,Not LRTRUCK,2. Daylight,MAINLINE,MAIN,Not MOTORCYCLE,541963. 13408719      13408719      13408722,SEC_URBAN,1,Not PED,1,5,NOT-RD,"13. Driveway, Alley-Access - Related",0.42,1. Straight - Level,"1. Two-Way, Not Divided",1. Dry,R-VA134UR08719NB,3. No,SENIOR,Not SPEED,9PM TO 12AM,1,6. Traffic Lanes Marked,5.Hampton Roads,1. No Adverse Condition (Clear/Cloudy),2. No,Not YOUNG
Not ALCIHOL,UNBELTED,BIKE,2. Angle,5/31/2015,5/31/2015,22. Bicycle,1534,B.Visiible Injury,Virginia Beach,Urban,22. Bicycle,3PM TO 6PM,134.Virginia Beach,417,Intersection,Sunday,Not DEER,1,151525311,"0.Two-way, non-divided",1. On Roadway,I.Urban Collector,Not GUARDRAIL,Not HIT_RUN,1,4. Four Approaches,151525311,0,0,Not LRTRUCK,2. Daylight,MAINLINE,MAIN,Not MOTORCYCLE,541058.  US00058       US00058      13408721      13408721,SEC_URBAN,1,Not PED,1,5,NOT-RD,9. Within Intersection,1.08,1. Straight - Level,"1. Two-Way, Not Divided",1. Dry,R-VA134UR08721SB,3. No,Not SENIOR,Not SPEED,3PM TO 6PM,1,3. Traffic Signal,5.Hampton Roads,1. No Adverse Condition (Clear/Cloudy),2. No,Not YOUNG
Not ALCIHOL,Not UNBELTED,BIKE,2. Angle,10/8/2012,10/8/2012,22. Bicycle,1741,B.Visiible Injury,Newport News,Urban,22. Bicycle,3PM TO 6PM,121.Newport News,950,Intersection,Monday,Not DEER,1,130375187,"1.Divided, no control of access",1. On Roadway,H.Urban Minor Arterial,Not GUARDRAIL,Not HIT_RUN,1,4. Four Approaches,130375187,0,0,Not LRTRUCK,3. Dusk,MAINLINE,MAIN,Not MOTORCYCLE,646044.  US00060       US00060      12107036,PRI_URBAN,1,Not PED,1,5,NOT-RD,10. Intersection Related - Within 150 Feet,260.08,2. Curve - Level,"1. Two-Way, Not Divided",2. Wet,R-VA   US00060WB,3. No,Not SENIOR,Not SPEED,3PM TO 6PM,1,4. Stop Sign,5.Hampton Roads,5. Rain,2. No,Not YOUNG
Not ALCIHOL,Not UNBELTED,BIKE,2. Angle,6/2/2015,6/2/2015,22. Bicycle,1057,A.Ambulatory Injury,Virginia Beach,Urban,22. Bicycle,9AM TO 12PM,134.Virginia Beach,,Not Intersection,Tuesday,Not DEER,1,151735212,,1. On Roadway,,Not GUARDRAIL,Not HIT_RUN,1,3. Three Approaches,,0,0,Not LRTRUCK,2. Daylight,MAINLINE,,Not MOTORCYCLE,.,SEC_URBAN,1,Not PED,1,5,NOT-RD,9. Within Intersection,,1. Straight - Level,"1. Two-Way, Not Divided",1. Dry,U-VA134SC99999UK,3. No,Not SENIOR,Not SPEED,9AM TO 12PM,1,6. Traffic Lanes Marked,5.Hampton Roads,1. No Adverse Condition (Clear/Cloudy),2. No,Not YOUNG
Not ALCIHOL,Not UNBELTED,BIKE,2. Angle,1/27/2014,1/27/2014,20. Motor Vehicle In Transport,1140,C.Non-Visible Injury,Virginia Beach,Urban,20. Motor Vehicle In Transport,9AM TO 12PM,134.Virginia Beach,,Not Intersection,Monday,Not DEER,1,140285046,,1. On Roadway,,Not GUARDRAIL,Not HIT_RUN,1,4. Four Approaches,,0,0,Not LRTRUCK,2. Daylight,MAINLINE,,Not MOTORCYCLE,.,SEC_URBAN,1,Not PED,1,5,NOT-RD,1. Main-Line Roadway,,1. Straight - Level,"1. Two-Way, Not Divided",1. Dry,U-VA134SC99999UK,3. No,Not SENIOR,Not SPEED,9AM TO 12PM,1,1. No Traffic Control,5.Hampton Roads,1. No Adverse Condition (Clear/Cloudy),2. No,Not YOUNG