Alcohol Notalcohol,Belted Unbelted,Bike Nonbike,Collision Type,CRASH_DT (copy),Crash Dt,Crash Event Type Dsc,Crash Military Tm,Crash Severity,Juris Name Used,Area Type Used,First Harmful Event of Entire Crash,Time Slicing Used,Phy_Juris_Nm,Offset-Ft,Intersection Analysis,Day Of Week,Deer Nodeer,TOTAL CRASH,Document Nbr,FAC,First Harmful Event,FUN,Gr Nogr,Hitrun Not Hitrun,Injury Crashes,Intersection Type,Int Doc,K_CRASH,K People,Lgtruck Nonlgtruck,Light Condition,MAINLINE (group),Mainline Yn,Motor Nonmotor,Node Info,Ownership,Total People Killed & Injured,Ped Nonped,Persons Injured,VSP_Used,Rd Type,Relation To Roadway,Rns Mp,Roadway Alignment,Roadway Description,Roadway Surface Cond,Rte Nm,School Zone,Senior Notsenior,Speed Notspeed,Time Slicing,Total Crashes including Property Damage Only,Traffic Control Type,District_Used ,Weather Condition,Work Zone Related,Young Notyoung
Not ALCIHOL,Not UNBELTED,BIKE,2. Angle,1/27/2014,1/27/2014,20. Motor Vehicle In Transport,915,B.Visiible Injury,Virginia Beach,Urban,20. Motor Vehicle In Transport,9AM TO 12PM,134.Virginia Beach,,Not Intersection,Monday,Not DEER,1,140365047,,1. On Roadway,,Not GUARDRAIL,Not HIT_RUN,1,2. Two Approaches,,0,0,Not LRTRUCK,1. Dawn,MAINLINE,,Not MOTORCYCLE,.,SEC_URBAN,1,Not PED,1,5,NOT-RD,1. Main-Line Roadway,,1. Straight - Level,"1. Two-Way, Not Divided",2. Wet,U-VA134SC99999UK,3. No,Not SENIOR,Not SPEED,9AM TO 12PM,1,4. Stop Sign,5.Hampton Roads,1. No Adverse Condition (Clear/Cloudy),2. No,Not YOUNG
ALCOHOL,Not UNBELTED,BIKE,2. Angle,1/31/2014,1/31/2014,22. Bicycle,1816,B.Visiible Injury,Chesapeake,Urban,22. Bicycle,6PM TO 9PM,131.Chesapeake,961,Intersection,Friday,Not DEER,1,140375093,"1.Divided, no control of access",1. On Roadway,E.Urban Other Principle Arterials; Connecting Links of Other Rural Principal Arterial,Not GUARDRAIL,Not HIT_RUN,1,1. Not at Intersection,140375093,0,0,Not LRTRUCK,5. Darkness - Road Not Lighted,MAINLINE,MAIN,Not MOTORCYCLE,483039.  US00013       US00013      13108604,PRI_URBAN,2,Not PED,2,5,NOT-RD,8. Non-Intersection,38.87,1. Straight - Level,"2. Two-Way, Divided, Unprotected Median",2. Wet,R-VA   US00013NB,3. No,Not SENIOR,Not SPEED,6PM TO 9PM,1,6. Traffic Lanes Marked,5.Hampton Roads,5. Rain,2. No,Not YOUNG
Not ALCIHOL,Not UNBELTED,BIKE,4. Sideswipe - Same Direction,4/19/2012,4/19/2012,22. Bicycle,1356,B.Visiible Injury,Virginia Beach,Urban,22. Bicycle,12PM TO 3PM,134.Virginia Beach,238,Intersection,Thursday,Not DEER,1,121125181,"0.Two-way, non-divided",1. On Roadway,I.Urban Collector,Not GUARDRAIL,Not HIT_RUN,1,1. Not at Intersection,121125181,0,0,Not LRTRUCK,2. Daylight,MAINLINE,MAIN,Not MOTORCYCLE,541659. 13408684      13408719      13408719,SEC_URBAN,1,Not PED,1,5,NOT-RD,1. Main-Line Roadway,0.25,1. Straight - Level,"1. Two-Way, Not Divided",1. Dry,R-VA134UR08719SB,3. No,Not SENIOR,Not SPEED,12PM TO 3PM,1,6. Traffic Lanes Marked,5.Hampton Roads,1. No Adverse Condition (Clear/Cloudy),2. No,Not YOUNG
Not ALCIHOL,Not UNBELTED,BIKE,2. Angle,4/19/2012,4/19/2012,22. Bicycle,1722,C.Non-Visible Injury,Newport News,Urban,22. Bicycle,3PM TO 6PM,121.Newport News,"2,592",Intersection,Thursday,Not DEER,1,121370060,"1.Divided, no control of access",4. Roadside,E.Urban Other Principle Arterials; Connecting Links of Other Rural Principal Arterial,Not GUARDRAIL,Not HIT_RUN,1,1. Not at Intersection,121370060,0,0,Not LRTRUCK,2. Daylight,MAINLINE,MAIN,Not MOTORCYCLE,646006.  SR00306       US00017       US00017      12107027,PRI_URBAN,2,Not PED,2,5,NOT-RD,"13. Driveway, Alley-Access - Related",53.64,1. Straight - Level,"2. Two-Way, Divided, Unprotected Median",1. Dry,R-VA   US00017NB,3. No,Not SENIOR,Not SPEED,3PM TO 6PM,1,1. No Traffic Control,5.Hampton Roads,1. No Adverse Condition (Clear/Cloudy),2. No,YOUNG
Not ALCIHOL,Not UNBELTED,BIKE,2. Angle,4/19/2012,4/19/2012,20. Motor Vehicle In Transport,1530,B.Visiible Injury,Newport News,Urban,20. Motor Vehicle In Transport,3PM TO 6PM,121.Newport News,,Not Intersection,Thursday,Not DEER,1,122890083,,1. On Roadway,,Not GUARDRAIL,Not HIT_RUN,1,2. Two Approaches,,0,0,Not LRTRUCK,2. Daylight,MAINLINE,,Not MOTORCYCLE,.,SEC_URBAN,1,Not PED,1,5,NOT-RD,9. Within Intersection,,1. Straight - Level,"3. Two-Way, Divided, Positive Median Barrier",1. Dry,U-VA121SC99999UK,3. No,Not SENIOR,SPEED,3PM TO 6PM,1,4. Stop Sign,5.Hampton Roads,1. No Adverse Condition (Clear/Cloudy),2. No,Not YOUNG
Not ALCIHOL,Not UNBELTED,BIKE,2. Angle,4/20/2012,4/20/2012,22. Bicycle,2030,B.Visiible Injury,Newport News,Urban,22. Bicycle,6PM TO 9PM,121.Newport News,243,Intersection,Friday,Not DEER,1,122510019,"1.Divided, no control of access","8. Off Roadway, Location Unknown",H.Urban Minor Arterial,Not GUARDRAIL,Not HIT_RUN,1,1. Not at Intersection,122510019,0,0,Not LRTRUCK,4. Darkness - Road Lighted,MAINLINE,MAIN,Not MOTORCYCLE,646054.  US00060       US00060      12107040,PRI_URBAN,1,Not PED,1,5,NOT-RD,8. Non-Intersection,256.35,1. Straight - Level,5. Unknown,1. Dry,R-VA   US00060WB,3. No,Not SENIOR,Not SPEED,6PM TO 9PM,1,1. No Traffic Control,5.Hampton Roads,1. No Adverse Condition (Clear/Cloudy),2. No,Not YOUNG
Not ALCIHOL,Not UNBELTED,BIKE,2. Angle,4/20/2012,4/20/2012,20. Motor Vehicle In Transport,1544,B.Visiible Injury,Norfolk,Urban,20. Motor Vehicle In Transport,3PM TO 6PM,122.Norfolk,0,Intersection,Friday,Not DEER,1,121300211,"1.Divided, no control of access",1. On Roadway,E.Urban Other Principle Arterials; Connecting Links of Other Rural Principal Arterial,Not GUARDRAIL,Not HIT_RUN,1,3. Three Approaches,121300211,0,0,Not LRTRUCK,2. Daylight,MAINLINE,MAIN,Not MOTORCYCLE,483666.  SR00337       SR00337      12208580      1SR00337P,PRI_URBAN,1,Not PED,1,5,NOT-RD,10. Intersection Related - Within 150 Feet,26.68,1. Straight - Level,"2. Two-Way, Divided, Unprotected Median",1. Dry,R-VA   SR00337WB,3. No,Not SENIOR,Not SPEED,3PM TO 6PM,1,4. Stop Sign,5.Hampton Roads,1. No Adverse Condition (Clear/Cloudy),2. No,Not YOUNG
Not ALCIHOL,Not UNBELTED,BIKE,2. Angle,4/21/2012,4/21/2012,20. Motor Vehicle In Transport,1209,B.Visiible Injury,Virginia Beach,Urban,20. Motor Vehicle In Transport,12PM TO 3PM,134.Virginia Beach,58,Intersection,Saturday,Not DEER,1,121125169,"0.Two-way, non-divided",1. On Roadway,E.Urban Other Principle Arterials; Connecting Links of Other Rural Principal Arterial,Not GUARDRAIL,Not HIT_RUN,1,4. Four Approaches,121125169,0,0,Not LRTRUCK,2. Daylight,MAINLINE,MAIN,Not MOTORCYCLE,541057.  US00058       US00060       US00060      13408578,PRI_URBAN,1,Not PED,1,5,NOT-RD,9. Within Intersection,302.04,1. Straight - Level,"2. Two-Way, Divided, Unprotected Median",1. Dry,R-VA   US00060EB,3. No,Not SENIOR,Not SPEED,12PM TO 3PM,1,3. Traffic Signal,5.Hampton Roads,1. No Adverse Condition (Clear/Cloudy),2. No,Not YOUNG
Not ALCIHOL,Not UNBELTED,BIKE,2. Angle,4/21/2012,4/21/2012,22. Bicycle,1745,A.Ambulatory Injury,Norfolk,Urban,22. Bicycle,3PM TO 6PM,122.Norfolk,,Not Intersection,Saturday,Not DEER,1,121930053,,1. On Roadway,,Not GUARDRAIL,Not HIT_RUN,1,1. Not at Intersection,,0,0,Not LRTRUCK,2. Daylight,MAINLINE,,Not MOTORCYCLE,.,SEC_URBAN,1,Not PED,1,5,NOT-RD,8. Non-Intersection,,1. Straight - Level,"1. Two-Way, Not Divided",1. Dry,U-VA122SC99999UK,3. No,Not SENIOR,Not SPEED,3PM TO 6PM,1,1. No Traffic Control,5.Hampton Roads,1. No Adverse Condition (Clear/Cloudy),2. No,Not YOUNG
Not ALCIHOL,Not UNBELTED,BIKE,4. Sideswipe - Same Direction,2/4/2014,2/4/2014,22. Bicycle,755,B.Visiible Injury,Virginia Beach,Urban,22. Bicycle,6AM TO 9AM,134.Virginia Beach,"3,062",Intersection,Tuesday,Not DEER,1,140385052,"1.Divided, no control of access",1. On Roadway,H.Urban Minor Arterial,Not GUARDRAIL,Not HIT_RUN,1,1. Not at Intersection,140385052,0,0,Not LRTRUCK,2. Daylight,MAINLINE,MAIN,Not MOTORCYCLE,541365. 13400008      13400008      13408638      13408638,SEC_URBAN,1,Not PED,1,5,NOT-RD,8. Non-Intersection,1.03,1. Straight - Level,"2. Two-Way, Divided, Unprotected Median",1. Dry,R-VA134UR00008SB,3. No,Not SENIOR,Not SPEED,6AM TO 9AM,1,6. Traffic Lanes Marked,5.Hampton Roads,1. No Adverse Condition (Clear/Cloudy),2. No,Not YOUNG
Not ALCIHOL,Not UNBELTED,BIKE,2. Angle,6/6/2015,6/6/2015,22. Bicycle,719,B.Visiible Injury,Virginia Beach,Urban,22. Bicycle,6AM TO 9AM,134.Virginia Beach,0,Intersection,Saturday,Not DEER,1,151755195,"1.Divided, no control of access",1. On Roadway,H.Urban Minor Arterial,Not GUARDRAIL,Not HIT_RUN,1,4. Four Approaches,151755195,0,0,Not LRTRUCK,2. Daylight,MAINLINE,MAIN,Not MOTORCYCLE,541093. 13408723      13408723     C7US00058     C7US00058,SEC_URBAN,2,Not PED,2,5,NOT-RD,9. Within Intersection,2.85,1. Straight - Level,"3. Two-Way, Divided, Positive Median Barrier",1. Dry,R-VA134UR08723NB,3. No,Not SENIOR,Not SPEED,6AM TO 9AM,1,14. Ped Crosswalk,5.Hampton Roads,1. No Adverse Condition (Clear/Cloudy),2. No,Not YOUNG
Not ALCIHOL,Not UNBELTED,BIKE,2. Angle,6/8/2015,6/8/2015,20. Motor Vehicle In Transport,1142,B.Visiible Injury,James City,Urban,20. Motor Vehicle In Transport,9AM TO 12PM,47.James City,16,Intersection,Monday,Not DEER,1,151605079,"0.Two-way, non-divided",1. On Roadway,H.Urban Minor Arterial,Not GUARDRAIL,HIT_RUN,1,4. Four Approaches,151605079,0,0,Not LRTRUCK,2. Daylight,MAINLINE,MAIN,Not MOTORCYCLE,398714.  FR00665       SR00031       SR00031       SR00359,VDOT_PRI,1,Not PED,1,5,NOT-RD,10. Intersection Related - Within 150 Feet,20.74,1. Straight - Level,"1. Two-Way, Not Divided",1. Dry,R-VA   SR00031NB,3. No,SENIOR,Not SPEED,9AM TO 12PM,1,4. Stop Sign,5.Hampton Roads,1. No Adverse Condition (Clear/Cloudy),2. No,Not YOUNG
Not ALCIHOL,Not UNBELTED,BIKE,3. Head On,4/24/2012,4/24/2012,22. Bicycle,1916,B.Visiible Injury,Norfolk,Urban,22. Bicycle,6PM TO 9PM,122.Norfolk,554,Intersection,Tuesday,Not DEER,1,121245068,"1.Divided, no control of access",1. On Roadway,E.Urban Other Principle Arterials; Connecting Links of Other Rural Principal Arterial,Not GUARDRAIL,Not HIT_RUN,1,1. Not at Intersection,121245068,0,0,Not LRTRUCK,3. Dusk,MAINLINE,MAIN,Not MOTORCYCLE,483655.  SR00337       SR00337      12208564      12208564,PRI_URBAN,1,Not PED,1,5,NOT-RD,1. Main-Line Roadway,30.69,1. Straight - Level,"3. Two-Way, Divided, Positive Median Barrier",1. Dry,R-VA   SR00337EB,1. Yes,Not SENIOR,Not SPEED,6PM TO 9PM,1,3. Traffic Signal,5.Hampton Roads,1. No Adverse Condition (Clear/Cloudy),2. No,Not YOUNG
Not ALCIHOL,Not UNBELTED,BIKE,2. Angle,4/26/2012,4/26/2012,22. Bicycle,2249,B.Visiible Injury,Newport News,Urban,22. Bicycle,9PM TO 12AM,121.Newport News,"1,035",Intersection,Thursday,Not DEER,1,121770196,"1.Divided, no control of access",1. On Roadway,E.Urban Other Principle Arterials; Connecting Links of Other Rural Principal Arterial,Not GUARDRAIL,HIT_RUN,1,4. Four Approaches,121770196,0,0,Not LRTRUCK,4. Darkness - Road Lighted,MAINLINE,MAIN,Not MOTORCYCLE,672295.  IS00064W255B  SR00143       SR00143,PRI_URBAN,1,Not PED,1,5,NOT-RD,1. Main-Line Roadway,19.12,1. Straight - Level,"2. Two-Way, Divided, Unprotected Median",1. Dry,R-VA   SR00143NB,3. No,Not SENIOR,Not SPEED,9PM TO 12AM,1,6. Traffic Lanes Marked,5.Hampton Roads,1. No Adverse Condition (Clear/Cloudy),2. No,YOUNG
Not ALCIHOL,Not UNBELTED,BIKE,16. Other,6/10/2015,6/10/2015,19. Ped,1541,B.Visiible Injury,Hampton,Urban,19. Ped,3PM TO 6PM,114.Hampton,"1,204",Intersection,Wednesday,Not DEER,1,152165201,"1.Divided, no control of access",1. On Roadway,I.Urban Collector,Not GUARDRAIL,Not HIT_RUN,1,1. Not at Intersection,152165201,0,0,Not LRTRUCK,2. Daylight,MAINLINE,MAIN,Not MOTORCYCLE,253252. 11407008      11407008      11407053      11407053,SEC_URBAN,1,Not PED,1,5,NOT-RD,1. Main-Line Roadway,0.43,1. Straight - Level,"3. Two-Way, Divided, Positive Median Barrier",1. Dry,R-VA114UR07008WB,3. No,Not SENIOR,Not SPEED,3PM TO 6PM,1,1. No Traffic Control,5.Hampton Roads,1. No Adverse Condition (Clear/Cloudy),2. No,Not YOUNG
Not ALCIHOL,Not UNBELTED,BIKE,2. Angle,6/10/2015,6/10/2015,22. Bicycle,1939,C.Non-Visible Injury,Norfolk,Urban,22. Bicycle,6PM TO 9PM,122.Norfolk,,Not Intersection,Wednesday,Not DEER,1,152310014,,1. On Roadway,,Not GUARDRAIL,Not HIT_RUN,1,3. Three Approaches,,0,0,Not LRTRUCK,2. Daylight,MAINLINE,,Not MOTORCYCLE,.,SEC_URBAN,1,Not PED,1,5,NOT-RD,9. Within Intersection,,1. Straight - Level,"1. Two-Way, Not Divided",1. Dry,U-VA122SC99999UK,3. No,Not SENIOR,Not SPEED,6PM TO 9PM,1,1. No Traffic Control,5.Hampton Roads,1. No Adverse Condition (Clear/Cloudy),2. No,Not YOUNG
Not ALCIHOL,Not UNBELTED,BIKE,12. Ped,6/11/2015,6/11/2015,22. Bicycle,1435,A.Ambulatory Injury,Hampton,Urban,22. Bicycle,12PM TO 3PM,114.Hampton,"4,541",Intersection,Thursday,Not DEER,1,152165209,"1.Divided, no control of access",1. On Roadway,B.Urban Freeways and Expressways; Connecting Links of Rural Principle Arterial,Not GUARDRAIL,Not HIT_RUN,1,3. Three Approaches,152165209,0,0,Not LRTRUCK,2. Daylight,MAINLINE,MAIN,Not MOTORCYCLE,716613. 11407021      11407021      11407026      11407026,SEC_URBAN,1,Not PED,1,5,NOT-RD,9. Within Intersection,0.34,1. Straight - Level,"3. Two-Way, Divided, Positive Median Barrier",1. Dry,R-VA114UR07026EB,3. No,Not SENIOR,Not SPEED,12PM TO 3PM,1,3. Traffic Signal,5.Hampton Roads,1. No Adverse Condition (Clear/Cloudy),2. No,YOUNG
Not ALCIHOL,Not UNBELTED,BIKE,2. Angle,4/28/2012,4/28/2012,22. Bicycle,935,C.Non-Visible Injury,Norfolk,Urban,22. Bicycle,9AM TO 12PM,122.Norfolk,649,Intersection,Saturday,Not DEER,1,121390094,"0.Two-way, non-divided",1. On Roadway,I.Urban Collector,Not GUARDRAIL,Not HIT_RUN,1,3. Three Approaches,121390094,0,0,Not LRTRUCK,2. Daylight,MAINLINE,MAIN,Not MOTORCYCLE,483756.  US00460       US00460      12208569,SEC_URBAN,1,Not PED,1,5,NOT-RD,9. Within Intersection,1.51,1. Straight - Level,"2. Two-Way, Divided, Unprotected Median",1. Dry,R-VA122UR08569SB,3. No,Not SENIOR,SPEED,9AM TO 12PM,1,3. Traffic Signal,5.Hampton Roads,1. No Adverse Condition (Clear/Cloudy),2. No,Not YOUNG
Not ALCIHOL,Not UNBELTED,BIKE,3. Head On,4/30/2012,4/30/2012,22. Bicycle,1404,B.Visiible Injury,Williamsburg,Urban,22. Bicycle,12PM TO 3PM,137.Williamsburg,"1,214",Intersection,Monday,Not DEER,1,121500123,"1.Divided, no control of access",1. On Roadway,E.Urban Other Principle Arterials; Connecting Links of Other Rural Principal Arterial,Not GUARDRAIL,Not HIT_RUN,1,2. Two Approaches,121500123,0,0,Not LRTRUCK,2. Daylight,MAINLINE,MAIN,Not MOTORCYCLE,398129.  4700645       US00060       US00060,PRI_URBAN,1,Not PED,1,5,NOT-RD,9. Within Intersection,236.76,1. Straight - Level,"3. Two-Way, Divided, Positive Median Barrier",1. Dry,R-VA   US00060EB,3. No,Not SENIOR,Not SPEED,12PM TO 3PM,1,4. Stop Sign,5.Hampton Roads,1. No Adverse Condition (Clear/Cloudy),2. No,YOUNG
Not ALCIHOL,Not UNBELTED,BIKE,2. Angle,4/30/2012,4/30/2012,22. Bicycle,1445,K.Fatal Injury,Chesapeake,Urban,22. Bicycle,12PM TO 3PM,131.Chesapeake,137,Intersection,Monday,Not DEER,1,121430283,"0.Two-way, non-divided",1. On Roadway,H.Urban Minor Arterial,Not GUARDRAIL,Not HIT_RUN,0,1. Not at Intersection,121430283,1,1,Not LRTRUCK,2. Daylight,MAINLINE,MAIN,Not MOTORCYCLE,483788.  SR00166       US00013       US00013       US00460,PRI_URBAN,1,Not PED,0,5,NOT-RD,5. On Entrance/Exit Ramp,393.18,2. Curve - Level,"2. Two-Way, Divided, Unprotected Median",1. Dry,R-VA   US00460WB,3. No,Not SENIOR,Not SPEED,12PM TO 3PM,1,1. No Traffic Control,5.Hampton Roads,1. No Adverse Condition (Clear/Cloudy),2. No,YOUNG
Not ALCIHOL,Not UNBELTED,BIKE,2. Angle,6/12/2015,6/12/2015,22. Bicycle,1515,A.Ambulatory Injury,Newport News,Urban,22. Bicycle,3PM TO 6PM,121.Newport News,"3,590",Intersection,Friday,Not DEER,1,153410015,"0.Two-way, non-divided",2. Shoulder,I.Urban Collector,Not GUARDRAIL,Not HIT_RUN,1,2. Two Approaches,153410015,0,0,Not LRTRUCK,2. Daylight,MAINLINE,MAIN,Not MOTORCYCLE,646001.  US00017       US00017      12107034      12107034,SEC_URBAN,1,Not PED,1,5,NOT-RD,9. Within Intersection,0.81,1. Straight - Level,"1. Two-Way, Not Divided",1. Dry,R-VA121UR07034WB,3. No,Not SENIOR,Not SPEED,3PM TO 6PM,1,1. No Traffic Control,5.Hampton Roads,1. No Adverse Condition (Clear/Cloudy),2. No,Not YOUNG
Not ALCIHOL,Not UNBELTED,BIKE,2. Angle,6/16/2015,6/16/2015,20. Motor Vehicle In Transport,812,B.Visiible Injury,Virginia Beach,Urban,20. Motor Vehicle In Transport,6AM TO 9AM,134.Virginia Beach,195,Intersection,Tuesday,Not DEER,1,151695056,"1.Divided, no control of access",1. On Roadway,H.Urban Minor Arterial,Not GUARDRAIL,Not HIT_RUN,1,1. Not at Intersection,151695056,0,0,Not LRTRUCK,2. Daylight,MAINLINE,MAIN,Not MOTORCYCLE,486033.  SR00166       SR00166       SR00332,PRI_URBAN,1,Not PED,1,5,NOT-RD,8. Non-Intersection,14.49,1. Straight - Level,"2. Two-Way, Divided, Unprotected Median",1. Dry,R-VA   SR00166WB,3. No,Not SENIOR,Not SPEED,6AM TO 9AM,1,6. Traffic Lanes Marked,5.Hampton Roads,1. No Adverse Condition (Clear/Cloudy),2. No,Not YOUNG
Not ALCIHOL,Not UNBELTED,BIKE,1. Rear End,6/16/2015,6/16/2015,22. Bicycle,615,A.Ambulatory Injury,Norfolk,Urban,22. Bicycle,6AM TO 9AM,122.Norfolk,502,Intersection,Tuesday,Not DEER,1,152310016,"0.Two-way, non-divided",1. On Roadway,E.Urban Other Principle Arterials; Connecting Links of Other Rural Principal Arterial,Not GUARDRAIL,Not HIT_RUN,1,1. Not at Intersection,152310016,0,0,Not LRTRUCK,2. Daylight,MAINLINE,MAIN,Not MOTORCYCLE,483355.  SR00166       SR00166      12208639      12208639,PRI_URBAN,1,Not PED,1,5,NOT-RD,8. Non-Intersection,9.97,1. Straight - Level,"1. Two-Way, Not Divided",1. Dry,R-VA   SR00166WB,3. No,Not SENIOR,Not SPEED,6AM TO 9AM,1,6. Traffic Lanes Marked,5.Hampton Roads,1. No Adverse Condition (Clear/Cloudy),2. No,Not YOUNG
Not ALCIHOL,Not UNBELTED,BIKE,3. Head On,10/9/2012,10/9/2012,22. Bicycle,1415,A.Ambulatory Injury,Norfolk,Urban,22. Bicycle,12PM TO 3PM,122.Norfolk,0,Intersection,Tuesday,Not DEER,1,123340140,"0.Two-way, non-divided",1. On Roadway,H.Urban Minor Arterial,Not GUARDRAIL,Not HIT_RUN,1,4. Four Approaches,123340140,0,0,Not LRTRUCK,2. Daylight,MAINLINE,MAIN,Not MOTORCYCLE,483513.  SR00194       SR00194      12208641      12208641,PRI_URBAN,1,Not PED,1,5,NOT-RD,9. Within Intersection,0.25,1. Straight - Level,"2. Two-Way, Divided, Unprotected Median",1. Dry,R-VA   SR00194SB,3. No,Not SENIOR,Not SPEED,12PM TO 3PM,1,3. Traffic Signal,5.Hampton Roads,1. No Adverse Condition (Clear/Cloudy),2. No,Not YOUNG
Not ALCIHOL,Not UNBELTED,BIKE,2. Angle,10/11/2012,10/11/2012,22. Bicycle,1753,B.Visiible Injury,Virginia Beach,Urban,22. Bicycle,3PM TO 6PM,134.Virginia Beach,628,Intersection,Thursday,Not DEER,1,122955245,"1.Divided, no control of access",1. On Roadway,H.Urban Minor Arterial,Not GUARDRAIL,Not HIT_RUN,1,1. Not at Intersection,122955245,0,0,Not LRTRUCK,2. Daylight,MAINLINE,MAIN,Not MOTORCYCLE,541066.  US00058       US00058      13400009      13400009,SEC_URBAN,1,Not PED,1,5,NOT-RD,1. Main-Line Roadway,0.71,1. Straight - Level,"1. Two-Way, Not Divided",1. Dry,R-VA134UR00009NB,3. No,Not SENIOR,Not SPEED,3PM TO 6PM,1,1. No Traffic Control,5.Hampton Roads,1. No Adverse Condition (Clear/Cloudy),2. No,YOUNG
Not ALCIHOL,Not UNBELTED,BIKE,2. Angle,2/13/2014,2/13/2014,22. Bicycle,1922,C.Non-Visible Injury,Norfolk,Urban,22. Bicycle,6PM TO 9PM,122.Norfolk,507,Intersection,Thursday,Not DEER,1,141250036,"0.Two-way, non-divided",1. On Roadway,E.Urban Other Principle Arterials; Connecting Links of Other Rural Principal Arterial,Not GUARDRAIL,Not HIT_RUN,1,1. Not at Intersection,141250036,0,0,Not LRTRUCK,5. Darkness - Road Not Lighted,MAINLINE,MAIN,Not MOTORCYCLE,483127.  US00058       US00058      12208637,PRI_URBAN,1,Not PED,1,5,NOT-RD,8. Non-Intersection,493.45,1. Straight - Level,"1. Two-Way, Not Divided",2. Wet,R-VA   US00058WB,3. No,Not SENIOR,Not SPEED,6PM TO 9PM,1,6. Traffic Lanes Marked,5.Hampton Roads,5. Rain,2. No,Not YOUNG
Not ALCIHOL,Not UNBELTED,BIKE,13. Bicyclist,2/13/2014,2/13/2014,22. Bicycle,1515,C.Non-Visible Injury,Norfolk,Urban,22. Bicycle,3PM TO 6PM,122.Norfolk,,Not Intersection,Thursday,Not DEER,1,141250042,,1. On Roadway,,Not GUARDRAIL,Not HIT_RUN,1,3. Three Approaches,,0,0,Not LRTRUCK,2. Daylight,MAINLINE,,Not MOTORCYCLE,.,SEC_URBAN,1,Not PED,1,5,NOT-RD,9. Within Intersection,,1. Straight - Level,"1. Two-Way, Not Divided",2. Wet,U-VA122SC99999UK,3. No,Not SENIOR,Not SPEED,3PM TO 6PM,1,4. Stop Sign,5.Hampton Roads,5. Rain,2. No,Not YOUNG
Not ALCIHOL,Not UNBELTED,BIKE,2. Angle,6/19/2015,6/19/2015,22. Bicycle,825,B.Visiible Injury,Virginia Beach,Urban,22. Bicycle,6AM TO 9AM,134.Virginia Beach,0,Intersection,Friday,Not DEER,1,151715033,"1.Divided, no control of access",1. On Roadway,H.Urban Minor Arterial,Not GUARDRAIL,Not HIT_RUN,1,4. Four Approaches,151715033,0,0,Not LRTRUCK,2. Daylight,MAINLINE,MAIN,Not MOTORCYCLE,541356. 13408627      13408627      13408832,SEC_URBAN,1,Not PED,1,5,NOT-RD,9. Within Intersection,5.10,1. Straight - Level,"1. Two-Way, Not Divided",1. Dry,R-VA134UR08627NB,3. No,Not SENIOR,Not SPEED,6AM TO 9AM,1,3. Traffic Signal,5.Hampton Roads,1. No Adverse Condition (Clear/Cloudy),2. No,Not YOUNG
Not ALCIHOL,Not UNBELTED,BIKE,12. Ped,6/20/2015,6/20/2015,22. Bicycle,1530,B.Visiible Injury,Franklin,Urban,22. Bicycle,3PM TO 6PM,145.Franklin,"2,360",Intersection,Saturday,Not DEER,1,151725217,"0.Two-way, non-divided",1. On Roadway,H.Urban Minor Arterial,Not GUARDRAIL,Not HIT_RUN,1,3. Three Approaches,151725217,0,0,Not LRTRUCK,2. Daylight,MAINLINE,MAIN,Not MOTORCYCLE,611853. 14503904      14503904      14503907      14503907,SEC_URBAN,1,Not PED,1,5,NOT-RD,9. Within Intersection,0.69,1. Straight - Level,"1. Two-Way, Not Divided",1. Dry,R-VA145UR03904WB,3. No,Not SENIOR,Not SPEED,3PM TO 6PM,1,3. Traffic Signal,5.Hampton Roads,1. No Adverse Condition (Clear/Cloudy),2. No,Not YOUNG
Not ALCIHOL,Not UNBELTED,BIKE,16. Other,6/21/2015,6/21/2015,20. Motor Vehicle In Transport,2146,B.Visiible Injury,Norfolk,Urban,20. Motor Vehicle In Transport,9PM TO 12AM,122.Norfolk,"1,399",Intersection,Sunday,Not DEER,1,152040075,"0.Two-way, non-divided",1. On Roadway,E.Urban Other Principle Arterials; Connecting Links of Other Rural Principal Arterial,Not GUARDRAIL,Not HIT_RUN,1,1. Not at Intersection,152040075,0,0,Not LRTRUCK,4. Darkness - Road Lighted,MAINLINE,MAIN,Not MOTORCYCLE,483171.  SR00194       US00060       US00060,PRI_URBAN,1,Not PED,1,5,NOT-RD,8. Non-Intersection,282.88,1. Straight - Level,"2. Two-Way, Divided, Unprotected Median",1. Dry,R-VA   US00060WB,3. No,SENIOR,Not SPEED,9PM TO 12AM,1,6. Traffic Lanes Marked,5.Hampton Roads,1. No Adverse Condition (Clear/Cloudy),2. No,Not YOUNG