Alcohol Notalcohol,Belted Unbelted,Bike Nonbike,Collision Type,CRASH_DT (copy),Crash Dt,Crash Event Type Dsc,Crash Military Tm,Crash Severity,Juris Name Used,Area Type Used,First Harmful Event of Entire Crash,Time Slicing Used,Phy_Juris_Nm,Offset-Ft,Intersection Analysis,Day Of Week,Deer Nodeer,TOTAL CRASH,Document Nbr,FAC,First Harmful Event,FUN,Gr Nogr,Hitrun Not Hitrun,Injury Crashes,Intersection Type,Int Doc,K_CRASH,K People,Lgtruck Nonlgtruck,Light Condition,MAINLINE (group),Mainline Yn,Motor Nonmotor,Node Info,Ownership,Total People Killed & Injured,Ped Nonped,Persons Injured,VSP_Used,Rd Type,Relation To Roadway,Rns Mp,Roadway Alignment,Roadway Description,Roadway Surface Cond,Rte Nm,School Zone,Senior Notsenior,Speed Notspeed,Time Slicing,Total Crashes including Property Damage Only,Traffic Control Type,District_Used ,Weather Condition,Work Zone Related,Young Notyoung
Not ALCIHOL,Not UNBELTED,BIKE,2. Angle,6/21/2015,6/21/2015,20. Motor Vehicle In Transport,1425,B.Visiible Injury,Virginia Beach,Urban,20. Motor Vehicle In Transport,12PM TO 3PM,134.Virginia Beach,,Not Intersection,Sunday,Not DEER,1,151855054,,1. On Roadway,,Not GUARDRAIL,Not HIT_RUN,1,2. Two Approaches,,0,0,Not LRTRUCK,2. Daylight,MAINLINE,,Not MOTORCYCLE,.,SEC_URBAN,1,Not PED,1,5,NOT-RD,1. Main-Line Roadway,,1. Straight - Level,"1. Two-Way, Not Divided",1. Dry,U-VA134SC99999UK,3. No,Not SENIOR,Not SPEED,12PM TO 3PM,1,4. Stop Sign,5.Hampton Roads,1. No Adverse Condition (Clear/Cloudy),2. No,Not YOUNG
Not ALCIHOL,Not UNBELTED,BIKE,2. Angle,6/23/2015,6/23/2015,22. Bicycle,2049,B.Visiible Injury,Virginia Beach,Urban,22. Bicycle,6PM TO 9PM,134.Virginia Beach,,Not Intersection,Tuesday,Not DEER,1,151785094,"3.Divided, full control of access",1. On Roadway,A.Urban Interstate,Not GUARDRAIL,Not HIT_RUN,1,1. Not at Intersection,,0,0,Not LRTRUCK,5. Darkness - Road Not Lighted,MAINLINE,MAIN,Not MOTORCYCLE,.,VDOT_IS,1,Not PED,1,5,NOT-RD,5. On Entrance/Exit Ramp,24.75,4. Grade - Curve,"2. Two-Way, Divided, Unprotected Median",1. Dry,R-VA   IS00264WB,3. No,Not SENIOR,Not SPEED,6PM TO 9PM,1,14. Ped Crosswalk,5.Hampton Roads,1. No Adverse Condition (Clear/Cloudy),2. No,Not YOUNG
ALCOHOL,Not UNBELTED,BIKE,3. Head On,6/23/2015,6/23/2015,22. Bicycle,207,A.Ambulatory Injury,Norfolk,Urban,22. Bicycle,0AM TO 3AM,122.Norfolk,961,Intersection,Tuesday,Not DEER,1,152310020,"0.Two-way, non-divided",1. On Roadway,E.Urban Other Principle Arterials; Connecting Links of Other Rural Principal Arterial,Not GUARDRAIL,HIT_RUN,1,1. Not at Intersection,152310020,0,0,Not LRTRUCK,4. Darkness - Road Lighted,MAINLINE,MAIN,Not MOTORCYCLE,483171.  SR00194       US00060       US00060,PRI_URBAN,1,Not PED,1,5,RD-UNKNOWN,1. Main-Line Roadway,282.40,2. Curve - Level,"1. Two-Way, Not Divided",1. Dry,R-VA   US00060EB,3. No,Not SENIOR,Not SPEED,0AM TO 3AM,1,13. Other,5.Hampton Roads,1. No Adverse Condition (Clear/Cloudy),2. No,Not YOUNG
Not ALCIHOL,Not UNBELTED,BIKE,3. Head On,6/24/2015,6/24/2015,22. Bicycle,1520,B.Visiible Injury,Norfolk,Urban,22. Bicycle,3PM TO 6PM,122.Norfolk,74,Intersection,Wednesday,Not DEER,1,152310021,"1.Divided, no control of access",1. On Roadway,E.Urban Other Principle Arterials; Connecting Links of Other Rural Principal Arterial,Not GUARDRAIL,Not HIT_RUN,1,4. Four Approaches,152310021,0,0,Not LRTRUCK,2. Daylight,MAINLINE,MAIN,Not MOTORCYCLE,756706. 12208575     A1US00460     A1US00460     A1US00460P,PRI_URBAN,1,Not PED,1,5,NOT-RD,9. Within Intersection,9.13,1. Straight - Level,"3. Two-Way, Divided, Positive Median Barrier",1. Dry,R-VA   US00460SBALT001,3. No,Not SENIOR,Not SPEED,3PM TO 6PM,1,3. Traffic Signal,5.Hampton Roads,1. No Adverse Condition (Clear/Cloudy),2. No,YOUNG
Not ALCIHOL,Not UNBELTED,BIKE,12. Ped,6/25/2015,6/25/2015,22. Bicycle,430,C.Non-Visible Injury,Hampton,Urban,22. Bicycle,3AM TO 6AM,114.Hampton,190,Intersection,Thursday,Not DEER,1,152165336,"2.Divided, partial control of access",1. On Roadway,E.Urban Other Principle Arterials; Connecting Links of Other Rural Principal Arterial,Not GUARDRAIL,Not HIT_RUN,1,4. Four Approaches,152165336,0,0,Not LRTRUCK,4. Darkness - Road Lighted,MAINLINE,MAIN,Not MOTORCYCLE,253023.  SR00134       US00258       US00258      11407033,PRI_URBAN,1,Not PED,1,5,NOT-RD,10. Intersection Related - Within 150 Feet,9.90,1. Straight - Level,"3. Two-Way, Divided, Positive Median Barrier",1. Dry,R-VA   SR00134WB,3. No,Not SENIOR,Not SPEED,3AM TO 6AM,1,14. Ped Crosswalk,5.Hampton Roads,1. No Adverse Condition (Clear/Cloudy),2. No,YOUNG
Not ALCIHOL,Not UNBELTED,BIKE,16. Other,6/26/2015,6/26/2015,20. Motor Vehicle In Transport,1643,A.Ambulatory Injury,Williamsburg,Urban,20. Motor Vehicle In Transport,3PM TO 6PM,137.Williamsburg,195,Intersection,Friday,Not DEER,1,160225272,"0.Two-way, non-divided",1. On Roadway,H.Urban Minor Arterial,Not GUARDRAIL,Not HIT_RUN,1,2. Two Approaches,160225272,0,0,Not LRTRUCK,2. Daylight,MAINLINE,MAIN,Not MOTORCYCLE,398745.  SR00005       SR00005      13707075,SEC_URBAN,1,Not PED,1,5,NOT-RD,9. Within Intersection,1.40,1. Straight - Level,"3. Two-Way, Divided, Positive Median Barrier",1. Dry,R-VA137UR07075WB,3. No,Not SENIOR,Not SPEED,3PM TO 6PM,1,6. Traffic Lanes Marked,5.Hampton Roads,1. No Adverse Condition (Clear/Cloudy),2. No,Not YOUNG
Not ALCIHOL,Not UNBELTED,BIKE,2. Angle,5/1/2012,5/1/2012,20. Motor Vehicle In Transport,551,C.Non-Visible Injury,Norfolk,Urban,20. Motor Vehicle In Transport,3AM TO 6AM,122.Norfolk,5,Intersection,Tuesday,Not DEER,1,121420009,"1.Divided, no control of access",1. On Roadway,H.Urban Minor Arterial,Not GUARDRAIL,Not HIT_RUN,1,4. Four Approaches,121420009,0,0,Not LRTRUCK,1. Dawn,MAINLINE,MAIN,Not MOTORCYCLE,483308.  IS00564S000A  SR00165       SR00165       SR00165 038A,PRI_URBAN,1,Not PED,1,5,NOT-RD,6. Intersection at end of Ramp,37.47,1. Straight - Level,"1. Two-Way, Not Divided",1. Dry,R-VA   SR00165NB,3. No,Not SENIOR,Not SPEED,3AM TO 6AM,1,3. Traffic Signal,5.Hampton Roads,1. No Adverse Condition (Clear/Cloudy),2. No,Not YOUNG
ALCOHOL,Not UNBELTED,BIKE,2. Angle,5/3/2012,5/3/2012,22. Bicycle,2106,A.Ambulatory Injury,Virginia Beach,Urban,22. Bicycle,9PM TO 12AM,134.Virginia Beach,275,Intersection,Thursday,Not DEER,1,121265090,"1.Divided, no control of access",1. On Roadway,H.Urban Minor Arterial,Not GUARDRAIL,Not HIT_RUN,1,1. Not at Intersection,121265090,0,0,Not LRTRUCK,4. Darkness - Road Lighted,MAINLINE,MAIN,Not MOTORCYCLE,541093. 13408723      13408723     C7US00058     C7US00058,PRI_URBAN,1,Not PED,1,5,NOT-RD,1. Main-Line Roadway,2.75,1. Straight - Level,"2. Two-Way, Divided, Unprotected Median",1. Dry,R-VA   US00058WBBUS007,3. No,Not SENIOR,Not SPEED,9PM TO 12AM,1,6. Traffic Lanes Marked,5.Hampton Roads,1. No Adverse Condition (Clear/Cloudy),2. No,Not YOUNG
Not ALCIHOL,Not UNBELTED,BIKE,2. Angle,5/4/2012,5/4/2012,22. Bicycle,940,B.Visiible Injury,Virginia Beach,Urban,22. Bicycle,9AM TO 12PM,134.Virginia Beach,380,Intersection,Friday,Not DEER,1,121465077,"1.Divided, no control of access",1. On Roadway,E.Urban Other Principle Arterials; Connecting Links of Other Rural Principal Arterial,Not GUARDRAIL,Not HIT_RUN,1,4. Four Approaches,121465077,0,0,Not LRTRUCK,2. Daylight,MAINLINE,MAIN,Not MOTORCYCLE,541108.  US00060       US00060      13408722      13408722,PRI_URBAN,2,Not PED,2,5,NOT-RD,1. Main-Line Roadway,302.60,1. Straight - Level,"2. Two-Way, Divided, Unprotected Median",1. Dry,R-VA   US00060EB,3. No,Not SENIOR,Not SPEED,9AM TO 12PM,1,4. Stop Sign,5.Hampton Roads,1. No Adverse Condition (Clear/Cloudy),2. No,Not YOUNG
ALCOHOL,Not UNBELTED,BIKE,2. Angle,5/5/2012,5/5/2012,19. Ped,1700,B.Visiible Injury,Norfolk,Urban,19. Ped,3PM TO 6PM,122.Norfolk,5,Intersection,Saturday,Not DEER,1,121500239,"1.Divided, no control of access",1. On Roadway,E.Urban Other Principle Arterials; Connecting Links of Other Rural Principal Arterial,Not GUARDRAIL,Not HIT_RUN,1,4. Four Approaches,121500239,0,0,Not LRTRUCK,2. Daylight,MAINLINE,MAIN,Not MOTORCYCLE,483416.  SR00168       SR00168       SR00404      12208576,PRI_URBAN,1,Not PED,1,5,NOT-RD,9. Within Intersection,23.84,1. Straight - Level,"1. Two-Way, Not Divided",1. Dry,R-VA   SR00168NB,3. No,SENIOR,Not SPEED,3PM TO 6PM,1,3. Traffic Signal,5.Hampton Roads,1. No Adverse Condition (Clear/Cloudy),2. No,Not YOUNG
Not ALCIHOL,Not UNBELTED,BIKE,4. Sideswipe - Same Direction,6/29/2015,6/29/2015,14. Ditch,1005,B.Visiible Injury,James City,Rural,14. Ditch,9AM TO 12PM,47.James City,591,Intersection,Monday,Not DEER,1,151835108,"0.Two-way, non-divided",1. On Roadway,4.Rural Major Collector,Not GUARDRAIL,HIT_RUN,1,1. Not at Intersection,151835108,0,0,Not LRTRUCK,2. Daylight,MAINLINE,MAIN,Not MOTORCYCLE,860012.  4700645       9900603       9900603       9900645,VDOT_SEC,1,Not PED,1,5,NOT-RD,8. Non-Intersection,2.25,1. Straight - Level,"1. Two-Way, Not Divided",1. Dry,R-VA099SC00603NB,3. No,Not SENIOR,Not SPEED,9AM TO 12PM,1,7. No Passing Lines,5.Hampton Roads,1. No Adverse Condition (Clear/Cloudy),2. No,Not YOUNG
Not ALCIHOL,Not UNBELTED,BIKE,2. Angle,6/30/2015,6/30/2015,22. Bicycle,628,B.Visiible Injury,Newport News,Urban,22. Bicycle,6AM TO 9AM,121.Newport News,,Not Intersection,Tuesday,Not DEER,1,160390333,,1. On Roadway,,Not GUARDRAIL,Not HIT_RUN,1,4. Four Approaches,,0,0,Not LRTRUCK,2. Daylight,MAINLINE,,Not MOTORCYCLE,.,SEC_URBAN,1,Not PED,1,5,NOT-RD,9. Within Intersection,,1. Straight - Level,"1. Two-Way, Not Divided",1. Dry,U-VA121SC99999UK,3. No,Not SENIOR,Not SPEED,6AM TO 9AM,1,4. Stop Sign,5.Hampton Roads,1. No Adverse Condition (Clear/Cloudy),2. No,Not YOUNG
Not ALCIHOL,Not UNBELTED,BIKE,2. Angle,6/30/2015,6/30/2015,20. Motor Vehicle In Transport,2159,B.Visiible Injury,Virginia Beach,Urban,20. Motor Vehicle In Transport,9PM TO 12AM,134.Virginia Beach,137,Intersection,Tuesday,Not DEER,1,152055215,"1.Divided, no control of access",1. On Roadway,H.Urban Minor Arterial,Not GUARDRAIL,Not HIT_RUN,1,4. Four Approaches,152055215,0,0,Not LRTRUCK,4. Darkness - Road Lighted,MAINLINE,MAIN,Not MOTORCYCLE,541088.  SR00190       SR00190       US00058       US00058,PRI_URBAN,1,Not PED,1,5,NOT-RD,9. Within Intersection,13.47,1. Straight - Level,"3. Two-Way, Divided, Positive Median Barrier",1. Dry,R-VA   SR00190WB,3. No,SENIOR,Not SPEED,9PM TO 12AM,1,3. Traffic Signal,5.Hampton Roads,1. No Adverse Condition (Clear/Cloudy),2. No,Not YOUNG
ALCOHOL,Not UNBELTED,BIKE,13. Bicyclist,2/19/2014,2/19/2014,22. Bicycle,1920,B.Visiible Injury,Newport News,Urban,22. Bicycle,6PM TO 9PM,121.Newport News,929,Intersection,Wednesday,Not DEER,1,141470148,"1.Divided, no control of access",1. On Roadway,H.Urban Minor Arterial,Not GUARDRAIL,Not HIT_RUN,1,4. Four Approaches,141470148,0,0,Not LRTRUCK,4. Darkness - Road Lighted,MAINLINE,MAIN,Not MOTORCYCLE,716487.  US00060       US00060      12100014      12107104,SEC_URBAN,1,Not PED,1,5,NOT-RD,9. Within Intersection,0.18,1. Straight - Level,"3. Two-Way, Divided, Positive Median Barrier",1. Dry,R-VA121UR07104WB,3. No,Not SENIOR,Not SPEED,6PM TO 9PM,1,3. Traffic Signal,5.Hampton Roads,1. No Adverse Condition (Clear/Cloudy),2. No,Not YOUNG
Not ALCIHOL,Not UNBELTED,BIKE,2. Angle,5/11/2012,5/11/2012,22. Bicycle,756,B.Visiible Injury,Chesapeake,Urban,22. Bicycle,6AM TO 9AM,131.Chesapeake,"4,699",Intersection,Friday,Not DEER,1,121560123,"0.Two-way, non-divided",1. On Roadway,I.Urban Collector,Not GUARDRAIL,HIT_RUN,1,4. Four Approaches,121560123,0,0,Not LRTRUCK,2. Daylight,MAINLINE,MAIN,Not MOTORCYCLE,484544. 13108530      13108530      13108532,SEC_URBAN,1,Not PED,1,5,NOT-RD,9. Within Intersection,0.89,1. Straight - Level,"2. Two-Way, Divided, Unprotected Median",1. Dry,R-VA131UR08532EB,1. Yes,Not SENIOR,Not SPEED,6AM TO 9AM,1,3. Traffic Signal,5.Hampton Roads,1. No Adverse Condition (Clear/Cloudy),2. No,Not YOUNG
Not ALCIHOL,Not UNBELTED,BIKE,2. Angle,5/11/2012,5/11/2012,20. Motor Vehicle In Transport,1237,B.Visiible Injury,Virginia Beach,Urban,20. Motor Vehicle In Transport,12PM TO 3PM,134.Virginia Beach,961,Intersection,Friday,Not DEER,1,121325182,"0.Two-way, non-divided",1. On Roadway,I.Urban Collector,Not GUARDRAIL,Not HIT_RUN,1,3. Three Approaches,121325182,0,0,Not LRTRUCK,2. Daylight,MAINLINE,MAIN,MOTORCYCLE,541105.  US00060       US00060      13408719,PRI_URBAN,2,Not PED,2,5,NOT-RD,10. Intersection Related - Within 150 Feet,303.27,1. Straight - Level,"1. Two-Way, Not Divided",1. Dry,R-VA   US00060EB,3. No,Not SENIOR,Not SPEED,12PM TO 3PM,1,6. Traffic Lanes Marked,5.Hampton Roads,1. No Adverse Condition (Clear/Cloudy),2. No,Not YOUNG
Not ALCIHOL,Not UNBELTED,BIKE,2. Angle,7/1/2015,7/1/2015,22. Bicycle,1632,B.Visiible Injury,Virginia Beach,Urban,22. Bicycle,3PM TO 6PM,134.Virginia Beach,280,Intersection,Wednesday,Not DEER,1,151835174,"1.Divided, no control of access",1. On Roadway,H.Urban Minor Arterial,Not GUARDRAIL,Not HIT_RUN,1,4. Four Approaches,151835174,0,0,Not LRTRUCK,2. Daylight,MAINLINE,MAIN,Not MOTORCYCLE,541172.  SR00190       SR00190      13408731,PRI_URBAN,1,Not PED,1,5,NOT-RD,9. Within Intersection,10.04,1. Straight - Level,"2. Two-Way, Divided, Unprotected Median",1. Dry,R-VA   SR00190EB,3. No,SENIOR,Not SPEED,3PM TO 6PM,1,3. Traffic Signal,5.Hampton Roads,1. No Adverse Condition (Clear/Cloudy),2. No,Not YOUNG
Not ALCIHOL,Not UNBELTED,BIKE,16. Other,7/2/2015,7/2/2015,22. Bicycle,1343,K.Fatal Injury,Virginia Beach,Urban,22. Bicycle,12PM TO 3PM,134.Virginia Beach,"3,432",Intersection,Thursday,Not DEER,1,151925210,"1.Divided, no control of access",1. On Roadway,H.Urban Minor Arterial,Not GUARDRAIL,Not HIT_RUN,0,1. Not at Intersection,151925210,1,1,Not LRTRUCK,2. Daylight,MAINLINE,MAIN,Not MOTORCYCLE,541155.  SR00165       SR00165      13408627      13408627,SEC_URBAN,1,Not PED,0,5,NOT-RD,8. Non-Intersection,2.12,1. Straight - Level,"2. Two-Way, Divided, Unprotected Median",1. Dry,R-VA134UR08627SB,3. No,SENIOR,Not SPEED,12PM TO 3PM,1,6. Traffic Lanes Marked,5.Hampton Roads,1. No Adverse Condition (Clear/Cloudy),2. No,Not YOUNG
Not ALCIHOL,Not UNBELTED,BIKE,4. Sideswipe - Same Direction,7/3/2015,7/3/2015,22. Bicycle,1322,B.Visiible Injury,Williamsburg,Urban,22. Bicycle,12PM TO 3PM,137.Williamsburg,63,Intersection,Friday,Not DEER,1,160225275,"1.Divided, no control of access",1. On Roadway,E.Urban Other Principle Arterials; Connecting Links of Other Rural Principal Arterial,Not GUARDRAIL,Not HIT_RUN,1,3. Three Approaches,160225275,0,0,Not LRTRUCK,2. Daylight,MAINLINE,MAIN,Not MOTORCYCLE,860027.  SR00005       US00060       US00060,PRI_URBAN,1,Not PED,1,5,NOT-RD,10. Intersection Related - Within 150 Feet,240.27,2. Curve - Level,"3. Two-Way, Divided, Positive Median Barrier",1. Dry,R-VA   US00060EB,3. No,SENIOR,Not SPEED,12PM TO 3PM,1,8. Yield Sign,5.Hampton Roads,1. No Adverse Condition (Clear/Cloudy),2. No,Not YOUNG
Not ALCIHOL,Not UNBELTED,BIKE,2. Angle,10/12/2012,10/12/2012,22. Bicycle,1124,C.Non-Visible Injury,York,Urban,22. Bicycle,9AM TO 12PM,99.York,79,Intersection,Friday,Not DEER,1,122865155,"0.Two-way, non-divided",1. On Roadway,H.Urban Minor Arterial,Not GUARDRAIL,Not HIT_RUN,1,1. Not at Intersection,122865155,0,0,Not LRTRUCK,2. Daylight,MAINLINE,MAIN,Not MOTORCYCLE,671470.  9900782       9900782       SR00171       SR00171,VDOT_PRI,1,Not PED,1,5,NOT-RD,8. Non-Intersection,5.05,1. Straight - Level,"1. Two-Way, Not Divided",1. Dry,R-VA   SR00171EB,3. No,Not SENIOR,Not SPEED,9AM TO 12PM,1,6. Traffic Lanes Marked,5.Hampton Roads,1. No Adverse Condition (Clear/Cloudy),2. No,Not YOUNG
Not ALCIHOL,Not UNBELTED,BIKE,2. Angle,10/12/2012,10/12/2012,22. Bicycle,1127,B.Visiible Injury,Newport News,Urban,22. Bicycle,9AM TO 12PM,121.Newport News,,Not Intersection,Friday,Not DEER,1,122865183,,1. On Roadway,,Not GUARDRAIL,Not HIT_RUN,1,1. Not at Intersection,,0,0,Not LRTRUCK,2. Daylight,MAINLINE,,Not MOTORCYCLE,.,SEC_URBAN,1,Not PED,1,5,NOT-RD,1. Main-Line Roadway,,1. Straight - Level,"1. Two-Way, Not Divided",1. Dry,U-VA121SC99999UK,3. No,Not SENIOR,Not SPEED,9AM TO 12PM,1,1. No Traffic Control,5.Hampton Roads,1. No Adverse Condition (Clear/Cloudy),2. No,YOUNG
Not ALCIHOL,Not UNBELTED,BIKE,2. Angle,10/12/2012,10/12/2012,19. Ped,1330,B.Visiible Injury,Norfolk,Urban,19. Ped,12PM TO 3PM,122.Norfolk,,Not Intersection,Friday,Not DEER,1,130860042,,1. On Roadway,,Not GUARDRAIL,Not HIT_RUN,1,4. Four Approaches,,0,0,Not LRTRUCK,2. Daylight,MAINLINE,,Not MOTORCYCLE,.,SEC_URBAN,1,Not PED,1,5,NOT-RD,10. Intersection Related - Within 150 Feet,,1. Straight - Level,"1. Two-Way, Not Divided",1. Dry,U-VA122SC99999UK,3. No,SENIOR,Not SPEED,12PM TO 3PM,1,4. Stop Sign,5.Hampton Roads,1. No Adverse Condition (Clear/Cloudy),2. No,Not YOUNG
Not ALCIHOL,Not UNBELTED,BIKE,2. Angle,10/14/2012,10/14/2012,22. Bicycle,1556,B.Visiible Injury,Virginia Beach,Urban,22. Bicycle,3PM TO 6PM,134.Virginia Beach,"2,006",Intersection,Sunday,Not DEER,1,122895213,"0.Two-way, non-divided",1. On Roadway,H.Urban Minor Arterial,Not GUARDRAIL,Not HIT_RUN,1,4. Four Approaches,122895213,0,0,Not LRTRUCK,2. Daylight,MAINLINE,MAIN,Not MOTORCYCLE,542150. 13408733      13408733      13408742,SEC_URBAN,1,Not PED,1,5,NOT-RD,9. Within Intersection,1.62,1. Straight - Level,"1. Two-Way, Not Divided",1. Dry,R-VA134UR08733SB,3. No,SENIOR,Not SPEED,3PM TO 6PM,1,1. No Traffic Control,5.Hampton Roads,1. No Adverse Condition (Clear/Cloudy),2. No,Not YOUNG
ALCOHOL,Not UNBELTED,BIKE,3. Head On,10/14/2012,10/14/2012,20. Motor Vehicle In Transport,215,A.Ambulatory Injury,Virginia Beach,Urban,20. Motor Vehicle In Transport,0AM TO 3AM,134.Virginia Beach,"2,534",Intersection,Sunday,Not DEER,1,122955261,"0.Two-way, non-divided",1. On Roadway,I.Urban Collector,Not GUARDRAIL,Not HIT_RUN,1,3. Three Approaches,122955261,0,0,Not LRTRUCK,4. Darkness - Road Lighted,MAINLINE,MAIN,Not MOTORCYCLE,541279.  IS00264W018A 13400013      13400013      13408738,SEC_URBAN,1,Not PED,1,5,RD-UNKNOWN,9. Within Intersection,3.17,1. Straight - Level,"1. Two-Way, Not Divided",1. Dry,R-VA134UR08738WB,3. No,Not SENIOR,Not SPEED,0AM TO 3AM,1,6. Traffic Lanes Marked,5.Hampton Roads,1. No Adverse Condition (Clear/Cloudy),2. No,Not YOUNG
Not ALCIHOL,Not UNBELTED,BIKE,2. Angle,10/17/2012,10/17/2012,22. Bicycle,1500,C.Non-Visible Injury,Norfolk,Urban,22. Bicycle,12PM TO 3PM,122.Norfolk,26,Intersection,Wednesday,Not DEER,1,123200226,"0.Two-way, non-divided",1. On Roadway,I.Urban Collector,Not GUARDRAIL,Not HIT_RUN,1,4. Four Approaches,123200226,0,0,Not LRTRUCK,2. Daylight,MAINLINE,MAIN,Not MOTORCYCLE,483361.  SR00166       SR00166      12208588,SEC_URBAN,1,Not PED,1,5,NOT-RD,9. Within Intersection,0.00,1. Straight - Level,"2. Two-Way, Divided, Unprotected Median",1. Dry,R-VA122UR08588WB,3. No,Not SENIOR,Not SPEED,12PM TO 3PM,1,3. Traffic Signal,5.Hampton Roads,1. No Adverse Condition (Clear/Cloudy),2. No,YOUNG
Not ALCIHOL,Not UNBELTED,BIKE,2. Angle,10/19/2012,10/19/2012,22. Bicycle,1344,C.Non-Visible Injury,Portsmouth,Urban,22. Bicycle,12PM TO 3PM,124.Portsmouth,79,Intersection,Friday,Not DEER,1,123485175,"1.Divided, no control of access",1. On Roadway,E.Urban Other Principle Arterials; Connecting Links of Other Rural Principal Arterial,Not GUARDRAIL,Not HIT_RUN,1,4. Four Approaches,123485175,0,0,Not LRTRUCK,2. Daylight,MAINLINE,MAIN,Not MOTORCYCLE,483294.  SR00141       SR00141      12408539      12408539,PRI_URBAN,1,Not PED,1,5,NOT-RD,9. Within Intersection,1.87,1. Straight - Level,"1. Two-Way, Not Divided",1. Dry,R-VA   SR00141SB,3. No,Not SENIOR,Not SPEED,12PM TO 3PM,1,3. Traffic Signal,5.Hampton Roads,1. No Adverse Condition (Clear/Cloudy),2. No,Not YOUNG
Not ALCIHOL,Not UNBELTED,BIKE,13. Bicyclist,2/24/2014,2/24/2014,22. Bicycle,1815,C.Non-Visible Injury,Hampton,Urban,22. Bicycle,6PM TO 9PM,114.Hampton,,Not Intersection,Monday,Not DEER,1,141340013,,1. On Roadway,,Not GUARDRAIL,Not HIT_RUN,1,4. Four Approaches,,0,0,Not LRTRUCK,4. Darkness - Road Lighted,MAINLINE,,Not MOTORCYCLE,.,SEC_URBAN,2,Not PED,2,5,NOT-RD,9. Within Intersection,,1. Straight - Level,"1. Two-Way, Not Divided",1. Dry,U-VA114SC99999UK,3. No,SENIOR,Not SPEED,6PM TO 9PM,1,4. Stop Sign,5.Hampton Roads,1. No Adverse Condition (Clear/Cloudy),2. No,Not YOUNG
Not ALCIHOL,Not UNBELTED,BIKE,1. Rear End,2/25/2014,2/25/2014,22. Bicycle,1124,K.Fatal Injury,Accomack,Rural,22. Bicycle,9AM TO 12PM,1.Accomack,143,Intersection,Tuesday,Not DEER,1,140575136,"0.Two-way, non-divided",1. On Roadway,4.Rural Major Collector,Not GUARDRAIL,Not HIT_RUN,0,1. Not at Intersection,140575136,1,1,Not LRTRUCK,2. Daylight,MAINLINE,MAIN,Not MOTORCYCLE,106140.  0100638       0100638       0100718,VDOT_SEC,2,Not PED,1,5,NOT-RD,8. Non-Intersection,6.55,2. Curve - Level,"1. Two-Way, Not Divided",1. Dry,R-VA001SC00638EB,3. No,SENIOR,Not SPEED,9AM TO 12PM,1,6. Traffic Lanes Marked,5.Hampton Roads,1. No Adverse Condition (Clear/Cloudy),2. No,Not YOUNG
Not ALCIHOL,Not UNBELTED,BIKE,2. Angle,10/20/2012,10/20/2012,20. Motor Vehicle In Transport,1138,B.Visiible Injury,York,Urban,20. Motor Vehicle In Transport,9AM TO 12PM,99.York,132,Intersection,Saturday,Not DEER,1,123115214,"0.Two-way, non-divided",1. On Roadway,I.Urban Collector,Not GUARDRAIL,Not HIT_RUN,1,1. Not at Intersection,123115214,0,0,LRTRUCK,2. Daylight,MAINLINE,MAIN,Not MOTORCYCLE,671418.  9900732       SR00173       SR00173,VDOT_PRI,1,Not PED,1,5,NOT-RD,8. Non-Intersection,6.74,1. Straight - Level,"2. Two-Way, Divided, Unprotected Median",1. Dry,R-VA   SR00173EB,3. No,SENIOR,Not SPEED,9AM TO 12PM,1,6. Traffic Lanes Marked,5.Hampton Roads,1. No Adverse Condition (Clear/Cloudy),2. No,Not YOUNG
Not ALCIHOL,Not UNBELTED,BIKE,2. Angle,10/21/2012,10/21/2012,22. Bicycle,1550,A.Ambulatory Injury,Virginia Beach,Urban,22. Bicycle,3PM TO 6PM,134.Virginia Beach,,Not Intersection,Sunday,Not DEER,1,122975020,,1. On Roadway,,Not GUARDRAIL,Not HIT_RUN,1,4. Four Approaches,,0,0,Not LRTRUCK,2. Daylight,MAINLINE,,Not MOTORCYCLE,.,SEC_URBAN,1,Not PED,1,5,NOT-RD,9. Within Intersection,,1. Straight - Level,"3. Two-Way, Divided, Positive Median Barrier",1. Dry,R-VA134UR08721SB,3. No,Not SENIOR,Not SPEED,3PM TO 6PM,1,14. Ped Crosswalk,5.Hampton Roads,1. No Adverse Condition (Clear/Cloudy),2. No,Not YOUNG
Not ALCIHOL,Not UNBELTED,BIKE,2. Angle,10/22/2012,10/22/2012,22. Bicycle,1700,B.Visiible Injury,Chesapeake,Urban,22. Bicycle,3PM TO 6PM,131.Chesapeake,84,Intersection,Monday,Not DEER,1,122965295,"1.Divided, no control of access",1. On Roadway,H.Urban Minor Arterial,Not GUARDRAIL,Not HIT_RUN,1,4. Four Approaches,122965295,0,0,Not LRTRUCK,2. Daylight,MAINLINE,MAIN,Not MOTORCYCLE,483473.  SR00190       SR00190      13108665      13108665,SEC_URBAN,1,Not PED,1,5,NOT-RD,9. Within Intersection,4.27,1. Straight - Level,"3. Two-Way, Divided, Positive Median Barrier",1. Dry,R-VA131UR08665WB,3. No,Not SENIOR,Not SPEED,3PM TO 6PM,1,3. Traffic Signal,5.Hampton Roads,1. No Adverse Condition (Clear/Cloudy),2. No,Not YOUNG