Alcohol Notalcohol,Belted Unbelted,Bike Nonbike,Collision Type,CRASH_DT (copy),Crash Dt,Crash Event Type Dsc,Crash Military Tm,Crash Severity,Juris Name Used,Area Type Used,First Harmful Event of Entire Crash,Time Slicing Used,Phy_Juris_Nm,Offset-Ft,Intersection Analysis,Day Of Week,Deer Nodeer,TOTAL CRASH,Document Nbr,FAC,First Harmful Event,FUN,Gr Nogr,Hitrun Not Hitrun,Injury Crashes,Intersection Type,Int Doc,K_CRASH,K People,Lgtruck Nonlgtruck,Light Condition,MAINLINE (group),Mainline Yn,Motor Nonmotor,Node Info,Ownership,Total People Killed & Injured,Ped Nonped,Persons Injured,VSP_Used,Rd Type,Relation To Roadway,Rns Mp,Roadway Alignment,Roadway Description,Roadway Surface Cond,Rte Nm,School Zone,Senior Notsenior,Speed Notspeed,Time Slicing,Total Crashes including Property Damage Only,Traffic Control Type,District_Used ,Weather Condition,Work Zone Related,Young Notyoung
Not ALCIHOL,Not UNBELTED,BIKE,2. Angle,7/22/2015,7/22/2015,22. Bicycle,1530,B.Visiible Injury,Chesapeake,Urban,22. Bicycle,3PM TO 6PM,131.Chesapeake,222,Intersection,Wednesday,Not DEER,1,152035289,"1.Divided, no control of access",2. Shoulder,E.Urban Other Principle Arterials; Connecting Links of Other Rural Principal Arterial,Not GUARDRAIL,HIT_RUN,1,1. Not at Intersection,152035289,0,0,Not LRTRUCK,2. Daylight,MAINLINE,MAIN,Not MOTORCYCLE,483054.  US00017       US00017      13108531,PRI_URBAN,1,Not PED,1,5,NOT-RD,"13. Driveway, Alley-Access - Related",33.43,1. Straight - Level,"3. Two-Way, Divided, Positive Median Barrier",1. Dry,R-VA   US00017SB,3. No,Not SENIOR,Not SPEED,3PM TO 6PM,1,6. Traffic Lanes Marked,5.Hampton Roads,1. No Adverse Condition (Clear/Cloudy),2. No,Not YOUNG
Not ALCIHOL,Not UNBELTED,BIKE,1. Rear End,7/22/2015,7/22/2015,22. Bicycle,1800,B.Visiible Injury,Virginia Beach,Urban,22. Bicycle,3PM TO 6PM,134.Virginia Beach,,Not Intersection,Wednesday,Not DEER,1,152155042,,1. On Roadway,,Not GUARDRAIL,HIT_RUN,1,4. Four Approaches,,0,0,Not LRTRUCK,4. Darkness - Road Lighted,MAINLINE,,Not MOTORCYCLE,.,SEC_URBAN,1,Not PED,1,5,NOT-RD,9. Within Intersection,,1. Straight - Level,"1. Two-Way, Not Divided",1. Dry,U-VA134SC99999UK,3. No,Not SENIOR,Not SPEED,3PM TO 6PM,1,3. Traffic Signal,5.Hampton Roads,1. No Adverse Condition (Clear/Cloudy),2. No,Not YOUNG
Not ALCIHOL,Not UNBELTED,BIKE,2. Angle,7/22/2015,7/22/2015,22. Bicycle,844,B.Visiible Injury,Virginia Beach,Urban,22. Bicycle,6AM TO 9AM,134.Virginia Beach,338,Intersection,Wednesday,Not DEER,1,152085053,"1.Divided, no control of access",1. On Roadway,H.Urban Minor Arterial,Not GUARDRAIL,Not HIT_RUN,1,3. Three Approaches,152085053,0,0,Not LRTRUCK,2. Daylight,MAINLINE,MAIN,Not MOTORCYCLE,541287. 13400013      13400013      13408750,SEC_URBAN,1,Not PED,1,5,NOT-RD,1. Main-Line Roadway,0.93,1. Straight - Level,"3. Two-Way, Divided, Positive Median Barrier",1. Dry,R-VA134UR00013SB,3. No,Not SENIOR,Not SPEED,6AM TO 9AM,1,4. Stop Sign,5.Hampton Roads,1. No Adverse Condition (Clear/Cloudy),2. No,Not YOUNG
Not ALCIHOL,Not UNBELTED,BIKE,3. Head On,7/24/2015,7/24/2015,20. Motor Vehicle In Transport,1345,B.Visiible Injury,Norfolk,Urban,20. Motor Vehicle In Transport,12PM TO 3PM,122.Norfolk,639,Intersection,Friday,Not DEER,1,152390015,"1.Divided, no control of access","8. Off Roadway, Location Unknown",E.Urban Other Principle Arterials; Connecting Links of Other Rural Principal Arterial,Not GUARDRAIL,Not HIT_RUN,1,1. Not at Intersection,152390015,0,0,Not LRTRUCK,2. Daylight,MAINLINE,MAIN,Not MOTORCYCLE,483125.  US00058       US00058      12208639      12208639,PRI_URBAN,1,Not PED,1,5,NOT-RD,12. Crossover Related,494.50,1. Straight - Level,"3. Two-Way, Divided, Positive Median Barrier",1. Dry,R-VA   US00058EB,3. No,Not SENIOR,Not SPEED,12PM TO 3PM,1,1. No Traffic Control,5.Hampton Roads,1. No Adverse Condition (Clear/Cloudy),2. No,Not YOUNG
ALCOHOL,Not UNBELTED,BIKE,2. Angle,7/25/2015,7/25/2015,22. Bicycle,1845,A.Ambulatory Injury,Newport News,Urban,22. Bicycle,6PM TO 9PM,121.Newport News,,Not Intersection,Saturday,Not DEER,1,160210104,,1. On Roadway,,Not GUARDRAIL,HIT_RUN,1,1. Not at Intersection,,0,0,Not LRTRUCK,2. Daylight,MAINLINE,,Not MOTORCYCLE,.,SEC_URBAN,1,Not PED,1,5,NOT-RD,1. Main-Line Roadway,,2. Curve - Level,"1. Two-Way, Not Divided",1. Dry,U-VA121SC99999UK,3. No,Not SENIOR,Not SPEED,6PM TO 9PM,1,1. No Traffic Control,5.Hampton Roads,1. No Adverse Condition (Clear/Cloudy),2. No,Not YOUNG
Not ALCIHOL,Not UNBELTED,BIKE,2. Angle,3/12/2014,3/12/2014,22. Bicycle,1025,B.Visiible Injury,Virginia Beach,Urban,22. Bicycle,9AM TO 12PM,134.Virginia Beach,,Not Intersection,Wednesday,Not DEER,1,140775162,,1. On Roadway,,Not GUARDRAIL,Not HIT_RUN,1,3. Three Approaches,,0,0,Not LRTRUCK,2. Daylight,MAINLINE,,Not MOTORCYCLE,.,SEC_URBAN,2,Not PED,2,5,NOT-RD,1. Main-Line Roadway,,1. Straight - Level,"1. Two-Way, Not Divided",1. Dry,U-VA134SC99999UK,3. No,Not SENIOR,Not SPEED,9AM TO 12PM,1,4. Stop Sign,5.Hampton Roads,1. No Adverse Condition (Clear/Cloudy),2. No,Not YOUNG
ALCOHOL,Not UNBELTED,BIKE,2. Angle,3/12/2014,3/12/2014,22. Bicycle,1730,C.Non-Visible Injury,Newport News,Urban,22. Bicycle,3PM TO 6PM,121.Newport News,,Not Intersection,Wednesday,Not DEER,1,141480079,,1. On Roadway,,Not GUARDRAIL,Not HIT_RUN,1,4. Four Approaches,,0,0,Not LRTRUCK,2. Daylight,MAINLINE,,Not MOTORCYCLE,.,SEC_URBAN,1,Not PED,1,5,NOT-RD,9. Within Intersection,,1. Straight - Level,"2. Two-Way, Divided, Unprotected Median",1. Dry,U-VA121SC99999UK,3. No,Not SENIOR,Not SPEED,3PM TO 6PM,1,4. Stop Sign,5.Hampton Roads,1. No Adverse Condition (Clear/Cloudy),2. No,Not YOUNG
Not ALCIHOL,Not UNBELTED,BIKE,2. Angle,11/11/2012,11/11/2012,22. Bicycle,938,C.Non-Visible Injury,Virginia Beach,Urban,22. Bicycle,9AM TO 12PM,134.Virginia Beach,"1,082",Intersection,Sunday,Not DEER,1,123295090,"1.Divided, no control of access",1. On Roadway,H.Urban Minor Arterial,Not GUARDRAIL,Not HIT_RUN,1,3. Three Approaches,123295090,0,0,Not LRTRUCK,2. Daylight,MAINLINE,MAIN,Not MOTORCYCLE,541073.  SR00279       US00058       US00058      13408685,SEC_URBAN,1,Not PED,1,5,NOT-RD,9. Within Intersection,3.61,1. Straight - Level,"2. Two-Way, Divided, Unprotected Median",1. Dry,R-VA134UR08685NB,3. No,Not SENIOR,Not SPEED,9AM TO 12PM,1,3. Traffic Signal,5.Hampton Roads,1. No Adverse Condition (Clear/Cloudy),2. No,Not YOUNG
Not ALCIHOL,Not UNBELTED,BIKE,4. Sideswipe - Same Direction,11/12/2012,11/12/2012,22. Bicycle,1300,A.Ambulatory Injury,Hampton,Urban,22. Bicycle,12PM TO 3PM,114.Hampton,53,Intersection,Monday,Not DEER,1,130280102,"1.Divided, no control of access",1. On Roadway,E.Urban Other Principle Arterials; Connecting Links of Other Rural Principal Arterial,Not GUARDRAIL,Not HIT_RUN,1,1. Not at Intersection,130280102,0,0,Not LRTRUCK,2. Daylight,MAINLINE,MAIN,Not MOTORCYCLE,253383. 11407028      11407033      11407033,SEC_URBAN,1,Not PED,1,5,NOT-RD,8. Non-Intersection,0.71,2. Curve - Level,"2. Two-Way, Divided, Unprotected Median",1. Dry,R-VA114UR07033SB,1. Yes,SENIOR,Not SPEED,12PM TO 3PM,1,6. Traffic Lanes Marked,5.Hampton Roads,1. No Adverse Condition (Clear/Cloudy),2. No,YOUNG
Not ALCIHOL,Not UNBELTED,BIKE,2. Angle,7/26/2015,7/26/2015,22. Bicycle,2131,A.Ambulatory Injury,Portsmouth,Urban,22. Bicycle,9PM TO 12AM,124.Portsmouth,0,Intersection,Sunday,Not DEER,1,152235154,"1.Divided, no control of access",1. On Roadway,H.Urban Minor Arterial,Not GUARDRAIL,Not HIT_RUN,1,4. Four Approaches,152235154,0,0,Not LRTRUCK,4. Darkness - Road Lighted,MAINLINE,MAIN,Not MOTORCYCLE,483521.  SR00239       SR00239      12408540      12408540,SEC_URBAN,1,Not PED,1,5,NOT-RD,9. Within Intersection,3.30,1. Straight - Level,"3. Two-Way, Divided, Positive Median Barrier",1. Dry,R-VA124UR08540WB,3. No,Not SENIOR,Not SPEED,9PM TO 12AM,1,3. Traffic Signal,5.Hampton Roads,1. No Adverse Condition (Clear/Cloudy),2. No,Not YOUNG
Not ALCIHOL,Not UNBELTED,BIKE,2. Angle,7/26/2015,7/26/2015,20. Motor Vehicle In Transport,1656,A.Ambulatory Injury,Norfolk,Urban,20. Motor Vehicle In Transport,3PM TO 6PM,122.Norfolk,,Not Intersection,Sunday,Not DEER,1,152360004,,1. On Roadway,,Not GUARDRAIL,Not HIT_RUN,1,1. Not at Intersection,,0,0,Not LRTRUCK,2. Daylight,MAINLINE,,Not MOTORCYCLE,.,SEC_URBAN,1,Not PED,1,5,NOT-RD,8. Non-Intersection,,1. Straight - Level,"1. Two-Way, Not Divided",1. Dry,U-VA122SC99999UK,3. No,Not SENIOR,Not SPEED,3PM TO 6PM,1,1. No Traffic Control,5.Hampton Roads,1. No Adverse Condition (Clear/Cloudy),2. No,Not YOUNG
Not ALCIHOL,Not UNBELTED,BIKE,2. Angle,7/27/2015,7/27/2015,22. Bicycle,1027,B.Visiible Injury,Newport News,Urban,22. Bicycle,9AM TO 12PM,121.Newport News,"2,006",Intersection,Monday,Not DEER,1,160080125,"1.Divided, no control of access",1. On Roadway,E.Urban Other Principle Arterials; Connecting Links of Other Rural Principal Arterial,Not GUARDRAIL,Not HIT_RUN,1,4. Four Approaches,160080125,0,0,Not LRTRUCK,2. Daylight,MAINLINE,MAIN,Not MOTORCYCLE,756246.  US00017       US00017       US00258W059B,PRI_URBAN,1,Not PED,1,5,NOT-RD,9. Within Intersection,51.57,1. Straight - Level,"2. Two-Way, Divided, Unprotected Median",2. Wet,R-VA   US00017NB,3. No,Not SENIOR,Not SPEED,9AM TO 12PM,1,3. Traffic Signal,5.Hampton Roads,1. No Adverse Condition (Clear/Cloudy),2. No,Not YOUNG
ALCOHOL,Not UNBELTED,BIKE,2. Angle,7/27/2015,7/27/2015,22. Bicycle,2130,A.Ambulatory Injury,Chesapeake,Urban,22. Bicycle,9PM TO 12AM,131.Chesapeake,"1,204",Intersection,Monday,Not DEER,1,152105279,"1.Divided, no control of access",1. On Roadway,H.Urban Minor Arterial,Not GUARDRAIL,Not HIT_RUN,1,4. Four Approaches,152105279,0,0,Not LRTRUCK,4. Darkness - Road Lighted,MAINLINE,MAIN,Not MOTORCYCLE,484713. 13108640      13108640      13108645      13108645,SEC_URBAN,2,Not PED,2,5,NOT-RD,9. Within Intersection,1.97,1. Straight - Level,"3. Two-Way, Divided, Positive Median Barrier",1. Dry,R-VA131UR08640EB,3. No,Not SENIOR,Not SPEED,9PM TO 12AM,1,3. Traffic Signal,5.Hampton Roads,1. No Adverse Condition (Clear/Cloudy),2. No,Not YOUNG
ALCOHOL,Not UNBELTED,BIKE,13. Bicyclist,3/15/2014,3/15/2014,22. Bicycle,2302,C.Non-Visible Injury,Norfolk,Urban,22. Bicycle,9PM TO 12AM,122.Norfolk,84,Intersection,Saturday,Not DEER,1,141500038,"1.Divided, no control of access",1. On Roadway,E.Urban Other Principle Arterials; Connecting Links of Other Rural Principal Arterial,Not GUARDRAIL,Not HIT_RUN,1,3. Three Approaches,141500038,0,0,Not LRTRUCK,4. Darkness - Road Lighted,MAINLINE,MAIN,Not MOTORCYCLE,483174.  US00060       US00060      12208623,PRI_URBAN,1,Not PED,1,5,NOT-RD,9. Within Intersection,281.78,1. Straight - Level,"2. Two-Way, Divided, Unprotected Median",1. Dry,R-VA   US00060EB,3. No,Not SENIOR,SPEED,9PM TO 12AM,1,4. Stop Sign,5.Hampton Roads,1. No Adverse Condition (Clear/Cloudy),2. No,Not YOUNG
Not ALCIHOL,Not UNBELTED,BIKE,4. Sideswipe - Same Direction,11/14/2012,11/14/2012,22. Bicycle,1002,B.Visiible Injury,Williamsburg,Urban,22. Bicycle,9AM TO 12PM,137.Williamsburg,"3,823",Intersection,Wednesday,Not DEER,1,130070147,"0.Two-way, non-divided",1. On Roadway,H.Urban Minor Arterial,Not GUARDRAIL,Not HIT_RUN,1,1. Not at Intersection,130070147,0,0,Not LRTRUCK,2. Daylight,MAINLINE,MAIN,Not MOTORCYCLE,398745.  SR00005       SR00005      13707075,PRI_URBAN,1,Not PED,1,5,NOT-RD,1. Main-Line Roadway,51.49,3. Grade - Straight,"1. Two-Way, Not Divided",1. Dry,R-VA   SR00005EB,3. No,SENIOR,Not SPEED,9AM TO 12PM,1,6. Traffic Lanes Marked,5.Hampton Roads,1. No Adverse Condition (Clear/Cloudy),2. No,YOUNG
Not ALCIHOL,Not UNBELTED,BIKE,2. Angle,3/17/2014,3/17/2014,22. Bicycle,2018,B.Visiible Injury,Virginia Beach,Urban,22. Bicycle,6PM TO 9PM,134.Virginia Beach,,Not Intersection,Monday,Not DEER,1,140915301,,1. On Roadway,,Not GUARDRAIL,Not HIT_RUN,1,3. Three Approaches,,0,0,Not LRTRUCK,4. Darkness - Road Lighted,MAINLINE,,Not MOTORCYCLE,.,SEC_URBAN,2,Not PED,2,5,NOT-RD,10. Intersection Related - Within 150 Feet,,2. Curve - Level,"1. Two-Way, Not Divided",2. Wet,U-VA134SC99999UK,3. No,Not SENIOR,Not SPEED,6PM TO 9PM,1,1. No Traffic Control,5.Hampton Roads,5. Rain,2. No,YOUNG
Not ALCIHOL,Not UNBELTED,BIKE,13. Bicyclist,3/18/2014,3/18/2014,22. Bicycle,654,C.Non-Visible Injury,Norfolk,Urban,22. Bicycle,6AM TO 9AM,122.Norfolk,380,Intersection,Tuesday,Not DEER,1,141530018,"1.Divided, no control of access",1. On Roadway,E.Urban Other Principle Arterials; Connecting Links of Other Rural Principal Arterial,Not GUARDRAIL,HIT_RUN,1,1. Not at Intersection,141530018,0,0,Not LRTRUCK,4. Darkness - Road Lighted,MAINLINE,MAIN,Not MOTORCYCLE,483004.  SR00165       US00013       US00013,PRI_URBAN,1,Not PED,1,5,NOT-RD,8. Non-Intersection,49.94,1. Straight - Level,"3. Two-Way, Divided, Positive Median Barrier",2. Wet,R-VA   US00013SB,3. No,Not SENIOR,Not SPEED,6AM TO 9AM,1,6. Traffic Lanes Marked,5.Hampton Roads,5. Rain,2. No,Not YOUNG
Not ALCIHOL,Not UNBELTED,BIKE,2. Angle,7/29/2015,7/29/2015,22. Bicycle,1735,B.Visiible Injury,Norfolk,Urban,22. Bicycle,3PM TO 6PM,122.Norfolk,"1,547",Intersection,Wednesday,Not DEER,1,153410021,"1.Divided, no control of access",1. On Roadway,H.Urban Minor Arterial,Not GUARDRAIL,Not HIT_RUN,1,4. Four Approaches,153410021,0,0,Not LRTRUCK,2. Daylight,MAINLINE,MAIN,Not MOTORCYCLE,483736.  US00460       US00460      12208623,PRI_URBAN,1,Not PED,1,5,NOT-RD,9. Within Intersection,406.10,1. Straight - Level,"3. Two-Way, Divided, Positive Median Barrier",1. Dry,R-VA   US00460WB,3. No,Not SENIOR,Not SPEED,3PM TO 6PM,1,3. Traffic Signal,5.Hampton Roads,1. No Adverse Condition (Clear/Cloudy),2. No,YOUNG
Not ALCIHOL,Not UNBELTED,BIKE,16. Other,7/29/2015,7/29/2015,20. Motor Vehicle In Transport,1815,B.Visiible Injury,Virginia Beach,Urban,20. Motor Vehicle In Transport,6PM TO 9PM,134.Virginia Beach,"4,060",Intersection,Wednesday,Not DEER,1,152475124,"0.Two-way, non-divided",1. On Roadway,I.Urban Collector,Not GUARDRAIL,Not HIT_RUN,1,2. Two Approaches,152475124,0,0,Not LRTRUCK,2. Daylight,MAINLINE,MAIN,Not MOTORCYCLE,541279.  IS00264W018A 13400013      13400013      13408738,SEC_URBAN,1,Not PED,1,5,NOT-RD,9. Within Intersection,2.89,1. Straight - Level,"1. Two-Way, Not Divided",1. Dry,R-VA134UR08738EB,3. No,Not SENIOR,Not SPEED,6PM TO 9PM,1,4. Stop Sign,5.Hampton Roads,1. No Adverse Condition (Clear/Cloudy),2. No,YOUNG
Not ALCIHOL,Not UNBELTED,BIKE,16. Other,7/29/2015,7/29/2015,22. Bicycle,1337,B.Visiible Injury,Virginia Beach,Urban,22. Bicycle,12PM TO 3PM,134.Virginia Beach,,Not Intersection,Wednesday,Not DEER,1,152135159,,1. On Roadway,,Not GUARDRAIL,Not HIT_RUN,1,2. Two Approaches,,0,0,Not LRTRUCK,2. Daylight,MAINLINE,,Not MOTORCYCLE,.,SEC_URBAN,1,Not PED,1,5,NOT-RD,9. Within Intersection,,1. Straight - Level,"3. Two-Way, Divided, Positive Median Barrier",1. Dry,U-VA134SC99999UK,3. No,Not SENIOR,Not SPEED,12PM TO 3PM,1,3. Traffic Signal,5.Hampton Roads,1. No Adverse Condition (Clear/Cloudy),2. No,YOUNG
ALCOHOL,Not UNBELTED,BIKE,2. Angle,7/29/2015,7/29/2015,22. Bicycle,1611,C.Non-Visible Injury,Hampton,Urban,22. Bicycle,3PM TO 6PM,114.Hampton,63,Intersection,Wednesday,Not DEER,1,152165573,"1.Divided, no control of access",1. On Roadway,H.Urban Minor Arterial,Not GUARDRAIL,Not HIT_RUN,1,4. Four Approaches,152165573,0,0,Not LRTRUCK,2. Daylight,MAINLINE,MAIN,Not MOTORCYCLE,718601.  SR00134       US00060       US00060,PRI_URBAN,1,Not PED,1,5,NOT-RD,10. Intersection Related - Within 150 Feet,273.36,1. Straight - Level,"2. Two-Way, Divided, Unprotected Median",1. Dry,R-VA   US00060WB,3. No,Not SENIOR,Not SPEED,3PM TO 6PM,1,3. Traffic Signal,5.Hampton Roads,1. No Adverse Condition (Clear/Cloudy),2. No,Not YOUNG
Not ALCIHOL,Not UNBELTED,BIKE,2. Angle,7/31/2015,7/31/2015,22. Bicycle,1701,B.Visiible Injury,Virginia Beach,Urban,22. Bicycle,3PM TO 6PM,134.Virginia Beach,"1,832",Intersection,Friday,Not DEER,1,152145113,"1.Divided, no control of access",1. On Roadway,E.Urban Other Principle Arterials; Connecting Links of Other Rural Principal Arterial,Not GUARDRAIL,Not HIT_RUN,1,3. Three Approaches,152145113,0,0,Not LRTRUCK,2. Daylight,MAINLINE,MAIN,Not MOTORCYCLE,541708. 13408690      13408729      13408729,SEC_URBAN,1,Not PED,1,5,NOT-RD,9. Within Intersection,0.43,1. Straight - Level,"2. Two-Way, Divided, Unprotected Median",1. Dry,R-VA134UR08729SB,3. No,Not SENIOR,Not SPEED,3PM TO 6PM,1,6. Traffic Lanes Marked,5.Hampton Roads,1. No Adverse Condition (Clear/Cloudy),2. No,Not YOUNG
Not ALCIHOL,Not UNBELTED,BIKE,2. Angle,7/31/2015,7/31/2015,22. Bicycle,1550,B.Visiible Injury,Norfolk,Urban,22. Bicycle,3PM TO 6PM,122.Norfolk,861,Intersection,Friday,Not DEER,1,152400045,"1.Divided, no control of access",1. On Roadway,H.Urban Minor Arterial,Not GUARDRAIL,Not HIT_RUN,1,4. Four Approaches,152400045,0,0,Not LRTRUCK,2. Daylight,MAINLINE,MAIN,Not MOTORCYCLE,483440.  SR00168       US00060       US00060,PRI_URBAN,1,Not PED,1,5,NOT-RD,10. Intersection Related - Within 150 Feet,31.03,1. Straight - Level,"3. Two-Way, Divided, Positive Median Barrier",1. Dry,R-VA   SR00168SB,3. No,Not SENIOR,SPEED,3PM TO 6PM,1,3. Traffic Signal,5.Hampton Roads,1. No Adverse Condition (Clear/Cloudy),2. No,Not YOUNG
Not ALCIHOL,Not UNBELTED,BIKE,2. Angle,8/2/2015,8/2/2015,22. Bicycle,2140,PDO.Property Damage Only,Chincoteaque,Rural,22. Bicycle,9PM TO 12AM,190.Chincoteaque,21,Intersection,Sunday,Not DEER,1,152185281,"0.Two-way, non-divided",1. On Roadway,4.Rural Major Collector,Not GUARDRAIL,HIT_RUN,0,4. Four Approaches,152185281,0,0,Not LRTRUCK,4. Darkness - Road Lighted,MAINLINE,MAIN,Not MOTORCYCLE,106005.  SR00175      19000001      19001623      19001623,VDOT_SEC,0,Not PED,0,5,NOT-RD,9. Within Intersection,0.43,1. Straight - Level,"1. Two-Way, Not Divided",1. Dry,R-VA190UR01623NB,3. No,Not SENIOR,Not SPEED,9PM TO 12AM,1,3. Traffic Signal,5.Hampton Roads,1. No Adverse Condition (Clear/Cloudy),2. No,Not YOUNG
Not ALCIHOL,Not UNBELTED,BIKE,13. Bicyclist,3/19/2014,3/19/2014,20. Motor Vehicle In Transport,1704,C.Non-Visible Injury,Hampton,Urban,20. Motor Vehicle In Transport,3PM TO 6PM,114.Hampton,692,Intersection,Wednesday,Not DEER,1,141530103,"1.Divided, no control of access",1. On Roadway,H.Urban Minor Arterial,Not GUARDRAIL,Not HIT_RUN,1,4. Four Approaches,141530103,0,0,Not LRTRUCK,2. Daylight,MAINLINE,MAIN,Not MOTORCYCLE,253088.  SR00351       SR00351      11407035      11407035,SEC_URBAN,1,Not PED,1,5,NOT-RD,9. Within Intersection,3.56,1. Straight - Level,"2. Two-Way, Divided, Unprotected Median",2. Wet,R-VA114UR07035EB,3. No,SENIOR,Not SPEED,3PM TO 6PM,1,3. Traffic Signal,5.Hampton Roads,4. Mist,2. No,Not YOUNG
Not ALCIHOL,Not UNBELTED,BIKE,13. Bicyclist,3/20/2014,3/20/2014,20. Motor Vehicle In Transport,1647,C.Non-Visible Injury,Portsmouth,Urban,20. Motor Vehicle In Transport,3PM TO 6PM,124.Portsmouth,26,Intersection,Thursday,Not DEER,1,141345470,"1.Divided, no control of access",1. On Roadway,H.Urban Minor Arterial,Not GUARDRAIL,Not HIT_RUN,1,3. Three Approaches,141345470,0,0,Not LRTRUCK,2. Daylight,MAINLINE,MAIN,Not MOTORCYCLE,483517.  IS00264W003A  SR00239       SR00239,PRI_URBAN,1,Not PED,1,5,NOT-RD,9. Within Intersection,0.55,1. Straight - Level,"3. Two-Way, Divided, Positive Median Barrier",1. Dry,R-VA   SR00239EB,3. No,Not SENIOR,Not SPEED,3PM TO 6PM,1,3. Traffic Signal,5.Hampton Roads,1. No Adverse Condition (Clear/Cloudy),2. No,Not YOUNG
Not ALCIHOL,Not UNBELTED,BIKE,2. Angle,8/4/2015,8/4/2015,20. Motor Vehicle In Transport,938,C.Non-Visible Injury,Norfolk,Urban,20. Motor Vehicle In Transport,9AM TO 12PM,122.Norfolk,913,Intersection,Tuesday,Not DEER,1,152520013,"0.Two-way, non-divided",1. On Roadway,H.Urban Minor Arterial,Not GUARDRAIL,Not HIT_RUN,1,3. Three Approaches,152520013,0,0,Not LRTRUCK,2. Daylight,MAINLINE,MAIN,Not MOTORCYCLE,483304.  SR00165       SR00165      12208609      12208609,PRI_URBAN,1,Not PED,1,5,NOT-RD,9. Within Intersection,39.14,1. Straight - Level,"1. Two-Way, Not Divided",1. Dry,R-VA   SR00165SB,3. No,Not SENIOR,Not SPEED,9AM TO 12PM,1,6. Traffic Lanes Marked,5.Hampton Roads,1. No Adverse Condition (Clear/Cloudy),2. No,Not YOUNG
Not ALCIHOL,Not UNBELTED,BIKE,3. Head On,8/6/2015,8/6/2015,22. Bicycle,1838,A.Ambulatory Injury,Norfolk,Urban,22. Bicycle,6PM TO 9PM,122.Norfolk,"1,167",Intersection,Thursday,Not DEER,1,152520030,"1.Divided, no control of access",1. On Roadway,I.Urban Collector,Not GUARDRAIL,Not HIT_RUN,1,3. Three Approaches,152520030,0,0,Not LRTRUCK,2. Daylight,MAINLINE,MAIN,Not MOTORCYCLE,483013.  US00013       US00013      12208644      12208644,SEC_URBAN,1,Not PED,1,5,RD-UNKNOWN,1. Main-Line Roadway,0.34,1. Straight - Level,"1. Two-Way, Not Divided",1. Dry,R-VA122UR08644EB,3. No,Not SENIOR,Not SPEED,6PM TO 9PM,1,13. Other,5.Hampton Roads,1. No Adverse Condition (Clear/Cloudy),2. No,YOUNG
Not ALCIHOL,Not UNBELTED,BIKE,2. Angle,11/16/2012,11/16/2012,20. Motor Vehicle In Transport,1549,B.Visiible Injury,Hampton,Urban,20. Motor Vehicle In Transport,3PM TO 6PM,114.Hampton,"1,964",Intersection,Friday,Not DEER,1,130280140,"1.Divided, no control of access",1. On Roadway,E.Urban Other Principle Arterials; Connecting Links of Other Rural Principal Arterial,Not GUARDRAIL,Not HIT_RUN,1,1. Not at Intersection,130280140,0,0,Not LRTRUCK,2. Daylight,MAINLINE,MAIN,Not MOTORCYCLE,253133.  US00258       US00258      11407021      11407021,PRI_URBAN,1,Not PED,1,5,NOT-RD,8. Non-Intersection,61.39,1. Straight - Level,"3. Two-Way, Divided, Positive Median Barrier",1. Dry,R-VA   US00258EB,3. No,Not SENIOR,Not SPEED,3PM TO 6PM,1,6. Traffic Lanes Marked,5.Hampton Roads,1. No Adverse Condition (Clear/Cloudy),2. No,Not YOUNG
Not ALCIHOL,Not UNBELTED,BIKE,12. Ped,8/8/2015,8/8/2015,20. Motor Vehicle In Transport,954,A.Ambulatory Injury,Hampton,Urban,20. Motor Vehicle In Transport,9AM TO 12PM,114.Hampton,,Not Intersection,Saturday,Not DEER,1,152255170,,1. On Roadway,,Not GUARDRAIL,Not HIT_RUN,1,3. Three Approaches,,0,0,Not LRTRUCK,2. Daylight,MAINLINE,,Not MOTORCYCLE,.,SEC_URBAN,1,Not PED,1,5,NOT-RD,10. Intersection Related - Within 150 Feet,,1. Straight - Level,"1. Two-Way, Not Divided",1. Dry,U-VA114SC99999UK,3. No,Not SENIOR,Not SPEED,9AM TO 12PM,1,4. Stop Sign,5.Hampton Roads,1. No Adverse Condition (Clear/Cloudy),2. No,YOUNG
Not ALCIHOL,Not UNBELTED,BIKE,2. Angle,8/8/2015,8/8/2015,20. Motor Vehicle In Transport,1730,B.Visiible Injury,Virginia Beach,Urban,20. Motor Vehicle In Transport,3PM TO 6PM,134.Virginia Beach,227,Intersection,Saturday,Not DEER,1,152245241,"1.Divided, no control of access",1. On Roadway,H.Urban Minor Arterial,Not GUARDRAIL,HIT_RUN,1,1. Not at Intersection,152245241,0,0,Not LRTRUCK,2. Daylight,MAINLINE,MAIN,Not MOTORCYCLE,541275. 13400012      13400012      13400014      13408717,SEC_URBAN,1,Not PED,1,5,NOT-RD,"13. Driveway, Alley-Access - Related",2.96,1. Straight - Level,"1. Two-Way, Not Divided",1. Dry,R-VA134UR00012WB,3. No,Not SENIOR,Not SPEED,3PM TO 6PM,1,1. No Traffic Control,5.Hampton Roads,1. No Adverse Condition (Clear/Cloudy),2. No,YOUNG