Alcohol Notalcohol,Belted Unbelted,Bike Nonbike,Collision Type,CRASH_DT (copy),Crash Dt,Crash Event Type Dsc,Crash Military Tm,Crash Severity,Juris Name Used,Area Type Used,First Harmful Event of Entire Crash,Time Slicing Used,Phy_Juris_Nm,Offset-Ft,Intersection Analysis,Day Of Week,Deer Nodeer,TOTAL CRASH,Document Nbr,FAC,First Harmful Event,FUN,Gr Nogr,Hitrun Not Hitrun,Injury Crashes,Intersection Type,Int Doc,K_CRASH,K People,Lgtruck Nonlgtruck,Light Condition,MAINLINE (group),Mainline Yn,Motor Nonmotor,Node Info,Ownership,Total People Killed & Injured,Ped Nonped,Persons Injured,VSP_Used,Rd Type,Relation To Roadway,Rns Mp,Roadway Alignment,Roadway Description,Roadway Surface Cond,Rte Nm,School Zone,Senior Notsenior,Speed Notspeed,Time Slicing,Total Crashes including Property Damage Only,Traffic Control Type,District_Used ,Weather Condition,Work Zone Related,Young Notyoung
ALCOHOL,Not UNBELTED,BIKE,13. Bicyclist,6/14/2014,6/14/2014,22. Bicycle,2229,B.Visiible Injury,Newport News,Urban,22. Bicycle,9PM TO 12AM,121.Newport News,,Not Intersection,Saturday,Not DEER,1,143040046,,1. On Roadway,,Not GUARDRAIL,Not HIT_RUN,1,4. Four Approaches,,0,0,Not LRTRUCK,4. Darkness - Road Lighted,MAINLINE,,Not MOTORCYCLE,.,SEC_URBAN,1,Not PED,1,5,NOT-RD,1. Main-Line Roadway,,1. Straight - Level,"2. Two-Way, Divided, Unprotected Median",1. Dry,U-VA121SC99999UK,3. No,SENIOR,Not SPEED,9PM TO 12AM,1,3. Traffic Signal,5.Hampton Roads,1. No Adverse Condition (Clear/Cloudy),2. No,Not YOUNG
Not ALCIHOL,Not UNBELTED,BIKE,3. Head On,6/15/2014,6/15/2014,22. Bicycle,2054,B.Visiible Injury,Chesapeake,Urban,22. Bicycle,6PM TO 9PM,131.Chesapeake,11,Intersection,Sunday,Not DEER,1,141665249,"1.Divided, no control of access",1. On Roadway,E.Urban Other Principle Arterials; Connecting Links of Other Rural Principal Arterial,Not GUARDRAIL,Not HIT_RUN,1,4. Four Approaches,141665249,0,0,Not LRTRUCK,4. Darkness - Road Lighted,MAINLINE,MAIN,Not MOTORCYCLE,483040.  SR00196       US00013       US00013      13108605,PRI_URBAN,1,Not PED,1,5,NOT-RD,9. Within Intersection,38.15,1. Straight - Level,"2. Two-Way, Divided, Unprotected Median",1. Dry,R-VA   US00013SB,3. No,Not SENIOR,Not SPEED,6PM TO 9PM,1,3. Traffic Signal,5.Hampton Roads,1. No Adverse Condition (Clear/Cloudy),2. No,Not YOUNG
ALCOHOL,Not UNBELTED,BIKE,1. Rear End,6/15/2014,6/15/2014,22. Bicycle,451,B.Visiible Injury,Virginia Beach,Urban,22. Bicycle,3AM TO 6AM,134.Virginia Beach,158,Intersection,Sunday,Not DEER,1,141685021,"1.Divided, no control of access",1. On Roadway,E.Urban Other Principle Arterials; Connecting Links of Other Rural Principal Arterial,Not GUARDRAIL,Not HIT_RUN,1,1. Not at Intersection,141685021,0,0,Not LRTRUCK,4. Darkness - Road Lighted,MAINLINE,MAIN,Not MOTORCYCLE,541086.  US00058       US00058      13408679,PRI_URBAN,2,Not PED,2,5,NOT-RD,8. Non-Intersection,499.79,1. Straight - Level,"2. Two-Way, Divided, Unprotected Median",1. Dry,R-VA   US00058WB,3. No,Not SENIOR,Not SPEED,3AM TO 6AM,1,1. No Traffic Control,5.Hampton Roads,1. No Adverse Condition (Clear/Cloudy),2. No,Not YOUNG
Not ALCIHOL,Not UNBELTED,BIKE,13. Bicyclist,6/16/2014,6/16/2014,22. Bicycle,945,C.Non-Visible Injury,Newport News,Urban,22. Bicycle,9AM TO 12PM,121.Newport News,824,Intersection,Monday,Not DEER,1,142160133,"1.Divided, no control of access",1. On Roadway,H.Urban Minor Arterial,Not GUARDRAIL,Not HIT_RUN,1,3. Three Approaches,142160133,0,0,Not LRTRUCK,2. Daylight,MAINLINE,MAIN,Not MOTORCYCLE,646114.  SR00143       SR00143       SR00171      12100004,SEC_URBAN,1,Not PED,1,5,NOT-RD,1. Main-Line Roadway,0.88,1. Straight - Level,"1. Two-Way, Not Divided",1. Dry,R-VA121UR00004WB,3. No,Not SENIOR,Not SPEED,9AM TO 12PM,1,4. Stop Sign,5.Hampton Roads,1. No Adverse Condition (Clear/Cloudy),2. No,Not YOUNG
Not ALCIHOL,Not UNBELTED,BIKE,13. Bicyclist,6/17/2014,6/17/2014,22. Bicycle,1022,B.Visiible Injury,James City,Urban,22. Bicycle,9AM TO 12PM,47.James City,417,Intersection,Tuesday,Not DEER,1,141705200,"0.Two-way, non-divided",1. On Roadway,H.Urban Minor Arterial,Not GUARDRAIL,Not HIT_RUN,1,1. Not at Intersection,141705200,0,0,Not LRTRUCK,2. Daylight,MAINLINE,MAIN,Not MOTORCYCLE,398426.  4701415       SR00031       SR00031,VDOT_PRI,1,Not PED,1,5,NOT-RD,"13. Driveway, Alley-Access - Related",24.32,3. Grade - Straight,"1. Two-Way, Not Divided",1. Dry,R-VA   SR00031SB,3. No,Not SENIOR,Not SPEED,9AM TO 12PM,1,6. Traffic Lanes Marked,5.Hampton Roads,1. No Adverse Condition (Clear/Cloudy),2. No,Not YOUNG
Not ALCIHOL,Not UNBELTED,BIKE,2. Angle,11/7/2015,11/7/2015,22. Bicycle,2035,A.Ambulatory Injury,Norfolk,Urban,22. Bicycle,6PM TO 9PM,122.Norfolk,259,Intersection,Saturday,Not DEER,1,153440191,"1.Divided, no control of access",1. On Roadway,H.Urban Minor Arterial,Not GUARDRAIL,Not HIT_RUN,1,4. Four Approaches,153440191,0,0,Not LRTRUCK,4. Darkness - Road Lighted,MAINLINE,MAIN,Not MOTORCYCLE,483544.  SR00247       SR00247      12208575      12208575,SEC_URBAN,1,Not PED,1,5,NOT-RD,9. Within Intersection,1.87,1. Straight - Level,"3. Two-Way, Divided, Positive Median Barrier",2. Wet,R-VA122UR08575SB,3. No,Not SENIOR,Not SPEED,6PM TO 9PM,1,4. Stop Sign,5.Hampton Roads,5. Rain,2. No,Not YOUNG
Not ALCIHOL,Not UNBELTED,BIKE,16. Other,11/7/2015,11/7/2015,22. Bicycle,805,B.Visiible Injury,Virginia Beach,Urban,22. Bicycle,6AM TO 9AM,134.Virginia Beach,,Not Intersection,Saturday,Not DEER,1,153155056,,1. On Roadway,,Not GUARDRAIL,Not HIT_RUN,1,4. Four Approaches,,0,0,Not LRTRUCK,2. Daylight,MAINLINE,,Not MOTORCYCLE,.,SEC_URBAN,1,Not PED,1,5,NOT-RD,1. Main-Line Roadway,,1. Straight - Level,"2. Two-Way, Divided, Unprotected Median",1. Dry,U-VA134SC99999UK,3. No,Not SENIOR,Not SPEED,6AM TO 9AM,1,3. Traffic Signal,5.Hampton Roads,1. No Adverse Condition (Clear/Cloudy),2. No,Not YOUNG
Not ALCIHOL,Not UNBELTED,BIKE,2. Angle,11/8/2015,11/8/2015,22. Bicycle,1350,B.Visiible Injury,Virginia Beach,Urban,22. Bicycle,12PM TO 3PM,134.Virginia Beach,26,Intersection,Sunday,Not DEER,1,153135048,"0.Two-way, non-divided",1. On Roadway,I.Urban Collector,Not GUARDRAIL,Not HIT_RUN,1,4. Four Approaches,153135048,0,0,Not LRTRUCK,2. Daylight,MAINLINE,MAIN,Not MOTORCYCLE,541289. 13400013      13400013      13408744,SEC_URBAN,1,Not PED,1,5,NOT-RD,9. Within Intersection,0.00,1. Straight - Level,"3. Two-Way, Divided, Positive Median Barrier",1. Dry,R-VA134UR08744WB,3. No,Not SENIOR,Not SPEED,12PM TO 3PM,1,3. Traffic Signal,5.Hampton Roads,1. No Adverse Condition (Clear/Cloudy),2. No,YOUNG
Not ALCIHOL,Not UNBELTED,BIKE,2. Angle,11/8/2015,11/8/2015,22. Bicycle,1548,B.Visiible Injury,Newport News,Urban,22. Bicycle,3PM TO 6PM,121.Newport News,74,Intersection,Sunday,Not DEER,1,160430038,"4.One-way, part of a one-way system",1. On Roadway,H.Urban Minor Arterial,Not GUARDRAIL,Not HIT_RUN,1,1. Not at Intersection,160430038,0,0,Not LRTRUCK,2. Daylight,MAINLINE,MAIN,Not MOTORCYCLE,723786. 4US00060P     4US00060P,PRI_URBAN,1,Not PED,1,5,NOT-RD,5. On Entrance/Exit Ramp,0.45,10. On/Off Ramp,"4. One-Way, Not Divided",1. Dry,R-VA   US00060PA004,3. No,Not SENIOR,SPEED,3PM TO 6PM,1,6. Traffic Lanes Marked,5.Hampton Roads,1. No Adverse Condition (Clear/Cloudy),2. No,Not YOUNG
Not ALCIHOL,Not UNBELTED,BIKE,2. Angle,6/19/2014,6/19/2014,20. Motor Vehicle In Transport,1600,B.Visiible Injury,York,Urban,20. Motor Vehicle In Transport,3PM TO 6PM,99.York,"1,088",Intersection,Thursday,Not DEER,1,141745258,"0.Two-way, non-divided",1. On Roadway,H.Urban Minor Arterial,Not GUARDRAIL,Not HIT_RUN,1,1. Not at Intersection,141745258,0,0,Not LRTRUCK,2. Daylight,MAINLINE,MAIN,Not MOTORCYCLE,672305.  SR00143       SR00143       SR00162,VDOT_PRI,2,Not PED,2,5,NOT-RD,8. Non-Intersection,33.96,1. Straight - Level,"1. Two-Way, Not Divided",1. Dry,R-VA   SR00143NB,3. No,SENIOR,Not SPEED,3PM TO 6PM,1,6. Traffic Lanes Marked,5.Hampton Roads,1. No Adverse Condition (Clear/Cloudy),2. No,Not YOUNG
Not ALCIHOL,Not UNBELTED,BIKE,13. Bicyclist,6/19/2014,6/19/2014,22. Bicycle,537,A.Ambulatory Injury,Newport News,Urban,22. Bicycle,3AM TO 6AM,121.Newport News,132,Intersection,Thursday,Not DEER,1,142160142,"4.One-way, part of a one-way system",1. On Roadway,E.Urban Other Principle Arterials; Connecting Links of Other Rural Principal Arterial,Not GUARDRAIL,Not HIT_RUN,1,1. Not at Intersection,142160142,0,0,Not LRTRUCK,2. Daylight,RAMP,NOT_MAIN,Not MOTORCYCLE,646037.  US00017S050B  US00060       US00060,PRI_URBAN,1,Not PED,1,5,NOT-RD,5. On Entrance/Exit Ramp,0.09,10. On/Off Ramp,"4. One-Way, Not Divided",1. Dry,R-VA   US00017SB      RMP050.00B,3. No,Not SENIOR,Not SPEED,3AM TO 6AM,1,14. Ped Crosswalk,5.Hampton Roads,1. No Adverse Condition (Clear/Cloudy),2. No,YOUNG
Not ALCIHOL,Not UNBELTED,BIKE,2. Angle,6/20/2014,6/20/2014,22. Bicycle,1910,B.Visiible Injury,Virginia Beach,Urban,22. Bicycle,6PM TO 9PM,134.Virginia Beach,554,Intersection,Friday,Not DEER,1,141765227,"0.Two-way, non-divided",1. On Roadway,H.Urban Minor Arterial,Not GUARDRAIL,Not HIT_RUN,1,4. Four Approaches,141765227,0,0,Not LRTRUCK,2. Daylight,MAINLINE,MAIN,Not MOTORCYCLE,541091. 13408721     C7US00058     C7US00058,PRI_URBAN,1,Not PED,1,5,NOT-RD,9. Within Intersection,3.65,1. Straight - Level,"1. Two-Way, Not Divided",1. Dry,R-VA   US00058WBBUS007,3. No,SENIOR,Not SPEED,6PM TO 9PM,1,3. Traffic Signal,5.Hampton Roads,1. No Adverse Condition (Clear/Cloudy),2. No,Not YOUNG
Not ALCIHOL,Not UNBELTED,BIKE,2. Angle,6/24/2014,6/24/2014,22. Bicycle,1500,B.Visiible Injury,Chesapeake,Urban,22. Bicycle,12PM TO 3PM,131.Chesapeake,0,Intersection,Tuesday,Not DEER,1,141755261,"1.Divided, no control of access",4. Roadside,H.Urban Minor Arterial,Not GUARDRAIL,Not HIT_RUN,1,1. Not at Intersection,141755261,0,0,Not LRTRUCK,2. Daylight,MAINLINE,MAIN,Not MOTORCYCLE,483826.  SR00407       SR00407      13108645      13108645,PRI_URBAN,1,Not PED,1,5,NOT-RD,"13. Driveway, Alley-Access - Related",2.13,1. Straight - Level,"1. Two-Way, Not Divided",1. Dry,R-VA   SR00407WB,2. Yes - With School Activity,SENIOR,Not SPEED,12PM TO 3PM,1,1. No Traffic Control,5.Hampton Roads,1. No Adverse Condition (Clear/Cloudy),2. No,Not YOUNG
Not ALCIHOL,Not UNBELTED,BIKE,2. Angle,6/25/2014,6/25/2014,20. Motor Vehicle In Transport,1245,B.Visiible Injury,Virginia Beach,Urban,20. Motor Vehicle In Transport,12PM TO 3PM,134.Virginia Beach,,Not Intersection,Wednesday,Not DEER,1,141785045,,1. On Roadway,,Not GUARDRAIL,HIT_RUN,1,4. Four Approaches,,0,0,Not LRTRUCK,2. Daylight,MAINLINE,,Not MOTORCYCLE,.,SEC_URBAN,1,Not PED,1,5,NOT-RD,9. Within Intersection,,1. Straight - Level,"1. Two-Way, Not Divided",1. Dry,U-VA134SC99999UK,3. No,Not SENIOR,Not SPEED,12PM TO 3PM,1,4. Stop Sign,5.Hampton Roads,1. No Adverse Condition (Clear/Cloudy),2. No,YOUNG
Not ALCIHOL,Not UNBELTED,BIKE,2. Angle,6/26/2014,6/26/2014,22. Bicycle,1330,B.Visiible Injury,Virginia Beach,Urban,22. Bicycle,12PM TO 3PM,134.Virginia Beach,"7,160",Intersection,Thursday,Not DEER,1,141805111,"1.Divided, no control of access",1. On Roadway,I.Urban Collector,Not GUARDRAIL,Not HIT_RUN,1,3. Three Approaches,141805111,0,0,Not LRTRUCK,2. Daylight,MAINLINE,MAIN,Not MOTORCYCLE,541475. 13408669      13408669      13408688      13408688,SEC_URBAN,2,Not PED,2,5,NOT-RD,9. Within Intersection,5.86,1. Straight - Level,"2. Two-Way, Divided, Unprotected Median",1. Dry,R-VA134UR08688EB,3. No,Not SENIOR,Not SPEED,12PM TO 3PM,1,3. Traffic Signal,5.Hampton Roads,1. No Adverse Condition (Clear/Cloudy),2. No,Not YOUNG
Not ALCIHOL,Not UNBELTED,BIKE,13. Bicyclist,6/26/2014,6/26/2014,6. Parked Vehicle,1030,A.Ambulatory Injury,Norfolk,Urban,6. Parked Vehicle,9AM TO 12PM,122.Norfolk,396,Intersection,Thursday,Not DEER,1,142170140,"0.Two-way, non-divided",1. On Roadway,H.Urban Minor Arterial,Not GUARDRAIL,Not HIT_RUN,1,1. Not at Intersection,142170140,0,0,Not LRTRUCK,2. Daylight,MAINLINE,MAIN,Not MOTORCYCLE,485075. 12208563      12208563      12208576      12208576,SEC_URBAN,1,Not PED,1,5,RD-UNKNOWN,8. Non-Intersection,0.78,1. Straight - Level,"1. Two-Way, Not Divided",1. Dry,R-VA122UR08576EB,3. No,Not SENIOR,Not SPEED,9AM TO 12PM,1,1. No Traffic Control,5.Hampton Roads,1. No Adverse Condition (Clear/Cloudy),2. No,Not YOUNG
Not ALCIHOL,Not UNBELTED,BIKE,2. Angle,6/29/2014,6/29/2014,22. Bicycle,838,A.Ambulatory Injury,Chesapeake,Urban,22. Bicycle,6AM TO 9AM,131.Chesapeake,"22,894",Intersection,Sunday,Not DEER,1,141805133,"0.Two-way, non-divided",1. On Roadway,I.Urban Collector,Not GUARDRAIL,Not HIT_RUN,1,1. Not at Intersection,141805133,0,0,Not LRTRUCK,2. Daylight,MAINLINE,MAIN,Not MOTORCYCLE,483371. 13100004     C1SR00168     C1SR00168,SEC_URBAN,1,Not PED,1,5,NOT-RD,8. Non-Intersection,4.88,1. Straight - Level,"1. Two-Way, Not Divided",1. Dry,R-VA131UR00004WB,3. No,Not SENIOR,Not SPEED,6AM TO 9AM,1,6. Traffic Lanes Marked,5.Hampton Roads,1. No Adverse Condition (Clear/Cloudy),2. No,Not YOUNG
Not ALCIHOL,Not UNBELTED,BIKE,15. Backed Into,6/29/2014,6/29/2014,20. Motor Vehicle In Transport,1630,B.Visiible Injury,Virginia Beach,Urban,20. Motor Vehicle In Transport,3PM TO 6PM,134.Virginia Beach,238,Intersection,Sunday,Not DEER,1,141815192,"0.Two-way, non-divided",2. Shoulder,I.Urban Collector,Not GUARDRAIL,Not HIT_RUN,1,1. Not at Intersection,141815192,0,0,Not LRTRUCK,2. Daylight,MAINLINE,MAIN,Not MOTORCYCLE,542054. 13408725      13408744      13408744,SEC_URBAN,1,Not PED,1,5,NOT-RD,8. Non-Intersection,1.03,1. Straight - Level,"1. Two-Way, Not Divided",1. Dry,R-VA134UR08744WB,3. No,Not SENIOR,Not SPEED,3PM TO 6PM,1,1. No Traffic Control,5.Hampton Roads,1. No Adverse Condition (Clear/Cloudy),2. No,Not YOUNG
Not ALCIHOL,Not UNBELTED,BIKE,2. Angle,6/29/2014,6/29/2014,22. Bicycle,1754,B.Visiible Injury,Newport News,Urban,22. Bicycle,3PM TO 6PM,121.Newport News,0,Intersection,Sunday,Not DEER,1,142510019,"1.Divided, no control of access",1. On Roadway,E.Urban Other Principle Arterials; Connecting Links of Other Rural Principal Arterial,Not GUARDRAIL,Not HIT_RUN,1,4. Four Approaches,142510019,0,0,Not LRTRUCK,2. Daylight,MAINLINE,MAIN,Not MOTORCYCLE,716548.  US00017       US00017      12100022,PRI_URBAN,1,Not PED,1,5,NOT-RD,1. Main-Line Roadway,55.92,1. Straight - Level,"3. Two-Way, Divided, Positive Median Barrier",1. Dry,R-VA   US00017NB,3. No,Not SENIOR,Not SPEED,3PM TO 6PM,1,14. Ped Crosswalk,5.Hampton Roads,1. No Adverse Condition (Clear/Cloudy),2. No,YOUNG
Not ALCIHOL,Not UNBELTED,BIKE,16. Other,6/29/2014,6/29/2014,22. Bicycle,1305,B.Visiible Injury,Virginia Beach,Urban,22. Bicycle,12PM TO 3PM,134.Virginia Beach,90,Intersection,Sunday,Not DEER,1,141815061,"1.Divided, no control of access",1. On Roadway,H.Urban Minor Arterial,Not GUARDRAIL,Not HIT_RUN,1,4. Four Approaches,141815061,0,0,Not LRTRUCK,2. Daylight,MAINLINE,MAIN,Not MOTORCYCLE,541442. 13408667      13408667      13408717      13408717,SEC_URBAN,1,Not PED,1,5,NOT-RD,9. Within Intersection,4.06,1. Straight - Level,"2. Two-Way, Divided, Unprotected Median",1. Dry,R-VA134UR08717EB,3. No,Not SENIOR,Not SPEED,12PM TO 3PM,1,3. Traffic Signal,5.Hampton Roads,1. No Adverse Condition (Clear/Cloudy),2. No,YOUNG
Not ALCIHOL,Not UNBELTED,BIKE,13. Bicyclist,6/30/2014,6/30/2014,20. Motor Vehicle In Transport,1925,A.Ambulatory Injury,Norfolk,Urban,20. Motor Vehicle In Transport,6PM TO 9PM,122.Norfolk,528,Intersection,Monday,Not DEER,1,142180039,"0.Two-way, non-divided",1. On Roadway,I.Urban Collector,Not GUARDRAIL,Not HIT_RUN,1,4. Four Approaches,142180039,0,0,Not LRTRUCK,2. Daylight,MAINLINE,MAIN,Not MOTORCYCLE,483655.  SR00337       SR00337      12208564      12208564,SEC_URBAN,1,Not PED,1,5,NOT-RD,9. Within Intersection,2.05,1. Straight - Level,"1. Two-Way, Not Divided",1. Dry,R-VA122UR08564NB,3. No,Not SENIOR,Not SPEED,6PM TO 9PM,1,4. Stop Sign,5.Hampton Roads,1. No Adverse Condition (Clear/Cloudy),2. No,Not YOUNG
Not ALCIHOL,Not UNBELTED,BIKE,2. Angle,6/30/2014,6/30/2014,22. Bicycle,1758,B.Visiible Injury,Chesapeake,Urban,22. Bicycle,3PM TO 6PM,131.Chesapeake,,Not Intersection,Monday,Not DEER,1,141815309,,1. On Roadway,,Not GUARDRAIL,HIT_RUN,1,4. Four Approaches,,0,0,Not LRTRUCK,2. Daylight,MAINLINE,,Not MOTORCYCLE,.,SEC_URBAN,1,Not PED,1,5,NOT-RD,9. Within Intersection,,1. Straight - Level,"2. Two-Way, Divided, Unprotected Median",1. Dry,U-VA131SC99999UK,3. No,Not SENIOR,Not SPEED,3PM TO 6PM,1,3. Traffic Signal,5.Hampton Roads,1. No Adverse Condition (Clear/Cloudy),2. No,YOUNG
Not ALCIHOL,Not UNBELTED,BIKE,2. Angle,11/9/2015,11/9/2015,20. Motor Vehicle In Transport,731,C.Non-Visible Injury,Norfolk,Urban,20. Motor Vehicle In Transport,6AM TO 9AM,122.Norfolk,296,Intersection,Monday,Not DEER,1,153550019,"0.Two-way, non-divided",1. On Roadway,E.Urban Other Principle Arterials; Connecting Links of Other Rural Principal Arterial,Not GUARDRAIL,Not HIT_RUN,1,4. Four Approaches,153550019,0,0,Not LRTRUCK,2. Daylight,MAINLINE,MAIN,Not MOTORCYCLE,483356.  SR00166       SR00166      12208573      12208573,PRI_URBAN,1,Not PED,1,5,NOT-RD,9. Within Intersection,9.65,1. Straight - Level,"1. Two-Way, Not Divided",2. Wet,R-VA   SR00166EB,3. No,Not SENIOR,Not SPEED,6AM TO 9AM,1,1. No Traffic Control,5.Hampton Roads,5. Rain,2. No,Not YOUNG
Not ALCIHOL,Not UNBELTED,BIKE,2. Angle,11/10/2015,11/10/2015,22. Bicycle,1012,C.Non-Visible Injury,Virginia Beach,Urban,22. Bicycle,9AM TO 12PM,134.Virginia Beach,,Not Intersection,Tuesday,Not DEER,1,153585072,,1. On Roadway,,Not GUARDRAIL,Not HIT_RUN,1,4. Four Approaches,,0,0,Not LRTRUCK,2. Daylight,MAINLINE,,Not MOTORCYCLE,.,SEC_URBAN,1,Not PED,1,5,NOT-RD,9. Within Intersection,,1. Straight - Level,"1. Two-Way, Not Divided",1. Dry,U-VA134SC99999UK,3. No,SENIOR,Not SPEED,9AM TO 12PM,1,3. Traffic Signal,5.Hampton Roads,1. No Adverse Condition (Clear/Cloudy),2. No,Not YOUNG
Not ALCIHOL,Not UNBELTED,BIKE,2. Angle,11/11/2015,11/11/2015,20. Motor Vehicle In Transport,653,C.Non-Visible Injury,Norfolk,Urban,20. Motor Vehicle In Transport,6AM TO 9AM,122.Norfolk,333,Intersection,Wednesday,Not DEER,1,153560019,"1.Divided, no control of access",1. On Roadway,E.Urban Other Principle Arterials; Connecting Links of Other Rural Principal Arterial,Not GUARDRAIL,Not HIT_RUN,1,3. Three Approaches,153560019,0,0,Not LRTRUCK,2. Daylight,MAINLINE,MAIN,Not MOTORCYCLE,755020.  SR00165S033A  SR00165S034A  SR00166       SR00166,PRI_URBAN,1,Not PED,1,5,NOT-RD,9. Within Intersection,12.02,1. Straight - Level,"2. Two-Way, Divided, Unprotected Median",1. Dry,R-VA   SR00166WB,3. No,Not SENIOR,Not SPEED,6AM TO 9AM,1,4. Stop Sign,5.Hampton Roads,1. No Adverse Condition (Clear/Cloudy),2. No,Not YOUNG
ALCOHOL,Not UNBELTED,BIKE,2. Angle,11/11/2015,11/11/2015,22. Bicycle,1637,B.Visiible Injury,Virginia Beach,Urban,22. Bicycle,3PM TO 6PM,134.Virginia Beach,,Not Intersection,Wednesday,Not DEER,1,153255150,,1. On Roadway,,Not GUARDRAIL,Not HIT_RUN,1,1. Not at Intersection,,0,0,Not LRTRUCK,4. Darkness - Road Lighted,MAINLINE,,Not MOTORCYCLE,.,SEC_URBAN,1,Not PED,1,5,NOT-RD,8. Non-Intersection,,1. Straight - Level,"1. Two-Way, Not Divided",1. Dry,U-VA134SC99999UK,3. No,Not SENIOR,Not SPEED,3PM TO 6PM,1,1. No Traffic Control,5.Hampton Roads,1. No Adverse Condition (Clear/Cloudy),2. No,Not YOUNG
Not ALCIHOL,Not UNBELTED,BIKE,3. Head On,2/5/2013,2/5/2013,20. Motor Vehicle In Transport,1539,C.Non-Visible Injury,Hampton,Urban,20. Motor Vehicle In Transport,3PM TO 6PM,114.Hampton,,Not Intersection,Tuesday,Not DEER,1,131360054,,1. On Roadway,,Not GUARDRAIL,HIT_RUN,1,3. Three Approaches,,0,0,Not LRTRUCK,2. Daylight,MAINLINE,,Not MOTORCYCLE,.,SEC_URBAN,1,Not PED,1,5,NOT-RD,9. Within Intersection,,1. Straight - Level,"1. Two-Way, Not Divided",1. Dry,U-VA114SC99999UK,3. No,Not SENIOR,Not SPEED,3PM TO 6PM,1,4. Stop Sign,5.Hampton Roads,1. No Adverse Condition (Clear/Cloudy),2. No,Not YOUNG
Not ALCIHOL,Not UNBELTED,BIKE,2. Angle,7/1/2014,7/1/2014,20. Motor Vehicle In Transport,1300,B.Visiible Injury,Virginia Beach,Urban,20. Motor Vehicle In Transport,12PM TO 3PM,134.Virginia Beach,,Not Intersection,Tuesday,Not DEER,1,142025033,,1. On Roadway,,Not GUARDRAIL,Not HIT_RUN,1,4. Four Approaches,,0,0,Not LRTRUCK,2. Daylight,MAINLINE,,Not MOTORCYCLE,.,SEC_URBAN,2,Not PED,2,5,NOT-RD,9. Within Intersection,,1. Straight - Level,"3. Two-Way, Divided, Positive Median Barrier",1. Dry,U-VA134SC99999UK,3. No,Not SENIOR,Not SPEED,12PM TO 3PM,1,3. Traffic Signal,5.Hampton Roads,1. No Adverse Condition (Clear/Cloudy),2. No,YOUNG
Not ALCIHOL,Not UNBELTED,BIKE,2. Angle,7/2/2014,7/2/2014,20. Motor Vehicle In Transport,1312,B.Visiible Injury,Virginia Beach,Urban,20. Motor Vehicle In Transport,12PM TO 3PM,134.Virginia Beach,153,Intersection,Wednesday,Not DEER,1,141895044,"1.Divided, no control of access",1. On Roadway,H.Urban Minor Arterial,Not GUARDRAIL,Not HIT_RUN,1,1. Not at Intersection,141895044,0,0,Not LRTRUCK,2. Daylight,MAINLINE,MAIN,Not MOTORCYCLE,541079.  US00058       US00058      13400013,SEC_URBAN,1,Not PED,1,5,NOT-RD,8. Non-Intersection,1.88,1. Straight - Level,"2. Two-Way, Divided, Unprotected Median",1. Dry,R-VA134UR00013NB,3. No,Not SENIOR,Not SPEED,12PM TO 3PM,1,6. Traffic Lanes Marked,5.Hampton Roads,1. No Adverse Condition (Clear/Cloudy),2. No,Not YOUNG
Not ALCIHOL,Not UNBELTED,BIKE,16. Other,7/3/2014,7/3/2014,22. Bicycle,1500,B.Visiible Injury,Virginia Beach,Urban,22. Bicycle,12PM TO 3PM,134.Virginia Beach,21,Intersection,Thursday,Not DEER,1,141865021,"0.Two-way, non-divided",1. On Roadway,I.Urban Collector,Not GUARDRAIL,Not HIT_RUN,1,4. Four Approaches,141865021,0,0,Not LRTRUCK,2. Daylight,MAINLINE,MAIN,Not MOTORCYCLE,541839. 13408711      13408711      13408747      13408816,SEC_URBAN,1,Not PED,1,5,NOT-RD,9. Within Intersection,1.02,1. Straight - Level,"3. Two-Way, Divided, Positive Median Barrier",1. Dry,R-VA134UR08747SB,3. No,Not SENIOR,Not SPEED,12PM TO 3PM,1,14. Ped Crosswalk,5.Hampton Roads,1. No Adverse Condition (Clear/Cloudy),2. No,Not YOUNG
Not ALCIHOL,Not UNBELTED,BIKE,2. Angle,2/11/2013,2/11/2013,22. Bicycle,1951,B.Visiible Injury,Virginia Beach,Urban,22. Bicycle,6PM TO 9PM,134.Virginia Beach,"1,325",Intersection,Monday,Not DEER,1,130495036,"1.Divided, no control of access",1. On Roadway,H.Urban Minor Arterial,Not GUARDRAIL,Not HIT_RUN,1,4. Four Approaches,130495036,0,0,Not LRTRUCK,4. Darkness - Road Lighted,MAINLINE,MAIN,Not MOTORCYCLE,541230.  SR00279       SR00279      13408715,PRI_URBAN,1,Not PED,1,5,NOT-RD,9. Within Intersection,2.93,1. Straight - Level,"2. Two-Way, Divided, Unprotected Median",1. Dry,R-VA   SR00279NB,3. No,Not SENIOR,Not SPEED,6PM TO 9PM,1,4. Stop Sign,5.Hampton Roads,1. No Adverse Condition (Clear/Cloudy),2. No,Not YOUNG