Alcohol Notalcohol,Belted Unbelted,Bike Nonbike,Collision Type,CRASH_DT (copy),Crash Dt,Crash Event Type Dsc,Crash Military Tm,Crash Severity,Juris Name Used,Area Type Used,First Harmful Event of Entire Crash,Time Slicing Used,Phy_Juris_Nm,Offset-Ft,Intersection Analysis,Day Of Week,Deer Nodeer,TOTAL CRASH,Document Nbr,FAC,First Harmful Event,FUN,Gr Nogr,Hitrun Not Hitrun,Injury Crashes,Intersection Type,Int Doc,K_CRASH,K People,Lgtruck Nonlgtruck,Light Condition,MAINLINE (group),Mainline Yn,Motor Nonmotor,Node Info,Ownership,Total People Killed & Injured,Ped Nonped,Persons Injured,VSP_Used,Rd Type,Relation To Roadway,Rns Mp,Roadway Alignment,Roadway Description,Roadway Surface Cond,Rte Nm,School Zone,Senior Notsenior,Speed Notspeed,Time Slicing,Total Crashes including Property Damage Only,Traffic Control Type,District_Used ,Weather Condition,Work Zone Related,Young Notyoung
Not ALCIHOL,Not UNBELTED,BIKE,2. Angle,2/11/2013,2/11/2013,22. Bicycle,1330,C.Non-Visible Injury,Williamsburg,Urban,22. Bicycle,12PM TO 3PM,137.Williamsburg,697,Intersection,Monday,Not DEER,1,131440013,"0.Two-way, non-divided",1. On Roadway,E.Urban Other Principle Arterials; Connecting Links of Other Rural Principal Arterial,Not GUARDRAIL,Not HIT_RUN,1,3. Three Approaches,131440013,0,0,Not LRTRUCK,2. Daylight,MAINLINE,MAIN,Not MOTORCYCLE,398767.  US00060       US00060      13707075,PRI_URBAN,1,Not PED,1,5,NOT-RD,9. Within Intersection,238.26,1. Straight - Level,"1. Two-Way, Not Divided",1. Dry,R-VA   US00060EB,3. No,Not SENIOR,Not SPEED,12PM TO 3PM,1,6. Traffic Lanes Marked,5.Hampton Roads,1. No Adverse Condition (Clear/Cloudy),2. No,Not YOUNG
Not ALCIHOL,Not UNBELTED,BIKE,2. Angle,7/4/2014,7/4/2014,22. Bicycle,1519,B.Visiible Injury,Virginia Beach,Urban,22. Bicycle,3PM TO 6PM,134.Virginia Beach,32,Intersection,Friday,Not DEER,1,141865161,"1.Divided, no control of access",1. On Roadway,H.Urban Minor Arterial,Not GUARDRAIL,Not HIT_RUN,1,4. Four Approaches,141865161,0,0,Not LRTRUCK,2. Daylight,MAINLINE,MAIN,Not MOTORCYCLE,541093. 13408723      13408723     C7US00058     C7US00058,PRI_URBAN,1,Not PED,1,5,NOT-RD,9. Within Intersection,2.81,1. Straight - Level,"2. Two-Way, Divided, Unprotected Median",1. Dry,R-VA   US00058WBBUS007,3. No,Not SENIOR,Not SPEED,3PM TO 6PM,1,14. Ped Crosswalk,5.Hampton Roads,1. No Adverse Condition (Clear/Cloudy),2. No,Not YOUNG
Not ALCIHOL,Not UNBELTED,BIKE,13. Bicyclist,7/5/2014,7/5/2014,22. Bicycle,828,C.Non-Visible Injury,Hampton,Urban,22. Bicycle,6AM TO 9AM,114.Hampton,"1,003",Intersection,Saturday,Not DEER,1,142230046,"0.Two-way, non-divided",7. In Parking Lane or Zone,H.Urban Minor Arterial,Not GUARDRAIL,Not HIT_RUN,1,1. Not at Intersection,142230046,0,0,Not LRTRUCK,2. Daylight,MAINLINE,MAIN,Not MOTORCYCLE,253162.  SR00278       SR00278      11407045,PRI_URBAN,1,Not PED,1,5,NOT-RD,"13. Driveway, Alley-Access - Related",0.46,1. Straight - Level,"2. Two-Way, Divided, Unprotected Median",1. Dry,R-VA   SR00278NB,3. No,Not SENIOR,SPEED,6AM TO 9AM,1,1. No Traffic Control,5.Hampton Roads,1. No Adverse Condition (Clear/Cloudy),2. No,Not YOUNG
Not ALCIHOL,Not UNBELTED,BIKE,1. Rear End,7/6/2014,7/6/2014,20. Motor Vehicle In Transport,1638,A.Ambulatory Injury,Hampton,Urban,20. Motor Vehicle In Transport,3PM TO 6PM,114.Hampton,,Not Intersection,Sunday,Not DEER,1,142190077,,1. On Roadway,,Not GUARDRAIL,HIT_RUN,1,4. Four Approaches,,0,0,Not LRTRUCK,2. Daylight,MAINLINE,,Not MOTORCYCLE,.,SEC_URBAN,1,Not PED,1,5,NOT-RD,9. Within Intersection,,1. Straight - Level,"1. Two-Way, Not Divided",1. Dry,U-VA114SC99999UK,3. No,Not SENIOR,Not SPEED,3PM TO 6PM,1,4. Stop Sign,5.Hampton Roads,1. No Adverse Condition (Clear/Cloudy),2. No,Not YOUNG
Not ALCIHOL,Not UNBELTED,BIKE,2. Angle,7/7/2014,7/7/2014,20. Motor Vehicle In Transport,1425,B.Visiible Injury,Norfolk,Urban,20. Motor Vehicle In Transport,12PM TO 3PM,122.Norfolk,111,Intersection,Monday,Not DEER,1,142230095,"0.Two-way, non-divided",1. On Roadway,H.Urban Minor Arterial,Not GUARDRAIL,Not HIT_RUN,1,1. Not at Intersection,142230095,0,0,Not LRTRUCK,2. Daylight,MAINLINE,MAIN,Not MOTORCYCLE,485229. 12208567      12208567      12208791      12208791,SEC_URBAN,1,Not PED,1,5,NOT-RD,8. Non-Intersection,1.71,2. Curve - Level,"1. Two-Way, Not Divided",1. Dry,R-VA122UR08567NB,3. No,Not SENIOR,Not SPEED,12PM TO 3PM,1,6. Traffic Lanes Marked,5.Hampton Roads,1. No Adverse Condition (Clear/Cloudy),2. No,Not YOUNG
Not ALCIHOL,Not UNBELTED,BIKE,2. Angle,2/14/2013,2/14/2013,22. Bicycle,1600,A.Ambulatory Injury,Newport News,Urban,22. Bicycle,3PM TO 6PM,121.Newport News,"1,378",Intersection,Thursday,Not DEER,1,131540022,"0.Two-way, non-divided",1. On Roadway,I.Urban Collector,Not GUARDRAIL,Not HIT_RUN,1,3. Three Approaches,131540022,0,0,Not LRTRUCK,2. Daylight,MAINLINE,MAIN,Not MOTORCYCLE,646057.  SR00173       SR00173       US00060       US00060,PRI_URBAN,2,Not PED,2,5,NOT-RD,9. Within Intersection,1.56,1. Straight - Level,"4. One-Way, Not Divided",1. Dry,R-VA   SR00173EB,3. No,Not SENIOR,Not SPEED,3PM TO 6PM,1,4. Stop Sign,5.Hampton Roads,1. No Adverse Condition (Clear/Cloudy),2. No,Not YOUNG
Not ALCIHOL,Not UNBELTED,BIKE,2. Angle,11/13/2015,11/13/2015,20. Motor Vehicle In Transport,1610,B.Visiible Injury,Norfolk,Urban,20. Motor Vehicle In Transport,3PM TO 6PM,122.Norfolk,"1,204",Intersection,Friday,Not DEER,1,153560023,"1.Divided, no control of access",1. On Roadway,H.Urban Minor Arterial,Not GUARDRAIL,Not HIT_RUN,1,4. Four Approaches,153560023,0,0,Not LRTRUCK,2. Daylight,MAINLINE,MAIN,Not MOTORCYCLE,483547.  SR00247       SR00247      12208767,PRI_URBAN,1,Not PED,1,5,NOT-RD,10. Intersection Related - Within 150 Feet,2.00,1. Straight - Level,"3. Two-Way, Divided, Positive Median Barrier",1. Dry,R-VA   SR00247WB,3. No,Not SENIOR,Not SPEED,3PM TO 6PM,1,6. Traffic Lanes Marked,5.Hampton Roads,1. No Adverse Condition (Clear/Cloudy),2. No,Not YOUNG
Not ALCIHOL,Not UNBELTED,BIKE,2. Angle,11/13/2015,11/13/2015,22. Bicycle,1608,A.Ambulatory Injury,Hampton,Urban,22. Bicycle,3PM TO 6PM,114.Hampton,16,Intersection,Friday,Not DEER,1,153205099,"0.Two-way, non-divided",1. On Roadway,H.Urban Minor Arterial,Not GUARDRAIL,Not HIT_RUN,1,4. Four Approaches,153205099,0,0,Not LRTRUCK,2. Daylight,MAINLINE,MAIN,Not MOTORCYCLE,253012.  US00060       US00060      11407035      11407035,PRI_URBAN,1,Not PED,1,5,NOT-RD,9. Within Intersection,271.92,1. Straight - Level,"1. Two-Way, Not Divided",1. Dry,R-VA   US00060WB,3. No,SENIOR,Not SPEED,3PM TO 6PM,1,3. Traffic Signal,5.Hampton Roads,1. No Adverse Condition (Clear/Cloudy),2. No,Not YOUNG
Not ALCIHOL,Not UNBELTED,BIKE,13. Bicyclist,11/13/2015,11/13/2015,22. Bicycle,1557,A.Ambulatory Injury,Newport News,Urban,22. Bicycle,3PM TO 6PM,121.Newport News,871,Intersection,Friday,Not DEER,1,160430039,"1.Divided, no control of access",1. On Roadway,H.Urban Minor Arterial,Not GUARDRAIL,Not HIT_RUN,1,4. Four Approaches,160430039,0,0,Not LRTRUCK,2. Daylight,MAINLINE,MAIN,Not MOTORCYCLE,646044.  US00060       US00060      12107036,PRI_URBAN,1,Not PED,1,5,NOT-RD,9. Within Intersection,259.72,1. Straight - Level,"3. Two-Way, Divided, Positive Median Barrier",1. Dry,R-VA   US00060EB,3. No,Not SENIOR,Not SPEED,3PM TO 6PM,1,3. Traffic Signal,5.Hampton Roads,1. No Adverse Condition (Clear/Cloudy),2. No,YOUNG
Not ALCIHOL,Not UNBELTED,BIKE,2. Angle,7/8/2014,7/8/2014,20. Motor Vehicle In Transport,1051,C.Non-Visible Injury,Virginia Beach,Urban,20. Motor Vehicle In Transport,9AM TO 12PM,134.Virginia Beach,48,Intersection,Tuesday,Not DEER,1,141945030,"0.Two-way, non-divided",1. On Roadway,I.Urban Collector,Not GUARDRAIL,Not HIT_RUN,1,4. Four Approaches,141945030,0,0,Not LRTRUCK,2. Daylight,MAINLINE,MAIN,Not MOTORCYCLE,541207.  SR00225       SR00225      13408638      13408638,SEC_URBAN,1,Not PED,1,5,NOT-RD,"15. Other Crossing (Crossing for Bikes, School, etc.)",3.20,1. Straight - Level,"2. Two-Way, Divided, Unprotected Median",1. Dry,R-VA134UR08638WB,3. No,Not SENIOR,Not SPEED,9AM TO 12PM,1,3. Traffic Signal,5.Hampton Roads,1. No Adverse Condition (Clear/Cloudy),2. No,YOUNG
Not ALCIHOL,Not UNBELTED,BIKE,2. Angle,7/8/2014,7/8/2014,22. Bicycle,1053,C.Non-Visible Injury,Newport News,Urban,22. Bicycle,9AM TO 12PM,121.Newport News,0,Intersection,Tuesday,Not DEER,1,142330082,"1.Divided, no control of access",1. On Roadway,H.Urban Minor Arterial,Not GUARDRAIL,Not HIT_RUN,1,4. Four Approaches,142330082,0,0,Not LRTRUCK,2. Daylight,MAINLINE,MAIN,Not MOTORCYCLE,646114.  SR00143       SR00143       SR00171      12100004,PRI_URBAN,1,Not PED,1,5,NOT-RD,1. Main-Line Roadway,0.00,1. Straight - Level,"4. One-Way, Not Divided",1. Dry,R-VA   SR00171EB,3. No,Not SENIOR,SPEED,9AM TO 12PM,1,3. Traffic Signal,5.Hampton Roads,1. No Adverse Condition (Clear/Cloudy),2. No,Not YOUNG
ALCOHOL,Not UNBELTED,BIKE,2. Angle,7/8/2014,7/8/2014,20. Motor Vehicle In Transport,2251,B.Visiible Injury,Virginia Beach,Urban,20. Motor Vehicle In Transport,9PM TO 12AM,134.Virginia Beach,16,Intersection,Tuesday,Not DEER,1,141975538,"0.Two-way, non-divided",1. On Roadway,I.Urban Collector,Not GUARDRAIL,Not HIT_RUN,1,3. Three Approaches,141975538,0,0,Not LRTRUCK,4. Darkness - Road Lighted,MAINLINE,MAIN,Not MOTORCYCLE,724415. 13400008      13408678      13408678,SEC_URBAN,1,Not PED,1,5,NOT-RD,9. Within Intersection,1.96,1. Straight - Level,"2. Two-Way, Divided, Unprotected Median",1. Dry,R-VA134UR08678WB,3. No,Not SENIOR,Not SPEED,9PM TO 12AM,1,3. Traffic Signal,5.Hampton Roads,1. No Adverse Condition (Clear/Cloudy),2. No,Not YOUNG
Not ALCIHOL,Not UNBELTED,BIKE,13. Bicyclist,7/9/2014,7/9/2014,22. Bicycle,1150,B.Visiible Injury,Hampton,Urban,22. Bicycle,9AM TO 12PM,114.Hampton,,Not Intersection,Wednesday,Not DEER,1,142230149,,1. On Roadway,,Not GUARDRAIL,HIT_RUN,1,4. Four Approaches,,0,0,Not LRTRUCK,2. Daylight,MAINLINE,,Not MOTORCYCLE,.,SEC_URBAN,1,Not PED,1,5,NOT-RD,9. Within Intersection,,1. Straight - Level,"1. Two-Way, Not Divided",1. Dry,U-VA114SC99999UK,3. No,Not SENIOR,Not SPEED,9AM TO 12PM,1,4. Stop Sign,5.Hampton Roads,1. No Adverse Condition (Clear/Cloudy),2. No,YOUNG
Not ALCIHOL,Not UNBELTED,BIKE,3. Head On,2/24/2013,2/24/2013,22. Bicycle,1412,B.Visiible Injury,Virginia Beach,Urban,22. Bicycle,12PM TO 3PM,134.Virginia Beach,158,Intersection,Sunday,Not DEER,1,130615024,"0.Two-way, non-divided",1. On Roadway,I.Urban Collector,Not GUARDRAIL,Not HIT_RUN,1,4. Four Approaches,130615024,0,0,Not LRTRUCK,2. Daylight,MAINLINE,MAIN,Not MOTORCYCLE,715409. 13408688      13408688      13408690      13408690,SEC_URBAN,1,Not PED,1,5,NOT-RD,9. Within Intersection,0.48,1. Straight - Level,"2. Two-Way, Divided, Unprotected Median",1. Dry,R-VA134UR08690EB,3. No,SENIOR,Not SPEED,12PM TO 3PM,1,14. Ped Crosswalk,5.Hampton Roads,1. No Adverse Condition (Clear/Cloudy),2. No,Not YOUNG
Not ALCIHOL,Not UNBELTED,BIKE,2. Angle,2/25/2013,2/25/2013,22. Bicycle,1954,B.Visiible Injury,Williamsburg,Urban,22. Bicycle,6PM TO 9PM,137.Williamsburg,100,Intersection,Monday,Not DEER,1,131550378,"0.Two-way, non-divided",1. On Roadway,H.Urban Minor Arterial,Not GUARDRAIL,Not HIT_RUN,1,3. Three Approaches,131550378,0,0,Not LRTRUCK,4. Darkness - Road Lighted,MAINLINE,MAIN,Not MOTORCYCLE,398745.  SR00005       SR00005      13707075,SEC_URBAN,1,Not PED,1,5,NOT-RD,9. Within Intersection,1.42,1. Straight - Level,"1. Two-Way, Not Divided",1. Dry,R-VA137UR07075EB,3. No,Not SENIOR,Not SPEED,6PM TO 9PM,1,8. Yield Sign,5.Hampton Roads,1. No Adverse Condition (Clear/Cloudy),2. No,Not YOUNG
Not ALCIHOL,Not UNBELTED,BIKE,4. Sideswipe - Same Direction,2/26/2013,2/26/2013,22. Bicycle,1954,A.Ambulatory Injury,Newport News,Urban,22. Bicycle,6PM TO 9PM,121.Newport News,"1,774",Intersection,Tuesday,Not DEER,1,131540028,"0.Two-way, non-divided",1. On Roadway,H.Urban Minor Arterial,Not GUARDRAIL,Not HIT_RUN,1,1. Not at Intersection,131540028,0,0,Not LRTRUCK,4. Darkness - Road Lighted,MAINLINE,MAIN,Not MOTORCYCLE,646079.  SR00238       US00060       US00060,PRI_URBAN,1,Not PED,1,5,NOT-RD,8. Non-Intersection,0.34,1. Straight - Level,"2. Two-Way, Divided, Unprotected Median",2. Wet,R-VA   SR00238EB,3. No,Not SENIOR,Not SPEED,6PM TO 9PM,1,6. Traffic Lanes Marked,5.Hampton Roads,5. Rain,2. No,Not YOUNG
Not ALCIHOL,Not UNBELTED,BIKE,2. Angle,7/11/2014,7/11/2014,20. Motor Vehicle In Transport,1612,A.Ambulatory Injury,Virginia Beach,Urban,20. Motor Vehicle In Transport,3PM TO 6PM,134.Virginia Beach,"4,821",Intersection,Friday,Not DEER,1,141985267,"1.Divided, no control of access",4. Roadside,E.Urban Other Principle Arterials; Connecting Links of Other Rural Principal Arterial,Not GUARDRAIL,Not HIT_RUN,1,1. Not at Intersection,141985267,0,0,Not LRTRUCK,2. Daylight,MAINLINE,MAIN,Not MOTORCYCLE,541141.  SR00149      13408669      13408669,SEC_URBAN,1,Not PED,1,5,NOT-RD,8. Non-Intersection,17.38,2. Curve - Level,"2. Two-Way, Divided, Unprotected Median",1. Dry,R-VA134UR08669NB,3. No,Not SENIOR,Not SPEED,3PM TO 6PM,1,1. No Traffic Control,5.Hampton Roads,1. No Adverse Condition (Clear/Cloudy),2. No,Not YOUNG
Not ALCIHOL,Not UNBELTED,BIKE,2. Angle,7/11/2014,7/11/2014,20. Motor Vehicle In Transport,1643,A.Ambulatory Injury,York,Urban,20. Motor Vehicle In Transport,3PM TO 6PM,99.York,"2,492",Intersection,Friday,Not DEER,1,141955112,"0.Two-way, non-divided",1. On Roadway,I.Urban Collector,Not GUARDRAIL,Not HIT_RUN,1,1. Not at Intersection,141955112,0,0,Not LRTRUCK,2. Daylight,MAINLINE,MAIN,Not MOTORCYCLE,720041.  9900782       9900782       9901456,VDOT_SEC,1,Not PED,1,5,NOT-RD,1. Main-Line Roadway,0.10,1. Straight - Level,"1. Two-Way, Not Divided",1. Dry,R-VA099SC00782SB,3. No,Not SENIOR,Not SPEED,3PM TO 6PM,1,6. Traffic Lanes Marked,5.Hampton Roads,1. No Adverse Condition (Clear/Cloudy),2. No,Not YOUNG
Not ALCIHOL,Not UNBELTED,BIKE,2. Angle,7/12/2014,7/12/2014,20. Motor Vehicle In Transport,1120,A.Ambulatory Injury,York,Urban,20. Motor Vehicle In Transport,9AM TO 12PM,99.York,0,Intersection,Saturday,Not DEER,1,141945048,"0.Two-way, non-divided",1. On Roadway,J.Urban Local,Not GUARDRAIL,Not HIT_RUN,1,1. Not at Intersection,141945048,0,0,Not LRTRUCK,2. Daylight,MAINLINE,MAIN,Not MOTORCYCLE,671496.  9901001       9901001       9901004       9901004,VDOT_SEC,1,Not PED,1,5,NOT-RD,"7. Other location not listed above within an interchange area (median, shoulder , roadside)",0.20,1. Straight - Level,"4. One-Way, Not Divided",1. Dry,R-VA099SC01004SB,3. No,Not SENIOR,SPEED,9AM TO 12PM,1,4. Stop Sign,5.Hampton Roads,1. No Adverse Condition (Clear/Cloudy),2. No,Not YOUNG
Not ALCIHOL,Not UNBELTED,BIKE,2. Angle,7/12/2014,7/12/2014,22. Bicycle,2120,B.Visiible Injury,Virginia Beach,Urban,22. Bicycle,9PM TO 12AM,134.Virginia Beach,42,Intersection,Saturday,Not DEER,1,141975175,"1.Divided, no control of access",1. On Roadway,H.Urban Minor Arterial,Not GUARDRAIL,Not HIT_RUN,1,4. Four Approaches,141975175,0,0,Not LRTRUCK,4. Darkness - Road Lighted,MAINLINE,MAIN,Not MOTORCYCLE,541277. 13400012      13400012      13408688      13408779,SEC_URBAN,1,Not PED,1,5,NOT-RD,9. Within Intersection,3.34,1. Straight - Level,"3. Two-Way, Divided, Positive Median Barrier",1. Dry,R-VA134UR08779NB,3. No,SENIOR,Not SPEED,9PM TO 12AM,1,3. Traffic Signal,5.Hampton Roads,1. No Adverse Condition (Clear/Cloudy),2. No,YOUNG
ALCOHOL,Not UNBELTED,BIKE,5. Sideswipe - Opposite Direction,7/12/2014,7/12/2014,20. Motor Vehicle In Transport,2200,A.Ambulatory Injury,Virginia Beach,Urban,20. Motor Vehicle In Transport,9PM TO 12AM,134.Virginia Beach,,Not Intersection,Saturday,Not DEER,1,142005231,,1. On Roadway,,Not GUARDRAIL,Not HIT_RUN,1,1. Not at Intersection,,0,0,Not LRTRUCK,5. Darkness - Road Not Lighted,MAINLINE,,Not MOTORCYCLE,.,SEC_URBAN,2,Not PED,2,5,RD-UNKNOWN,8. Non-Intersection,,1. Straight - Level,"1. Two-Way, Not Divided",1. Dry,U-VA134SC99999UK,3. No,Not SENIOR,Not SPEED,9PM TO 12AM,1,1. No Traffic Control,5.Hampton Roads,1. No Adverse Condition (Clear/Cloudy),2. No,Not YOUNG
Not ALCIHOL,Not UNBELTED,BIKE,2. Angle,7/15/2014,7/15/2014,22. Bicycle,1700,B.Visiible Injury,Virginia Beach,Urban,22. Bicycle,3PM TO 6PM,134.Virginia Beach,"4,203",Intersection,Tuesday,Not DEER,1,142035150,"1.Divided, no control of access",1. On Roadway,H.Urban Minor Arterial,Not GUARDRAIL,Not HIT_RUN,1,4. Four Approaches,142035150,0,0,Not LRTRUCK,2. Daylight,MAINLINE,MAIN,Not MOTORCYCLE,541482. 13408669      13408669      13408723      13408723,SEC_URBAN,1,Not PED,1,5,NOT-RD,9. Within Intersection,21.15,1. Straight - Level,"2. Two-Way, Divided, Unprotected Median",1. Dry,R-VA134UR08669NB,3. No,Not SENIOR,Not SPEED,3PM TO 6PM,1,3. Traffic Signal,5.Hampton Roads,1. No Adverse Condition (Clear/Cloudy),2. No,YOUNG
Not ALCIHOL,Not UNBELTED,BIKE,13. Bicyclist,7/16/2014,7/16/2014,22. Bicycle,1242,B.Visiible Injury,Norfolk,Urban,22. Bicycle,12PM TO 3PM,122.Norfolk,285,Intersection,Wednesday,Not DEER,1,142270065,"1.Divided, no control of access",1. On Roadway,E.Urban Other Principle Arterials; Connecting Links of Other Rural Principal Arterial,Not GUARDRAIL,Not HIT_RUN,1,1. Not at Intersection,142270065,0,0,Not LRTRUCK,2. Daylight,MAINLINE,MAIN,Not MOTORCYCLE,483459.  SR00170       SR00170      12208631      12208631,PRI_URBAN,1,Not PED,1,5,NOT-RD,8. Non-Intersection,1.13,1. Straight - Level,"3. Two-Way, Divided, Positive Median Barrier",2. Wet,R-VA   SR00170EB,3. No,Not SENIOR,Not SPEED,12PM TO 3PM,1,6. Traffic Lanes Marked,5.Hampton Roads,5. Rain,2. No,YOUNG
Not ALCIHOL,Not UNBELTED,BIKE,2. Angle,7/16/2014,7/16/2014,22. Bicycle,926,C.Non-Visible Injury,Newport News,Urban,22. Bicycle,9AM TO 12PM,121.Newport News,,Not Intersection,Wednesday,Not DEER,1,142330102,,1. On Roadway,,Not GUARDRAIL,Not HIT_RUN,1,4. Four Approaches,,0,0,Not LRTRUCK,2. Daylight,MAINLINE,,Not MOTORCYCLE,.,SEC_URBAN,1,Not PED,1,5,NOT-RD,9. Within Intersection,,1. Straight - Level,"1. Two-Way, Not Divided",1. Dry,U-VA121SC99999UK,3. No,SENIOR,Not SPEED,9AM TO 12PM,1,4. Stop Sign,5.Hampton Roads,1. No Adverse Condition (Clear/Cloudy),2. No,Not YOUNG
ALCOHOL,Not UNBELTED,BIKE,2. Angle,7/16/2014,7/16/2014,22. Bicycle,2040,B.Visiible Injury,Virginia Beach,Urban,22. Bicycle,6PM TO 9PM,134.Virginia Beach,380,Intersection,Wednesday,Not DEER,1,142925108,"1.Divided, no control of access",1. On Roadway,H.Urban Minor Arterial,Not GUARDRAIL,Not HIT_RUN,1,1. Not at Intersection,142925108,0,0,Not LRTRUCK,4. Darkness - Road Lighted,MAINLINE,MAIN,Not MOTORCYCLE,715394. 13400005      13400007      13400007,SEC_URBAN,1,Not PED,1,5,NOT-RD,8. Non-Intersection,2.53,1. Straight - Level,"2. Two-Way, Divided, Unprotected Median",1. Dry,R-VA134UR00007EB,3. No,SENIOR,Not SPEED,6PM TO 9PM,1,6. Traffic Lanes Marked,5.Hampton Roads,1. No Adverse Condition (Clear/Cloudy),2. No,Not YOUNG
Not ALCIHOL,Not UNBELTED,BIKE,16. Other,7/17/2014,7/17/2014,22. Bicycle,1345,A.Ambulatory Injury,Virginia Beach,Urban,22. Bicycle,12PM TO 3PM,134.Virginia Beach,53,Intersection,Thursday,Not DEER,1,141985269,"1.Divided, no control of access",1. On Roadway,H.Urban Minor Arterial,Not GUARDRAIL,Not HIT_RUN,1,4. Four Approaches,141985269,0,0,Not LRTRUCK,2. Daylight,MAINLINE,MAIN,Not MOTORCYCLE,541244. 13400007      13400007      13400010      13400010,SEC_URBAN,1,Not PED,1,5,NOT-RD,9. Within Intersection,0.74,1. Straight - Level,"2. Two-Way, Divided, Unprotected Median",1. Dry,R-VA134UR00010EB,3. No,SENIOR,Not SPEED,12PM TO 3PM,1,3. Traffic Signal,5.Hampton Roads,1. No Adverse Condition (Clear/Cloudy),2. No,YOUNG
Not ALCIHOL,Not UNBELTED,BIKE,2. Angle,7/18/2014,7/18/2014,22. Bicycle,1525,B.Visiible Injury,Virginia Beach,Urban,22. Bicycle,3PM TO 6PM,134.Virginia Beach,,Not Intersection,Friday,Not DEER,1,142005217,,1. On Roadway,,Not GUARDRAIL,Not HIT_RUN,1,3. Three Approaches,,0,0,Not LRTRUCK,2. Daylight,MAINLINE,,Not MOTORCYCLE,.,SEC_URBAN,1,Not PED,1,5,NOT-RD,10. Intersection Related - Within 150 Feet,,1. Straight - Level,"1. Two-Way, Not Divided",1. Dry,U-VA134SC99999UK,3. No,Not SENIOR,Not SPEED,3PM TO 6PM,1,3. Traffic Signal,5.Hampton Roads,1. No Adverse Condition (Clear/Cloudy),2. No,Not YOUNG
Not ALCIHOL,Not UNBELTED,BIKE,13. Bicyclist,7/18/2014,7/18/2014,20. Motor Vehicle In Transport,2140,B.Visiible Injury,Newport News,Urban,20. Motor Vehicle In Transport,9PM TO 12AM,121.Newport News,132,Intersection,Friday,Not DEER,1,150200019,"1.Divided, no control of access",1. On Roadway,H.Urban Minor Arterial,Not GUARDRAIL,Not HIT_RUN,1,4. Four Approaches,150200019,0,0,Not LRTRUCK,4. Darkness - Road Lighted,MAINLINE,MAIN,Not MOTORCYCLE,646043.  SR00312       US00060       US00060,PRI_URBAN,1,Not PED,1,5,NOT-RD,9. Within Intersection,0.03,2. Curve - Level,"2. Two-Way, Divided, Unprotected Median",1. Dry,R-VA   SR00312EB,3. No,Not SENIOR,Not SPEED,9PM TO 12AM,1,3. Traffic Signal,5.Hampton Roads,1. No Adverse Condition (Clear/Cloudy),2. No,YOUNG
Not ALCIHOL,Not UNBELTED,BIKE,16. Other,7/20/2014,7/20/2014,22. Bicycle,5,B.Visiible Injury,Virginia Beach,Urban,22. Bicycle,0AM TO 3AM,134.Virginia Beach,"1,426",Intersection,Sunday,Not DEER,1,142105252,"0.Two-way, non-divided",1. On Roadway,I.Urban Collector,Not GUARDRAIL,Not HIT_RUN,1,3. Three Approaches,142105252,0,0,Not LRTRUCK,4. Darkness - Road Lighted,MAINLINE,MAIN,Not MOTORCYCLE,541303. 13408578      13408719      13408719,SEC_URBAN,1,Not PED,1,5,NOT-RD,9. Within Intersection,0.72,1. Straight - Level,"1. Two-Way, Not Divided",1. Dry,R-VA134UR08719SB,3. No,Not SENIOR,Not SPEED,0AM TO 3AM,1,1. No Traffic Control,5.Hampton Roads,1. No Adverse Condition (Clear/Cloudy),2. No,YOUNG
Not ALCIHOL,Not UNBELTED,BIKE,13. Bicyclist,7/21/2014,7/21/2014,20. Motor Vehicle In Transport,1629,C.Non-Visible Injury,Williamsburg,Urban,20. Motor Vehicle In Transport,3PM TO 6PM,137.Williamsburg,"2,402",Intersection,Monday,Not DEER,1,142310003,"1.Divided, no control of access",2. Shoulder,E.Urban Other Principle Arterials; Connecting Links of Other Rural Principal Arterial,Not GUARDRAIL,Not HIT_RUN,1,2. Two Approaches,142310003,0,0,Not LRTRUCK,2. Daylight,MAINLINE,MAIN,Not MOTORCYCLE,398129.  4700645       US00060       US00060,PRI_URBAN,1,Not PED,1,5,NOT-RD,9. Within Intersection,236.98,1. Straight - Level,"3. Two-Way, Divided, Positive Median Barrier",1. Dry,R-VA   US00060EB,3. No,Not SENIOR,Not SPEED,3PM TO 6PM,1,6. Traffic Lanes Marked,5.Hampton Roads,1. No Adverse Condition (Clear/Cloudy),2. No,YOUNG
Not ALCIHOL,Not UNBELTED,BIKE,13. Bicyclist,7/23/2014,7/23/2014,22. Bicycle,1435,C.Non-Visible Injury,Newport News,Urban,22. Bicycle,12PM TO 3PM,121.Newport News,"1,827",Intersection,Wednesday,Not DEER,1,150130001,"2.Divided, partial control of access",1. On Roadway,B.Urban Freeways and Expressways; Connecting Links of Rural Principle Arterial,Not GUARDRAIL,Not HIT_RUN,1,3. Three Approaches,150130001,0,0,Not LRTRUCK,2. Daylight,MAINLINE,MAIN,Not MOTORCYCLE,646359. 12100006      12107027      12107027,SEC_URBAN,1,Not PED,1,5,NOT-RD,9. Within Intersection,0.35,1. Straight - Level,"3. Two-Way, Divided, Positive Median Barrier",1. Dry,R-VA121UR00006WB,3. No,Not SENIOR,Not SPEED,12PM TO 3PM,1,3. Traffic Signal,5.Hampton Roads,1. No Adverse Condition (Clear/Cloudy),2. No,YOUNG