Alcohol Notalcohol,Belted Unbelted,Bike Nonbike,Collision Type,CRASH_DT (copy),Crash Dt,Crash Event Type Dsc,Crash Military Tm,Crash Severity,Juris Name Used,Area Type Used,First Harmful Event of Entire Crash,Time Slicing Used,Phy_Juris_Nm,Offset-Ft,Intersection Analysis,Day Of Week,Deer Nodeer,TOTAL CRASH,Document Nbr,FAC,First Harmful Event,FUN,Gr Nogr,Hitrun Not Hitrun,Injury Crashes,Intersection Type,Int Doc,K_CRASH,K People,Lgtruck Nonlgtruck,Light Condition,MAINLINE (group),Mainline Yn,Motor Nonmotor,Node Info,Ownership,Total People Killed & Injured,Ped Nonped,Persons Injured,VSP_Used,Rd Type,Relation To Roadway,Rns Mp,Roadway Alignment,Roadway Description,Roadway Surface Cond,Rte Nm,School Zone,Senior Notsenior,Speed Notspeed,Time Slicing,Total Crashes including Property Damage Only,Traffic Control Type,District_Used ,Weather Condition,Work Zone Related,Young Notyoung
Not ALCIHOL,Not UNBELTED,BIKE,2. Angle,3/22/2013,3/22/2013,20. Motor Vehicle In Transport,640,B.Visiible Injury,Virginia Beach,Urban,20. Motor Vehicle In Transport,6AM TO 9AM,134.Virginia Beach,48,Intersection,Friday,Not DEER,1,130835091,"1.Divided, no control of access",1. On Roadway,H.Urban Minor Arterial,Not GUARDRAIL,HIT_RUN,1,3. Three Approaches,130835091,0,0,Not LRTRUCK,4. Darkness - Road Lighted,MAINLINE,MAIN,Not MOTORCYCLE,541254. 13400007      13400007      13408661,SEC_URBAN,1,Not PED,1,5,NOT-RD,9. Within Intersection,2.07,1. Straight - Level,"1. Two-Way, Not Divided",1. Dry,R-VA134UR00007WB,3. No,Not SENIOR,Not SPEED,6AM TO 9AM,1,4. Stop Sign,5.Hampton Roads,1. No Adverse Condition (Clear/Cloudy),2. No,Not YOUNG
Not ALCIHOL,Not UNBELTED,BIKE,13. Bicyclist,8/13/2014,8/13/2014,22. Bicycle,1110,B.Visiible Injury,Norfolk,Urban,22. Bicycle,9AM TO 12PM,122.Norfolk,,Not Intersection,Wednesday,Not DEER,1,142400027,,1. On Roadway,,Not GUARDRAIL,Not HIT_RUN,1,1. Not at Intersection,,0,0,Not LRTRUCK,2. Daylight,MAINLINE,,Not MOTORCYCLE,.,SEC_URBAN,1,Not PED,1,5,NOT-RD,8. Non-Intersection,,1. Straight - Level,"1. Two-Way, Not Divided",1. Dry,U-VA122SC99999UK,3. No,Not SENIOR,Not SPEED,9AM TO 12PM,1,1. No Traffic Control,5.Hampton Roads,1. No Adverse Condition (Clear/Cloudy),2. No,Not YOUNG
Not ALCIHOL,Not UNBELTED,BIKE,2. Angle,8/13/2014,8/13/2014,22. Bicycle,1453,B.Visiible Injury,Virginia Beach,Urban,22. Bicycle,12PM TO 3PM,134.Virginia Beach,"1,119",Intersection,Wednesday,Not DEER,1,142265260,"0.Two-way, non-divided",1. On Roadway,H.Urban Minor Arterial,Not GUARDRAIL,Not HIT_RUN,1,4. Four Approaches,142265260,0,0,Not LRTRUCK,2. Daylight,MAINLINE,MAIN,Not MOTORCYCLE,541091. 13408721     C7US00058     C7US00058,PRI_URBAN,1,Not PED,1,5,NOT-RD,9. Within Intersection,3.54,1. Straight - Level,"1. Two-Way, Not Divided",1. Dry,R-VA   US00058EBBUS007,3. No,Not SENIOR,SPEED,12PM TO 3PM,1,3. Traffic Signal,5.Hampton Roads,1. No Adverse Condition (Clear/Cloudy),2. No,Not YOUNG
Not ALCIHOL,Not UNBELTED,BIKE,13. Bicyclist,8/14/2014,8/14/2014,22. Bicycle,1630,B.Visiible Injury,Newport News,Urban,22. Bicycle,3PM TO 6PM,121.Newport News,,Not Intersection,Thursday,Not DEER,1,142740041,,1. On Roadway,,Not GUARDRAIL,HIT_RUN,1,3. Three Approaches,,0,0,Not LRTRUCK,2. Daylight,MAINLINE,,Not MOTORCYCLE,.,SEC_URBAN,1,Not PED,1,5,NOT-RD,9. Within Intersection,,1. Straight - Level,"1. Two-Way, Not Divided",1. Dry,U-VA121SC99999UK,3. No,Not SENIOR,Not SPEED,3PM TO 6PM,1,4. Stop Sign,5.Hampton Roads,1. No Adverse Condition (Clear/Cloudy),2. No,Not YOUNG
Not ALCIHOL,Not UNBELTED,BIKE,16. Other,8/16/2014,8/16/2014,20. Motor Vehicle In Transport,1800,B.Visiible Injury,Virginia Beach,Urban,20. Motor Vehicle In Transport,3PM TO 6PM,134.Virginia Beach,11,Intersection,Saturday,Not DEER,1,142305176,"0.Two-way, non-divided",1. On Roadway,H.Urban Minor Arterial,Not GUARDRAIL,Not HIT_RUN,1,4. Four Approaches,142305176,0,0,Not LRTRUCK,2. Daylight,MAINLINE,MAIN,Not MOTORCYCLE,541493. 13408669      13408669      13408724      13408724,SEC_URBAN,1,Not PED,1,5,NOT-RD,9. Within Intersection,22.53,1. Straight - Level,"1. Two-Way, Not Divided",1. Dry,R-VA134UR08669NB,3. No,Not SENIOR,Not SPEED,3PM TO 6PM,1,3. Traffic Signal,5.Hampton Roads,1. No Adverse Condition (Clear/Cloudy),2. No,Not YOUNG
Not ALCIHOL,Not UNBELTED,BIKE,2. Angle,8/19/2014,8/19/2014,22. Bicycle,1320,B.Visiible Injury,Virginia Beach,Urban,22. Bicycle,12PM TO 3PM,134.Virginia Beach,,Not Intersection,Tuesday,Not DEER,1,142325208,,1. On Roadway,,Not GUARDRAIL,Not HIT_RUN,1,4. Four Approaches,,0,0,Not LRTRUCK,2. Daylight,MAINLINE,,Not MOTORCYCLE,.,SEC_URBAN,2,Not PED,2,5,NOT-RD,9. Within Intersection,,1. Straight - Level,"1. Two-Way, Not Divided",1. Dry,U-VA134SC99999UK,3. No,Not SENIOR,Not SPEED,12PM TO 3PM,1,4. Stop Sign,5.Hampton Roads,1. No Adverse Condition (Clear/Cloudy),2. No,Not YOUNG
Not ALCIHOL,Not UNBELTED,BIKE,4. Sideswipe - Same Direction,8/19/2014,8/19/2014,22. Bicycle,530,B.Visiible Injury,Virginia Beach,Urban,22. Bicycle,3AM TO 6AM,134.Virginia Beach,"2,165",Intersection,Tuesday,Not DEER,1,142355029,"1.Divided, no control of access",1. On Roadway,H.Urban Minor Arterial,Not GUARDRAIL,Not HIT_RUN,1,1. Not at Intersection,142355029,0,0,Not LRTRUCK,4. Darkness - Road Lighted,MAINLINE,MAIN,Not MOTORCYCLE,541143.  SR00165       SR00165      13408730,PRI_URBAN,2,Not PED,2,5,NOT-RD,8. Non-Intersection,29.05,1. Straight - Level,"2. Two-Way, Divided, Unprotected Median",2. Wet,R-VA   SR00165NB,3. No,SENIOR,Not SPEED,3AM TO 6AM,1,6. Traffic Lanes Marked,5.Hampton Roads,5. Rain,2. No,Not YOUNG
Not ALCIHOL,Not UNBELTED,BIKE,2. Angle,3/26/2013,3/26/2013,20. Motor Vehicle In Transport,1600,PDO.Property Damage Only,Franklin,Urban,20. Motor Vehicle In Transport,3PM TO 6PM,145.Franklin,,Not Intersection,Tuesday,Not DEER,1,130905131,,1. On Roadway,,Not GUARDRAIL,Not HIT_RUN,0,4. Four Approaches,,0,0,Not LRTRUCK,2. Daylight,MAINLINE,,Not MOTORCYCLE,.,SEC_URBAN,0,Not PED,0,5,NOT-RD,10. Intersection Related - Within 150 Feet,,1. Straight - Level,"1. Two-Way, Not Divided",1. Dry,U-VA145SC99999UK,3. No,SENIOR,Not SPEED,3PM TO 6PM,1,3. Traffic Signal,5.Hampton Roads,1. No Adverse Condition (Clear/Cloudy),2. No,Not YOUNG
Not ALCIHOL,Not UNBELTED,BIKE,2. Angle,11/28/2015,11/28/2015,22. Bicycle,1723,B.Visiible Injury,Virginia Beach,Urban,22. Bicycle,3PM TO 6PM,134.Virginia Beach,792,Intersection,Saturday,Not DEER,1,153365491,"1.Divided, no control of access",1. On Roadway,H.Urban Minor Arterial,Not GUARDRAIL,HIT_RUN,1,3. Three Approaches,153365491,0,0,Not LRTRUCK,4. Darkness - Road Lighted,MAINLINE,MAIN,Not MOTORCYCLE,542019. 13408723      13408723      13408724,SEC_URBAN,1,Not PED,1,5,NOT-RD,9. Within Intersection,2.82,1. Straight - Level,"2. Two-Way, Divided, Unprotected Median",1. Dry,R-VA134UR08723NB,3. No,Not SENIOR,Not SPEED,3PM TO 6PM,1,4. Stop Sign,5.Hampton Roads,1. No Adverse Condition (Clear/Cloudy),2. No,Not YOUNG
Not ALCIHOL,Not UNBELTED,BIKE,16. Other,8/20/2014,8/20/2014,20. Motor Vehicle In Transport,1410,B.Visiible Injury,Virginia Beach,Urban,20. Motor Vehicle In Transport,12PM TO 3PM,134.Virginia Beach,776,Intersection,Wednesday,Not DEER,1,142695122,"1.Divided, no control of access",1. On Roadway,H.Urban Minor Arterial,Not GUARDRAIL,Not HIT_RUN,1,2. Two Approaches,142695122,0,0,Not LRTRUCK,2. Daylight,MAINLINE,MAIN,Not MOTORCYCLE,541073.  SR00279       US00058       US00058      13408685,PRI_URBAN,1,Not PED,1,5,NOT-RD,9. Within Intersection,0.15,9. Other,"2. Two-Way, Divided, Unprotected Median",1. Dry,R-VA   SR00279SB,3. No,Not SENIOR,Not SPEED,12PM TO 3PM,1,8. Yield Sign,5.Hampton Roads,1. No Adverse Condition (Clear/Cloudy),2. No,Not YOUNG
Not ALCIHOL,Not UNBELTED,BIKE,2. Angle,8/20/2014,8/20/2014,22. Bicycle,1610,B.Visiible Injury,Virginia Beach,Urban,22. Bicycle,3PM TO 6PM,134.Virginia Beach,,Not Intersection,Wednesday,Not DEER,1,142335030,,1. On Roadway,,Not GUARDRAIL,Not HIT_RUN,1,3. Three Approaches,,0,0,Not LRTRUCK,2. Daylight,MAINLINE,,Not MOTORCYCLE,.,SEC_URBAN,1,Not PED,1,5,NOT-RD,9. Within Intersection,,1. Straight - Level,"1. Two-Way, Not Divided",1. Dry,U-VA134SC99999UK,3. No,Not SENIOR,Not SPEED,3PM TO 6PM,1,4. Stop Sign,5.Hampton Roads,1. No Adverse Condition (Clear/Cloudy),2. No,YOUNG
Not ALCIHOL,Not UNBELTED,BIKE,3. Head On,8/20/2014,8/20/2014,22. Bicycle,2036,B.Visiible Injury,Suffolk,Urban,22. Bicycle,6PM TO 9PM,133.Suffolk,,Not Intersection,Wednesday,Not DEER,1,143655104,,1. On Roadway,,Not GUARDRAIL,Not HIT_RUN,1,4. Four Approaches,,0,0,Not LRTRUCK,3. Dusk,MAINLINE,,Not MOTORCYCLE,.,PRI_URBAN,1,Not PED,1,5,RD-UNKNOWN,10. Intersection Related - Within 150 Feet,2.72,1. Straight - Level,"3. Two-Way, Divided, Positive Median Barrier",1. Dry,R-VA   US00013NBBUS005,3. No,Not SENIOR,Not SPEED,6PM TO 9PM,1,3. Traffic Signal,5.Hampton Roads,1. No Adverse Condition (Clear/Cloudy),2. No,YOUNG
Not ALCIHOL,Not UNBELTED,BIKE,2. Angle,8/21/2014,8/21/2014,22. Bicycle,1559,B.Visiible Injury,Virginia Beach,Urban,22. Bicycle,3PM TO 6PM,134.Virginia Beach,37,Intersection,Thursday,Not DEER,1,142385151,"4.One-way, part of a one-way system",1. On Roadway,A.Urban Interstate,Not GUARDRAIL,Not HIT_RUN,1,1. Not at Intersection,142385151,0,0,Not LRTRUCK,2. Daylight,RAMP,NOT_MAIN,Not MOTORCYCLE,541258.  IS00264W021A 13400009      13400009,VDOT_IS,1,Not PED,1,5,NOT-RD,8. Non-Intersection,0.17,10. On/Off Ramp,"2. Two-Way, Divided, Unprotected Median",1. Dry,R-VA   IS00264WB      RMP021.00A,3. No,SENIOR,Not SPEED,3PM TO 6PM,1,3. Traffic Signal,5.Hampton Roads,1. No Adverse Condition (Clear/Cloudy),2. No,Not YOUNG
ALCOHOL,Not UNBELTED,BIKE,2. Angle,8/21/2014,8/21/2014,20. Motor Vehicle In Transport,1816,A.Ambulatory Injury,Virginia Beach,Urban,20. Motor Vehicle In Transport,6PM TO 9PM,134.Virginia Beach,,Not Intersection,Thursday,Not DEER,1,142495142,,1. On Roadway,,Not GUARDRAIL,Not HIT_RUN,1,4. Four Approaches,,0,0,Not LRTRUCK,2. Daylight,MAINLINE,,Not MOTORCYCLE,.,SEC_URBAN,1,Not PED,1,5,NOT-RD,9. Within Intersection,,1. Straight - Level,"1. Two-Way, Not Divided",1. Dry,U-VA134SC99999UK,3. No,Not SENIOR,SPEED,6PM TO 9PM,1,14. Ped Crosswalk,5.Hampton Roads,1. No Adverse Condition (Clear/Cloudy),2. No,Not YOUNG
Not ALCIHOL,Not UNBELTED,BIKE,4. Sideswipe - Same Direction,8/22/2014,8/22/2014,22. Bicycle,210,B.Visiible Injury,Virginia Beach,Urban,22. Bicycle,0AM TO 3AM,134.Virginia Beach,269,Intersection,Friday,Not DEER,1,142475024,"0.Two-way, non-divided",1. On Roadway,I.Urban Collector,Not GUARDRAIL,Not HIT_RUN,1,1. Not at Intersection,142475024,0,0,Not LRTRUCK,4. Darkness - Road Lighted,MAINLINE,MAIN,Not MOTORCYCLE,541106.  US00060       US00060      13408818,SEC_URBAN,2,Not PED,2,5,NOT-RD,1. Main-Line Roadway,1.06,1. Straight - Level,"2. Two-Way, Divided, Unprotected Median",1. Dry,R-VA134UR08818WB,3. No,Not SENIOR,Not SPEED,0AM TO 3AM,1,6. Traffic Lanes Marked,5.Hampton Roads,1. No Adverse Condition (Clear/Cloudy),2. No,Not YOUNG
Not ALCIHOL,Not UNBELTED,BIKE,13. Bicyclist,8/22/2014,8/22/2014,22. Bicycle,1820,B.Visiible Injury,Newport News,Urban,22. Bicycle,6PM TO 9PM,121.Newport News,,Not Intersection,Friday,Not DEER,1,142740076,,1. On Roadway,,Not GUARDRAIL,Not HIT_RUN,1,4. Four Approaches,,0,0,Not LRTRUCK,2. Daylight,MAINLINE,,Not MOTORCYCLE,.,SEC_URBAN,1,Not PED,1,5,NOT-RD,9. Within Intersection,,1. Straight - Level,"3. Two-Way, Divided, Positive Median Barrier",1. Dry,U-VA121SC99999UK,3. No,Not SENIOR,SPEED,6PM TO 9PM,1,3. Traffic Signal,5.Hampton Roads,1. No Adverse Condition (Clear/Cloudy),2. No,Not YOUNG
Not ALCIHOL,Not UNBELTED,BIKE,2. Angle,8/22/2014,8/22/2014,22. Bicycle,1427,B.Visiible Injury,Virginia Beach,Urban,22. Bicycle,12PM TO 3PM,134.Virginia Beach,391,Intersection,Friday,Not DEER,1,142465064,"0.Two-way, non-divided",1. On Roadway,I.Urban Collector,Not GUARDRAIL,Not HIT_RUN,1,3. Three Approaches,142465064,0,0,Not LRTRUCK,2. Daylight,MAINLINE,MAIN,Not MOTORCYCLE,542061. 13408726      13408726      13408750,SEC_URBAN,1,Not PED,1,5,NOT-RD,9. Within Intersection,1.33,1. Straight - Level,"1. Two-Way, Not Divided",1. Dry,R-VA134UR08726SB,1. Yes,Not SENIOR,Not SPEED,12PM TO 3PM,1,14. Ped Crosswalk,5.Hampton Roads,1. No Adverse Condition (Clear/Cloudy),2. No,Not YOUNG
Not ALCIHOL,Not UNBELTED,BIKE,2. Angle,3/28/2013,3/28/2013,22. Bicycle,1720,A.Ambulatory Injury,Norfolk,Urban,22. Bicycle,3PM TO 6PM,122.Norfolk,"5,180",Intersection,Thursday,Not DEER,1,131510035,"0.Two-way, non-divided",1. On Roadway,I.Urban Collector,Not GUARDRAIL,HIT_RUN,1,4. Four Approaches,131510035,0,0,Not LRTRUCK,2. Daylight,MAINLINE,MAIN,Not MOTORCYCLE,483165.  US00060       US00060      12208766      12208766,SEC_URBAN,1,Not PED,1,5,NOT-RD,9. Within Intersection,0.20,1. Straight - Level,"1. Two-Way, Not Divided",1. Dry,R-VA122UR08766EB,3. No,Not SENIOR,Not SPEED,3PM TO 6PM,1,4. Stop Sign,5.Hampton Roads,1. No Adverse Condition (Clear/Cloudy),2. No,Not YOUNG
Not ALCIHOL,Not UNBELTED,BIKE,2. Angle,4/2/2013,4/2/2013,22. Bicycle,1812,B.Visiible Injury,Virginia Beach,Urban,22. Bicycle,6PM TO 9PM,134.Virginia Beach,0,Intersection,Tuesday,Not DEER,1,130955176,"2.Divided, partial control of access",1. On Roadway,E.Urban Other Principle Arterials; Connecting Links of Other Rural Principal Arterial,Not GUARDRAIL,Not HIT_RUN,1,4. Four Approaches,130955176,0,0,Not LRTRUCK,2. Daylight,MAINLINE,MAIN,Not MOTORCYCLE,541014.  SR00166       US00013       US00013      13400008,PRI_URBAN,1,Not PED,1,5,NOT-RD,9. Within Intersection,51.64,1. Straight - Level,"3. Two-Way, Divided, Positive Median Barrier",1. Dry,R-VA   US00013NB,3. No,Not SENIOR,Not SPEED,6PM TO 9PM,1,3. Traffic Signal,5.Hampton Roads,1. No Adverse Condition (Clear/Cloudy),2. No,YOUNG
Not ALCIHOL,Not UNBELTED,BIKE,2. Angle,4/2/2013,4/2/2013,22. Bicycle,1634,A.Ambulatory Injury,Suffolk,Urban,22. Bicycle,3PM TO 6PM,133.Suffolk,,Not Intersection,Tuesday,Not DEER,1,130995060,,1. On Roadway,,Not GUARDRAIL,Not HIT_RUN,1,4. Four Approaches,,0,0,Not LRTRUCK,2. Daylight,MAINLINE,,Not MOTORCYCLE,.,PRI_URBAN,1,Not PED,1,5,NOT-RD,9. Within Intersection,93.19,1. Straight - Level,"1. Two-Way, Not Divided",1. Dry,R-VA   SR00010WB,3. No,Not SENIOR,Not SPEED,3PM TO 6PM,1,3. Traffic Signal,5.Hampton Roads,1. No Adverse Condition (Clear/Cloudy),2. No,Not YOUNG
Not ALCIHOL,Not UNBELTED,BIKE,2. Angle,11/30/2015,11/30/2015,22. Bicycle,1735,C.Non-Visible Injury,Norfolk,Urban,22. Bicycle,3PM TO 6PM,122.Norfolk,0,Intersection,Monday,Not DEER,1,160130075,"0.Two-way, non-divided",1. On Roadway,I.Urban Collector,Not GUARDRAIL,Not HIT_RUN,1,4. Four Approaches,160130075,0,0,Not LRTRUCK,4. Darkness - Road Lighted,MAINLINE,MAIN,Not MOTORCYCLE,485461. 12208607      12208607      12208641      12208641,SEC_URBAN,1,Not PED,1,5,NOT-RD,9. Within Intersection,0.50,1. Straight - Level,"1. Two-Way, Not Divided",2. Wet,R-VA122UR08607EB,3. No,Not SENIOR,Not SPEED,3PM TO 6PM,1,3. Traffic Signal,5.Hampton Roads,5. Rain,2. No,Not YOUNG
Not ALCIHOL,Not UNBELTED,BIKE,5. Sideswipe - Opposite Direction,12/1/2015,12/1/2015,22. Bicycle,2225,PDO.Property Damage Only,Virginia Beach,Urban,22. Bicycle,9PM TO 12AM,134.Virginia Beach,"1,901",Intersection,Tuesday,Not DEER,1,153375202,"0.Two-way, non-divided",1. On Roadway,H.Urban Minor Arterial,Not GUARDRAIL,Not HIT_RUN,0,1. Not at Intersection,153375202,0,0,Not LRTRUCK,4. Darkness - Road Lighted,MAINLINE,MAIN,Not MOTORCYCLE,541168.  SR00190       SR00190      13408661      13408661,SEC_URBAN,0,Not PED,0,5,RD-UNKNOWN,8. Non-Intersection,0.75,1. Straight - Level,"1. Two-Way, Not Divided",1. Dry,R-VA134UR08661SB,3. No,Not SENIOR,Not SPEED,9PM TO 12AM,1,6. Traffic Lanes Marked,5.Hampton Roads,3. Fog,2. No,Not YOUNG
Not ALCIHOL,Not UNBELTED,BIKE,2. Angle,4/4/2013,4/4/2013,22. Bicycle,1357,A.Ambulatory Injury,Virginia Beach,Urban,22. Bicycle,12PM TO 3PM,134.Virginia Beach,829,Intersection,Thursday,Not DEER,1,130995041,"0.Two-way, non-divided",1. On Roadway,H.Urban Minor Arterial,Not GUARDRAIL,Not HIT_RUN,1,1. Not at Intersection,130995041,0,0,Not LRTRUCK,2. Daylight,MAINLINE,MAIN,Not MOTORCYCLE,541095. 13400009      13408726     C7US00058     C7US00058,PRI_URBAN,2,Not PED,2,5,NOT-RD,1. Main-Line Roadway,1.61,1. Straight - Level,"1. Two-Way, Not Divided",1. Dry,R-VA   US00058EBBUS007,3. No,Not SENIOR,Not SPEED,12PM TO 3PM,1,6. Traffic Lanes Marked,5.Hampton Roads,1. No Adverse Condition (Clear/Cloudy),2. No,Not YOUNG
Not ALCIHOL,Not UNBELTED,BIKE,4. Sideswipe - Same Direction,4/6/2013,4/6/2013,22. Bicycle,1055,B.Visiible Injury,Chesapeake,Urban,22. Bicycle,9AM TO 12PM,131.Chesapeake,"2,534",Intersection,Saturday,Not DEER,1,130975080,"0.Two-way, non-divided",1. On Roadway,I.Urban Collector,Not GUARDRAIL,Not HIT_RUN,1,3. Three Approaches,130975080,0,0,Not LRTRUCK,2. Daylight,MAINLINE,MAIN,Not MOTORCYCLE,751750.  SR00168S008B 13100010      13100010,SEC_URBAN,1,Not PED,1,5,NOT-RD,9. Within Intersection,1.54,1. Straight - Level,"1. Two-Way, Not Divided",1. Dry,R-VA131UR00010EB,3. No,Not SENIOR,Not SPEED,9AM TO 12PM,1,6. Traffic Lanes Marked,5.Hampton Roads,1. No Adverse Condition (Clear/Cloudy),2. No,Not YOUNG
Not ALCIHOL,Not UNBELTED,BIKE,2. Angle,4/6/2013,4/6/2013,22. Bicycle,954,B.Visiible Injury,Virginia Beach,Urban,22. Bicycle,9AM TO 12PM,134.Virginia Beach,"3,274",Intersection,Saturday,Not DEER,1,130995050,"0.Two-way, non-divided",1. On Roadway,H.Urban Minor Arterial,Not GUARDRAIL,Not HIT_RUN,1,4. Four Approaches,130995050,0,0,Not LRTRUCK,2. Daylight,MAINLINE,MAIN,Not MOTORCYCLE,541493. 13408669      13408669      13408724      13408724,SEC_URBAN,1,Not PED,1,5,NOT-RD,9. Within Intersection,21.91,1. Straight - Level,"1. Two-Way, Not Divided",1. Dry,R-VA134UR08669NB,3. No,SENIOR,Not SPEED,9AM TO 12PM,1,3. Traffic Signal,5.Hampton Roads,1. No Adverse Condition (Clear/Cloudy),2. No,Not YOUNG
Not ALCIHOL,Not UNBELTED,BIKE,8. Non-Collision,12/6/2015,12/6/2015,41. Non-Collision Unknown,1430,B.Visiible Injury,Virginia Beach,Urban,41. Non-Collision Unknown,12PM TO 3PM,134.Virginia Beach,364,Intersection,Sunday,Not DEER,1,153455321,"0.Two-way, non-divided",1. On Roadway,I.Urban Collector,Not GUARDRAIL,HIT_RUN,1,1. Not at Intersection,153455321,0,0,Not LRTRUCK,2. Daylight,MAINLINE,MAIN,Not MOTORCYCLE,541838. 13408711      13408711      13408733,SEC_URBAN,1,Not PED,1,5,RD-UNKNOWN,1. Main-Line Roadway,1.98,1. Straight - Level,"1. Two-Way, Not Divided",1. Dry,R-VA134UR08711NB,3. No,Not SENIOR,Not SPEED,12PM TO 3PM,1,6. Traffic Lanes Marked,5.Hampton Roads,1. No Adverse Condition (Clear/Cloudy),2. No,Not YOUNG
Not ALCIHOL,Not UNBELTED,BIKE,2. Angle,8/23/2014,8/23/2014,20. Motor Vehicle In Transport,1732,B.Visiible Injury,Newport News,Urban,20. Motor Vehicle In Transport,3PM TO 6PM,121.Newport News,,Not Intersection,Saturday,Not DEER,1,142740086,,1. On Roadway,,Not GUARDRAIL,Not HIT_RUN,1,4. Four Approaches,,0,0,Not LRTRUCK,2. Daylight,MAINLINE,,Not MOTORCYCLE,.,SEC_URBAN,1,Not PED,1,5,NOT-RD,9. Within Intersection,,3. Grade - Straight,"3. Two-Way, Divided, Positive Median Barrier",1. Dry,U-VA121SC99999UK,3. No,Not SENIOR,Not SPEED,3PM TO 6PM,1,3. Traffic Signal,5.Hampton Roads,1. No Adverse Condition (Clear/Cloudy),2. No,YOUNG
Not ALCIHOL,Not UNBELTED,BIKE,2. Angle,8/24/2014,8/24/2014,22. Bicycle,1950,B.Visiible Injury,Virginia Beach,Urban,22. Bicycle,6PM TO 9PM,134.Virginia Beach,"4,150",Intersection,Sunday,Not DEER,1,142375190,"0.Two-way, non-divided",1. On Roadway,H.Urban Minor Arterial,Not GUARDRAIL,Not HIT_RUN,1,3. Three Approaches,142375190,0,0,Not LRTRUCK,4. Darkness - Road Lighted,MAINLINE,MAIN,Not MOTORCYCLE,541436. 13408667      13408667      13408779      13408805,SEC_URBAN,1,Not PED,1,5,NOT-RD,9. Within Intersection,0.77,1. Straight - Level,"1. Two-Way, Not Divided",1. Dry,R-VA134UR08779NB,1. Yes,Not SENIOR,Not SPEED,6PM TO 9PM,1,4. Stop Sign,5.Hampton Roads,1. No Adverse Condition (Clear/Cloudy),2. No,Not YOUNG
Not ALCIHOL,Not UNBELTED,BIKE,2. Angle,8/25/2014,8/25/2014,22. Bicycle,858,B.Visiible Injury,Norfolk,Urban,22. Bicycle,6AM TO 9AM,122.Norfolk,"1,320",Intersection,Monday,Not DEER,1,142375205,"0.Two-way, non-divided",1. On Roadway,I.Urban Collector,Not GUARDRAIL,Not HIT_RUN,1,4. Four Approaches,142375205,0,0,Not LRTRUCK,2. Daylight,MAINLINE,MAIN,Not MOTORCYCLE,485060. 12208562      12208564      12208564,SEC_URBAN,1,Not PED,1,5,NOT-RD,9. Within Intersection,0.25,1. Straight - Level,"3. Two-Way, Divided, Positive Median Barrier",1. Dry,R-VA122UR08562WB,2. Yes - With School Activity,Not SENIOR,Not SPEED,6AM TO 9AM,1,14. Ped Crosswalk,5.Hampton Roads,1. No Adverse Condition (Clear/Cloudy),2. No,YOUNG
Not ALCIHOL,Not UNBELTED,BIKE,2. Angle,8/25/2014,8/25/2014,22. Bicycle,858,B.Visiible Injury,Norfolk,Urban,22. Bicycle,6AM TO 9AM,122.Norfolk,"1,309",Intersection,Monday,Not DEER,1,142480043,"0.Two-way, non-divided",1. On Roadway,I.Urban Collector,Not GUARDRAIL,Not HIT_RUN,1,4. Four Approaches,142480043,0,0,Not LRTRUCK,2. Daylight,MAINLINE,MAIN,Not MOTORCYCLE,485060. 12208562      12208564      12208564,SEC_URBAN,1,Not PED,1,5,NOT-RD,9. Within Intersection,0.25,1. Straight - Level,"3. Two-Way, Divided, Positive Median Barrier",1. Dry,R-VA122UR08562WB,2. Yes - With School Activity,Not SENIOR,Not SPEED,6AM TO 9AM,1,14. Ped Crosswalk,5.Hampton Roads,1. No Adverse Condition (Clear/Cloudy),2. No,YOUNG
Not ALCIHOL,Not UNBELTED,BIKE,3. Head On,8/26/2014,8/26/2014,22. Bicycle,1731,PDO.Property Damage Only,Virginia Beach,Urban,22. Bicycle,3PM TO 6PM,134.Virginia Beach,232,Intersection,Tuesday,Not DEER,1,142475218,"0.Two-way, non-divided",1. On Roadway,I.Urban Collector,Not GUARDRAIL,Not HIT_RUN,0,3. Three Approaches,142475218,0,0,Not LRTRUCK,2. Daylight,MAINLINE,MAIN,Not MOTORCYCLE,877019.  SR00403       SR00403      13408819,SEC_URBAN,0,Not PED,0,5,NOT-RD,10. Intersection Related - Within 150 Feet,0.00,1. Straight - Level,"1. Two-Way, Not Divided",1. Dry,R-VA134UR08819EB,3. No,Not SENIOR,Not SPEED,3PM TO 6PM,1,6. Traffic Lanes Marked,5.Hampton Roads,1. No Adverse Condition (Clear/Cloudy),2. No,YOUNG
Not ALCIHOL,Not UNBELTED,BIKE,2. Angle,12/8/2015,12/8/2015,22. Bicycle,1101,B.Visiible Injury,Virginia Beach,Urban,22. Bicycle,9AM TO 12PM,134.Virginia Beach,79,Intersection,Tuesday,Not DEER,1,153435202,"1.Divided, no control of access",1. On Roadway,H.Urban Minor Arterial,Not GUARDRAIL,Not HIT_RUN,1,4. Four Approaches,153435202,0,0,Not LRTRUCK,2. Daylight,MAINLINE,MAIN,Not MOTORCYCLE,541171.  SR00190       SR00190      13400007      13408590,PRI_URBAN,1,Not PED,1,5,NOT-RD,10. Intersection Related - Within 150 Feet,9.85,1. Straight - Level,"2. Two-Way, Divided, Unprotected Median",1. Dry,R-VA   SR00190WB,3. No,Not SENIOR,Not SPEED,9AM TO 12PM,1,3. Traffic Signal,5.Hampton Roads,1. No Adverse Condition (Clear/Cloudy),2. No,YOUNG