Alcohol Notalcohol,Belted Unbelted,Bike Nonbike,Collision Type,CRASH_DT (copy),Crash Dt,Crash Event Type Dsc,Crash Military Tm,Crash Severity,Juris Name Used,Area Type Used,First Harmful Event of Entire Crash,Time Slicing Used,Phy_Juris_Nm,Offset-Ft,Intersection Analysis,Day Of Week,Deer Nodeer,TOTAL CRASH,Document Nbr,FAC,First Harmful Event,FUN,Gr Nogr,Hitrun Not Hitrun,Injury Crashes,Intersection Type,Int Doc,K_CRASH,K People,Lgtruck Nonlgtruck,Light Condition,MAINLINE (group),Mainline Yn,Motor Nonmotor,Node Info,Ownership,Total People Killed & Injured,Ped Nonped,Persons Injured,VSP_Used,Rd Type,Relation To Roadway,Rns Mp,Roadway Alignment,Roadway Description,Roadway Surface Cond,Rte Nm,School Zone,Senior Notsenior,Speed Notspeed,Time Slicing,Total Crashes including Property Damage Only,Traffic Control Type,District_Used ,Weather Condition,Work Zone Related,Young Notyoung
Not ALCIHOL,Not UNBELTED,BIKE,2. Angle,10/19/2014,10/19/2014,20. Motor Vehicle In Transport,1831,B.Visiible Injury,Virginia Beach,Urban,20. Motor Vehicle In Transport,6PM TO 9PM,134.Virginia Beach,,Not Intersection,Sunday,Not DEER,1,142965174,,1. On Roadway,,Not GUARDRAIL,Not HIT_RUN,1,1. Not at Intersection,,0,0,Not LRTRUCK,2. Daylight,MAINLINE,,Not MOTORCYCLE,.,SEC_URBAN,1,Not PED,1,5,NOT-RD,8. Non-Intersection,,1. Straight - Level,"1. Two-Way, Not Divided",1. Dry,U-VA134SC99999UK,3. No,Not SENIOR,Not SPEED,6PM TO 9PM,1,4. Stop Sign,5.Hampton Roads,1. No Adverse Condition (Clear/Cloudy),2. No,Not YOUNG
Not ALCIHOL,Not UNBELTED,BIKE,1. Rear End,6/3/2013,6/3/2013,22. Bicycle,615,B.Visiible Injury,Virginia Beach,Urban,22. Bicycle,6AM TO 9AM,134.Virginia Beach,"7,603",Intersection,Monday,Not DEER,1,131565356,"1.Divided, no control of access",1. On Roadway,I.Urban Collector,Not GUARDRAIL,HIT_RUN,1,1. Not at Intersection,131565356,0,0,Not LRTRUCK,2. Daylight,MAINLINE,MAIN,Not MOTORCYCLE,541475. 13408669      13408669      13408688      13408688,SEC_URBAN,1,Not PED,1,5,NOT-RD,8. Non-Intersection,5.94,1. Straight - Level,"2. Two-Way, Divided, Unprotected Median",1. Dry,R-VA134UR08688WB,3. No,Not SENIOR,Not SPEED,6AM TO 9AM,1,6. Traffic Lanes Marked,5.Hampton Roads,1. No Adverse Condition (Clear/Cloudy),2. No,Not YOUNG
Not ALCIHOL,Not UNBELTED,BIKE,2. Angle,6/5/2013,6/5/2013,22. Bicycle,1045,B.Visiible Injury,Virginia Beach,Urban,22. Bicycle,9AM TO 12PM,134.Virginia Beach,195,Intersection,Wednesday,Not DEER,1,131575096,"1.Divided, no control of access",1. On Roadway,I.Urban Collector,Not GUARDRAIL,Not HIT_RUN,1,3. Three Approaches,131575096,0,0,LRTRUCK,2. Daylight,MAINLINE,MAIN,Not MOTORCYCLE,541622. 13408681      13408681      13408705,SEC_URBAN,1,Not PED,1,5,NOT-RD,10. Intersection Related - Within 150 Feet,0.04,2. Curve - Level,"1. Two-Way, Not Divided",1. Dry,R-VA134UR08705EB,3. No,SENIOR,Not SPEED,9AM TO 12PM,1,6. Traffic Lanes Marked,5.Hampton Roads,1. No Adverse Condition (Clear/Cloudy),2. No,Not YOUNG
Not ALCIHOL,Not UNBELTED,BIKE,2. Angle,10/20/2014,10/20/2014,22. Bicycle,1950,B.Visiible Injury,Chesapeake,Urban,22. Bicycle,6PM TO 9PM,131.Chesapeake,"2,450",Intersection,Monday,Not DEER,1,142935402,"0.Two-way, non-divided",1. On Roadway,H.Urban Minor Arterial,Not GUARDRAIL,Not HIT_RUN,1,1. Not at Intersection,142935402,0,0,Not LRTRUCK,4. Darkness - Road Lighted,MAINLINE,MAIN,Not MOTORCYCLE,483678.  SR00337       SR00337       US00460       US00460,PRI_URBAN,2,Not PED,2,5,NOT-RD,1. Main-Line Roadway,24.30,1. Straight - Level,"1. Two-Way, Not Divided",1. Dry,R-VA   SR00337WB,3. No,Not SENIOR,Not SPEED,6PM TO 9PM,1,6. Traffic Lanes Marked,5.Hampton Roads,1. No Adverse Condition (Clear/Cloudy),2. No,Not YOUNG
Not ALCIHOL,Not UNBELTED,BIKE,13. Bicyclist,10/21/2014,10/21/2014,22. Bicycle,1730,A.Ambulatory Injury,Norfolk,Urban,22. Bicycle,3PM TO 6PM,122.Norfolk,48,Intersection,Tuesday,Not DEER,1,143250022,"1.Divided, no control of access",1. On Roadway,E.Urban Other Principle Arterials; Connecting Links of Other Rural Principal Arterial,Not GUARDRAIL,Not HIT_RUN,1,4. Four Approaches,143250022,0,0,Not LRTRUCK,3. Dusk,MAINLINE,MAIN,Not MOTORCYCLE,483123.  US00058       US00058      12208642,PRI_URBAN,1,Not PED,1,5,NOT-RD,"15. Other Crossing (Crossing for Bikes, School, etc.)",495.53,1. Straight - Level,"2. Two-Way, Divided, Unprotected Median",1. Dry,R-VA   US00058EB,3. No,SENIOR,Not SPEED,3PM TO 6PM,1,14. Ped Crosswalk,5.Hampton Roads,1. No Adverse Condition (Clear/Cloudy),2. No,Not YOUNG
Not ALCIHOL,Not UNBELTED,BIKE,1. Rear End,10/22/2014,10/22/2014,22. Bicycle,935,C.Non-Visible Injury,Newport News,Urban,22. Bicycle,9AM TO 12PM,121.Newport News,,Not Intersection,Wednesday,Not DEER,1,143290086,,1. On Roadway,,Not GUARDRAIL,Not HIT_RUN,1,4. Four Approaches,,0,0,Not LRTRUCK,2. Daylight,MAINLINE,,Not MOTORCYCLE,.,SEC_URBAN,1,Not PED,1,5,NOT-RD,11. Intersection Related - Outside 150 Feet,,1. Straight - Level,"2. Two-Way, Divided, Unprotected Median",2. Wet,U-VA121SC99999UK,3. No,Not SENIOR,Not SPEED,9AM TO 12PM,1,6. Traffic Lanes Marked,5.Hampton Roads,5. Rain,2. No,Not YOUNG
Not ALCIHOL,Not UNBELTED,BIKE,2. Angle,10/23/2014,10/23/2014,20. Motor Vehicle In Transport,1435,A.Ambulatory Injury,Norfolk,Urban,20. Motor Vehicle In Transport,12PM TO 3PM,122.Norfolk,,Not Intersection,Thursday,Not DEER,1,143240027,,1. On Roadway,,Not GUARDRAIL,Not HIT_RUN,1,2. Two Approaches,,0,0,Not LRTRUCK,2. Daylight,MAINLINE,,Not MOTORCYCLE,.,SEC_URBAN,1,Not PED,1,5,NOT-RD,9. Within Intersection,,1. Straight - Level,"1. Two-Way, Not Divided",1. Dry,U-VA122SC99999UK,3. No,Not SENIOR,Not SPEED,12PM TO 3PM,1,4. Stop Sign,5.Hampton Roads,1. No Adverse Condition (Clear/Cloudy),2. No,Not YOUNG
Not ALCIHOL,Not UNBELTED,BIKE,2. Angle,6/7/2013,6/7/2013,22. Bicycle,910,A.Ambulatory Injury,Newport News,Urban,22. Bicycle,9AM TO 12PM,121.Newport News,"3,458",Intersection,Friday,Not DEER,1,132680124,"1.Divided, no control of access",1. On Roadway,E.Urban Other Principle Arterials; Connecting Links of Other Rural Principal Arterial,Not GUARDRAIL,Not HIT_RUN,1,4. Four Approaches,132680124,0,0,Not LRTRUCK,2. Daylight,MAINLINE,MAIN,Not MOTORCYCLE,646006.  SR00306       US00017       US00017      12107027,PRI_URBAN,1,Not PED,1,5,NOT-RD,1. Main-Line Roadway,53.48,1. Straight - Level,"2. Two-Way, Divided, Unprotected Median",2. Wet,R-VA   US00017SB,3. No,Not SENIOR,Not SPEED,9AM TO 12PM,1,3. Traffic Signal,5.Hampton Roads,5. Rain,2. No,YOUNG
Not ALCIHOL,Not UNBELTED,BIKE,8. Non-Collision,6/9/2013,6/9/2013,42. Other Non-Collision,1040,B.Visiible Injury,Virginia Beach,Urban,42. Other Non-Collision,9AM TO 12PM,134.Virginia Beach,"1,484",Intersection,Sunday,Not DEER,1,131845190,"0.Two-way, non-divided",1. On Roadway,I.Urban Collector,Not GUARDRAIL,HIT_RUN,1,4. Four Approaches,131845190,0,0,Not LRTRUCK,2. Daylight,MAINLINE,MAIN,Not MOTORCYCLE,541058.  US00058       US00058      13408721      13408721,SEC_URBAN,1,Not PED,1,5,NOT-RD,9. Within Intersection,1.28,1. Straight - Level,"2. Two-Way, Divided, Unprotected Median",1. Dry,R-VA134UR08721SB,3. No,Not SENIOR,Not SPEED,9AM TO 12PM,1,4. Stop Sign,5.Hampton Roads,1. No Adverse Condition (Clear/Cloudy),2. No,Not YOUNG
Not ALCIHOL,Not UNBELTED,BIKE,2. Angle,6/10/2013,6/10/2013,20. Motor Vehicle In Transport,2330,C.Non-Visible Injury,Norfolk,Urban,20. Motor Vehicle In Transport,9PM TO 12AM,122.Norfolk,11,Intersection,Monday,Not DEER,1,132770092,"0.Two-way, non-divided",1. On Roadway,H.Urban Minor Arterial,Not GUARDRAIL,Not HIT_RUN,1,4. Four Approaches,132770092,0,0,Not LRTRUCK,4. Darkness - Road Lighted,MAINLINE,MAIN,Not MOTORCYCLE,485299. 12208573      12208573      12208834,SEC_URBAN,1,Not PED,1,5,NOT-RD,1. Main-Line Roadway,1.04,1. Straight - Level,"1. Two-Way, Not Divided",2. Wet,R-VA122UR08573SB,3. No,Not SENIOR,Not SPEED,9PM TO 12AM,1,3. Traffic Signal,5.Hampton Roads,5. Rain,2. No,Not YOUNG
Not ALCIHOL,Not UNBELTED,BIKE,2. Angle,6/11/2013,6/11/2013,20. Motor Vehicle In Transport,1626,B.Visiible Injury,Virginia Beach,Urban,20. Motor Vehicle In Transport,3PM TO 6PM,134.Virginia Beach,"2,006",Intersection,Tuesday,Not DEER,1,131635155,"0.Two-way, non-divided",1. On Roadway,H.Urban Minor Arterial,Not GUARDRAIL,Not HIT_RUN,1,1. Not at Intersection,131635155,0,0,Not LRTRUCK,2. Daylight,MAINLINE,MAIN,Not MOTORCYCLE,541141.  SR00149      13408669      13408669,SEC_URBAN,1,Not PED,1,5,NOT-RD,8. Non-Intersection,16.12,2. Curve - Level,"1. Two-Way, Not Divided",1. Dry,R-VA134UR08669SB,3. No,Not SENIOR,Not SPEED,3PM TO 6PM,1,6. Traffic Lanes Marked,5.Hampton Roads,1. No Adverse Condition (Clear/Cloudy),2. No,YOUNG
Not ALCIHOL,Not UNBELTED,BIKE,2. Angle,6/12/2013,6/12/2013,22. Bicycle,1530,C.Non-Visible Injury,Newport News,Urban,22. Bicycle,3PM TO 6PM,121.Newport News,"3,939",Intersection,Wednesday,Not DEER,1,132820001,"1.Divided, no control of access",4. Roadside,E.Urban Other Principle Arterials; Connecting Links of Other Rural Principal Arterial,Not GUARDRAIL,Not HIT_RUN,1,1. Not at Intersection,132820001,0,0,Not LRTRUCK,2. Daylight,MAINLINE,MAIN,Not MOTORCYCLE,646006.  SR00306       US00017       US00017      12107027,PRI_URBAN,1,Not PED,1,5,RD-UNKNOWN,8. Non-Intersection,53.38,1. Straight - Level,"3. Two-Way, Divided, Positive Median Barrier",1. Dry,R-VA   US00017NB,3. No,Not SENIOR,Not SPEED,3PM TO 6PM,1,6. Traffic Lanes Marked,5.Hampton Roads,1. No Adverse Condition (Clear/Cloudy),2. No,Not YOUNG
Not ALCIHOL,Not UNBELTED,BIKE,2. Angle,6/12/2013,6/12/2013,22. Bicycle,815,A.Ambulatory Injury,Hampton,Urban,22. Bicycle,6AM TO 9AM,114.Hampton,5,Intersection,Wednesday,Not DEER,1,132800118,"0.Two-way, non-divided",1. On Roadway,I.Urban Collector,Not GUARDRAIL,Not HIT_RUN,1,4. Four Approaches,132800118,0,0,Not LRTRUCK,2. Daylight,MAINLINE,MAIN,Not MOTORCYCLE,253131.  US00258       US00258      11407017      11407017,SEC_URBAN,1,Not PED,1,5,NOT-RD,9. Within Intersection,0.17,1. Straight - Level,"2. Two-Way, Divided, Unprotected Median",1. Dry,R-VA114UR07017NB,3. No,Not SENIOR,Not SPEED,6AM TO 9AM,1,3. Traffic Signal,5.Hampton Roads,1. No Adverse Condition (Clear/Cloudy),2. No,Not YOUNG
Not ALCIHOL,Not UNBELTED,BIKE,2. Angle,6/14/2013,6/14/2013,22. Bicycle,1346,B.Visiible Injury,Hampton,Urban,22. Bicycle,12PM TO 3PM,114.Hampton,"2,592",Intersection,Friday,Not DEER,1,132880040,"0.Two-way, non-divided",1. On Roadway,H.Urban Minor Arterial,Not GUARDRAIL,Not HIT_RUN,1,3. Three Approaches,132880040,0,0,Not LRTRUCK,2. Daylight,MAINLINE,MAIN,Not MOTORCYCLE,253501. 11407049      11407049      11407053      11407053,SEC_URBAN,2,Not PED,2,5,NOT-RD,9. Within Intersection,1.91,1. Straight - Level,"1. Two-Way, Not Divided",1. Dry,R-VA114UR07049NB,3. No,Not SENIOR,Not SPEED,12PM TO 3PM,1,4. Stop Sign,5.Hampton Roads,1. No Adverse Condition (Clear/Cloudy),2. No,Not YOUNG
Not ALCIHOL,Not UNBELTED,BIKE,2. Angle,6/15/2013,6/15/2013,20. Motor Vehicle In Transport,918,B.Visiible Injury,Virginia Beach,Urban,20. Motor Vehicle In Transport,9AM TO 12PM,134.Virginia Beach,739,Intersection,Saturday,Not DEER,1,131695010,"0.Two-way, non-divided",1. On Roadway,I.Urban Collector,Not GUARDRAIL,Not HIT_RUN,1,3. Three Approaches,131695010,0,0,Not LRTRUCK,2. Daylight,MAINLINE,MAIN,Not MOTORCYCLE,541303. 13408578      13408719      13408719,SEC_URBAN,2,Not PED,2,5,NOT-RD,9. Within Intersection,1.13,1. Straight - Level,"1. Two-Way, Not Divided",1. Dry,R-VA134UR08719NB,3. No,Not SENIOR,Not SPEED,9AM TO 12PM,1,6. Traffic Lanes Marked,5.Hampton Roads,1. No Adverse Condition (Clear/Cloudy),2. No,Not YOUNG
Not ALCIHOL,Not UNBELTED,BIKE,2. Angle,6/15/2013,6/15/2013,22. Bicycle,1049,B.Visiible Injury,Newport News,Urban,22. Bicycle,9AM TO 12PM,121.Newport News,,Not Intersection,Saturday,Not DEER,1,132880100,,1. On Roadway,,Not GUARDRAIL,Not HIT_RUN,1,1. Not at Intersection,,0,0,Not LRTRUCK,2. Daylight,MAINLINE,,Not MOTORCYCLE,.,SEC_URBAN,1,Not PED,1,5,NOT-RD,8. Non-Intersection,,1. Straight - Level,"1. Two-Way, Not Divided",1. Dry,U-VA121SC99999UK,3. No,SENIOR,Not SPEED,9AM TO 12PM,1,1. No Traffic Control,5.Hampton Roads,1. No Adverse Condition (Clear/Cloudy),2. No,Not YOUNG
Not ALCIHOL,Not UNBELTED,BIKE,2. Angle,6/16/2013,6/16/2013,20. Motor Vehicle In Transport,1601,B.Visiible Injury,Hampton,Urban,20. Motor Vehicle In Transport,3PM TO 6PM,114.Hampton,,Not Intersection,Sunday,Not DEER,1,132890067,,1. On Roadway,,Not GUARDRAIL,Not HIT_RUN,1,3. Three Approaches,,0,0,Not LRTRUCK,2. Daylight,MAINLINE,,Not MOTORCYCLE,.,SEC_URBAN,1,Not PED,1,5,NOT-RD,9. Within Intersection,,1. Straight - Level,"1. Two-Way, Not Divided",1. Dry,U-VA114SC99999UK,3. No,Not SENIOR,Not SPEED,3PM TO 6PM,1,4. Stop Sign,5.Hampton Roads,1. No Adverse Condition (Clear/Cloudy),2. No,Not YOUNG
Not ALCIHOL,Not UNBELTED,BIKE,2. Angle,2/19/2016,2/19/2016,20. Motor Vehicle In Transport,620,B.Visiible Injury,Virginia Beach,Urban,20. Motor Vehicle In Transport,6AM TO 9AM,134.Virginia Beach,74,Intersection,Friday,Not DEER,1,160965185,"0.Two-way, non-divided",1. On Roadway,I.Urban Collector,Not GUARDRAIL,Not HIT_RUN,1,4. Four Approaches,160965185,0,0,Not LRTRUCK,4. Darkness - Road Lighted,MAINLINE,MAIN,Not MOTORCYCLE,541081.  US00058       US00058      13408732,SEC_URBAN,1,Not PED,1,5,NOT-RD,9. Within Intersection,0.01,1. Straight - Level,"1. Two-Way, Not Divided",1. Dry,R-VA134UR08732WB,3. No,Not SENIOR,Not SPEED,6AM TO 9AM,1,3. Traffic Signal,5.Hampton Roads,1. No Adverse Condition (Clear/Cloudy),2. No,Not YOUNG
Not ALCIHOL,Not UNBELTED,BIKE,1. Rear End,2/21/2016,2/21/2016,22. Bicycle,2035,C.Non-Visible Injury,Virginia Beach,Urban,22. Bicycle,6PM TO 9PM,134.Virginia Beach,,Not Intersection,Sunday,Not DEER,1,161675370,,1. On Roadway,,Not GUARDRAIL,HIT_RUN,1,2. Two Approaches,,0,0,Not LRTRUCK,2. Daylight,MAINLINE,,Not MOTORCYCLE,.,SEC_URBAN,1,Not PED,1,5,NOT-RD,9. Within Intersection,,1. Straight - Level,"1. Two-Way, Not Divided",1. Dry,U-VA134SC99999UK,3. No,Not SENIOR,Not SPEED,6PM TO 9PM,1,1. No Traffic Control,5.Hampton Roads,1. No Adverse Condition (Clear/Cloudy),2. No,YOUNG
Not ALCIHOL,Not UNBELTED,BIKE,2. Angle,10/25/2014,10/25/2014,22. Bicycle,2030,A.Ambulatory Injury,Newport News,Urban,22. Bicycle,6PM TO 9PM,121.Newport News,0,Intersection,Saturday,Not DEER,1,143220014,"1.Divided, no control of access",1. On Roadway,H.Urban Minor Arterial,Not GUARDRAIL,Not HIT_RUN,1,4. Four Approaches,143220014,0,0,Not LRTRUCK,4. Darkness - Road Lighted,MAINLINE,MAIN,Not MOTORCYCLE,716487.  US00060       US00060      12100014      12107104,SEC_URBAN,1,Not PED,1,5,NOT-RD,10. Intersection Related - Within 150 Feet,0.00,7. Dip - Straight,"3. Two-Way, Divided, Positive Median Barrier",1. Dry,R-VA121UR07104EB,3. No,Not SENIOR,Not SPEED,6PM TO 9PM,1,3. Traffic Signal,5.Hampton Roads,1. No Adverse Condition (Clear/Cloudy),2. No,YOUNG
Not ALCIHOL,Not UNBELTED,BIKE,3. Head On,10/26/2014,10/26/2014,22. Bicycle,1250,B.Visiible Injury,Virginia Beach,Urban,22. Bicycle,12PM TO 3PM,134.Virginia Beach,37,Intersection,Sunday,Not DEER,1,143005059,"0.Two-way, non-divided",1. On Roadway,I.Urban Collector,Not GUARDRAIL,HIT_RUN,1,4. Four Approaches,143005059,0,0,Not LRTRUCK,2. Daylight,MAINLINE,MAIN,Not MOTORCYCLE,541370. 13408638      13408638      13408707,SEC_URBAN,2,Not PED,2,5,NOT-RD,9. Within Intersection,0.62,1. Straight - Level,"1. Two-Way, Not Divided",1. Dry,R-VA134UR08707NB,3. No,Not SENIOR,Not SPEED,12PM TO 3PM,1,4. Stop Sign,5.Hampton Roads,1. No Adverse Condition (Clear/Cloudy),2. No,Not YOUNG
Not ALCIHOL,Not UNBELTED,BIKE,1. Rear End,10/27/2014,10/27/2014,20. Motor Vehicle In Transport,1830,B.Visiible Injury,Virginia Beach,Urban,20. Motor Vehicle In Transport,6PM TO 9PM,134.Virginia Beach,0,Intersection,Monday,Not DEER,1,143315148,"1.Divided, no control of access",1. On Roadway,H.Urban Minor Arterial,Not GUARDRAIL,HIT_RUN,1,4. Four Approaches,143315148,0,0,Not LRTRUCK,2. Daylight,MAINLINE,MAIN,Not MOTORCYCLE,541151.  SR00165       SR00165      13408826      13408832,PRI_URBAN,1,Not PED,1,5,NOT-RD,9. Within Intersection,26.16,1. Straight - Level,"2. Two-Way, Divided, Unprotected Median",1. Dry,R-VA   SR00165SB,3. No,Not SENIOR,Not SPEED,6PM TO 9PM,1,3. Traffic Signal,5.Hampton Roads,1. No Adverse Condition (Clear/Cloudy),2. No,Not YOUNG
Not ALCIHOL,Not UNBELTED,BIKE,2. Angle,2/24/2016,2/24/2016,22. Bicycle,1251,A.Ambulatory Injury,Norfolk,Urban,22. Bicycle,12PM TO 3PM,122.Norfolk,,Not Intersection,Wednesday,Not DEER,1,160780093,,1. On Roadway,,Not GUARDRAIL,Not HIT_RUN,1,4. Four Approaches,,0,0,Not LRTRUCK,2. Daylight,MAINLINE,,Not MOTORCYCLE,.,SEC_URBAN,1,Not PED,1,5,NOT-RD,9. Within Intersection,,1. Straight - Level,"2. Two-Way, Divided, Unprotected Median",2. Wet,U-VA122SC99999UK,3. No,Not SENIOR,Not SPEED,12PM TO 3PM,1,4. Stop Sign,5.Hampton Roads,1. No Adverse Condition (Clear/Cloudy),2. No,Not YOUNG
Not ALCIHOL,Not UNBELTED,BIKE,3. Head On,2/26/2016,2/26/2016,22. Bicycle,1725,A.Ambulatory Injury,Norfolk,Urban,22. Bicycle,3PM TO 6PM,122.Norfolk,,Not Intersection,Friday,Not DEER,1,160890127,,1. On Roadway,,Not GUARDRAIL,Not HIT_RUN,1,3. Three Approaches,,0,0,Not LRTRUCK,3. Dusk,MAINLINE,,Not MOTORCYCLE,.,SEC_URBAN,1,Not PED,1,5,NOT-RD,9. Within Intersection,,1. Straight - Level,"1. Two-Way, Not Divided",1. Dry,U-VA122SC99999UK,3. No,Not SENIOR,Not SPEED,3PM TO 6PM,1,4. Stop Sign,5.Hampton Roads,1. No Adverse Condition (Clear/Cloudy),2. No,Not YOUNG
Not ALCIHOL,Not UNBELTED,BIKE,2. Angle,6/17/2013,6/17/2013,22. Bicycle,1811,B.Visiible Injury,Chesapeake,Urban,22. Bicycle,6PM TO 9PM,131.Chesapeake,0,Intersection,Monday,Not DEER,1,131685265,"0.Two-way, non-divided",1. On Roadway,H.Urban Minor Arterial,Not GUARDRAIL,Not HIT_RUN,1,4. Four Approaches,131685265,0,0,Not LRTRUCK,2. Daylight,MAINLINE,MAIN,Not MOTORCYCLE,483780.  US00460       US00460      13108597,PRI_URBAN,1,Not PED,1,5,NOT-RD,10. Intersection Related - Within 150 Feet,395.14,1. Straight - Level,"1. Two-Way, Not Divided",2. Wet,R-VA   US00460WB,3. No,Not SENIOR,Not SPEED,6PM TO 9PM,1,4. Stop Sign,5.Hampton Roads,1. No Adverse Condition (Clear/Cloudy),2. No,Not YOUNG
Not ALCIHOL,Not UNBELTED,BIKE,2. Angle,6/17/2013,6/17/2013,20. Motor Vehicle In Transport,1715,B.Visiible Injury,Virginia Beach,Urban,20. Motor Vehicle In Transport,3PM TO 6PM,134.Virginia Beach,"1,452",Intersection,Monday,Not DEER,1,131695040,"0.Two-way, non-divided",9. Outside Right-of-Way,I.Urban Collector,Not GUARDRAIL,Not HIT_RUN,1,1. Not at Intersection,131695040,0,0,Not LRTRUCK,2. Daylight,MAINLINE,MAIN,Not MOTORCYCLE,542061. 13408726      13408726      13408750,SEC_URBAN,1,Not PED,1,5,NOT-RD,10. Intersection Related - Within 150 Feet,0.93,2. Curve - Level,"1. Two-Way, Not Divided",1. Dry,R-VA134UR08726SB,3. No,Not SENIOR,Not SPEED,3PM TO 6PM,1,1. No Traffic Control,5.Hampton Roads,1. No Adverse Condition (Clear/Cloudy),2. No,YOUNG
Not ALCIHOL,Not UNBELTED,BIKE,2. Angle,6/19/2013,6/19/2013,22. Bicycle,1844,B.Visiible Injury,Suffolk,Urban,22. Bicycle,6PM TO 9PM,133.Suffolk,100,Intersection,Wednesday,Not DEER,1,131775105,"0.Two-way, non-divided",7. In Parking Lane or Zone,H.Urban Minor Arterial,Not GUARDRAIL,Not HIT_RUN,1,1. Not at Intersection,131775105,0,0,Not LRTRUCK,2. Daylight,MAINLINE,MAIN,Not MOTORCYCLE,469438.  SR00337       SR00337      13308511,PRI_URBAN,1,Not PED,1,5,NOT-RD,"13. Driveway, Alley-Access - Related",1.45,7. Dip - Straight,"1. Two-Way, Not Divided",1. Dry,R-VA   SR00337EB,3. No,Not SENIOR,Not SPEED,6PM TO 9PM,1,3. Traffic Signal,5.Hampton Roads,1. No Adverse Condition (Clear/Cloudy),2. No,Not YOUNG
Not ALCIHOL,Not UNBELTED,BIKE,2. Angle,6/19/2013,6/19/2013,20. Motor Vehicle In Transport,904,B.Visiible Injury,Norfolk,Urban,20. Motor Vehicle In Transport,9AM TO 12PM,122.Norfolk,998,Intersection,Wednesday,Not DEER,1,132900174,"0.Two-way, non-divided",1. On Roadway,I.Urban Collector,Not GUARDRAIL,Not HIT_RUN,1,3. Three Approaches,132900174,0,0,Not LRTRUCK,2. Daylight,MAINLINE,MAIN,Not MOTORCYCLE,483654.  SR00337       SR00337      12208562      12208562,SEC_URBAN,1,Not PED,1,5,NOT-RD,9. Within Intersection,0.38,2. Curve - Level,"1. Two-Way, Not Divided",1. Dry,R-VA122UR08562WB,3. No,Not SENIOR,Not SPEED,9AM TO 12PM,1,4. Stop Sign,5.Hampton Roads,1. No Adverse Condition (Clear/Cloudy),2. No,YOUNG
ALCOHOL,Not UNBELTED,BIKE,2. Angle,6/19/2013,6/19/2013,22. Bicycle,2135,K.Fatal Injury,Norfolk,Urban,22. Bicycle,9PM TO 12AM,122.Norfolk,"1,241",Intersection,Wednesday,Not DEER,1,132120000,"0.Two-way, non-divided",1. On Roadway,E.Urban Other Principle Arterials; Connecting Links of Other Rural Principal Arterial,Not GUARDRAIL,HIT_RUN,0,1. Not at Intersection,132120000,1,1,Not LRTRUCK,4. Darkness - Road Lighted,MAINLINE,MAIN,Not MOTORCYCLE,483171.  SR00194       US00060       US00060,PRI_URBAN,1,Not PED,0,5,NOT-RD,8. Non-Intersection,282.84,1. Straight - Level,"2. Two-Way, Divided, Unprotected Median",1. Dry,R-VA   US00060EB,3. No,Not SENIOR,Not SPEED,9PM TO 12AM,1,6. Traffic Lanes Marked,5.Hampton Roads,1. No Adverse Condition (Clear/Cloudy),2. No,Not YOUNG
Not ALCIHOL,Not UNBELTED,BIKE,2. Angle,3/2/2016,3/2/2016,20. Motor Vehicle In Transport,1249,A.Ambulatory Injury,Hampton,Urban,20. Motor Vehicle In Transport,12PM TO 3PM,114.Hampton,,Not Intersection,Wednesday,Not DEER,1,160725472,,4. Roadside,,Not GUARDRAIL,HIT_RUN,1,1. Not at Intersection,,0,0,Not LRTRUCK,2. Daylight,MAINLINE,,Not MOTORCYCLE,.,SEC_URBAN,1,Not PED,1,5,NOT-RD,8. Non-Intersection,,1. Straight - Level,"2. Two-Way, Divided, Unprotected Median",1. Dry,U-VA114SC99999UK,3. No,Not SENIOR,Not SPEED,12PM TO 3PM,1,1. No Traffic Control,5.Hampton Roads,1. No Adverse Condition (Clear/Cloudy),2. No,Not YOUNG
Not ALCIHOL,Not UNBELTED,BIKE,1. Rear End,10/28/2014,10/28/2014,28. Ran Off Road,1059,A.Ambulatory Injury,Isle of Wight,Urban,28. Ran Off Road,9AM TO 12PM,46.Isle of Wight,116,Intersection,Tuesday,Not DEER,1,143015221,"1.Divided, no control of access",1. On Roadway,E.Urban Other Principle Arterials; Connecting Links of Other Rural Principal Arterial,Not GUARDRAIL,Not HIT_RUN,1,1. Not at Intersection,143015221,0,0,Not LRTRUCK,2. Daylight,MAINLINE,MAIN,Not MOTORCYCLE,393089.  4600620       4600620       SR00010       SR00010,VDOT_PRI,1,Not PED,1,5,NOT-RD,1. Main-Line Roadway,79.47,1. Straight - Level,"2. Two-Way, Divided, Unprotected Median",1. Dry,R-VA   SR00010WB,3. No,SENIOR,SPEED,9AM TO 12PM,1,6. Traffic Lanes Marked,5.Hampton Roads,1. No Adverse Condition (Clear/Cloudy),2. No,YOUNG