Alcohol Notalcohol,Belted Unbelted,Bike Nonbike,Collision Type,CRASH_DT (copy),Crash Dt,Crash Event Type Dsc,Crash Military Tm,Crash Severity,Juris Name Used,Area Type Used,First Harmful Event of Entire Crash,Time Slicing Used,Phy_Juris_Nm,Offset-Ft,Intersection Analysis,Day Of Week,Deer Nodeer,TOTAL CRASH,Document Nbr,FAC,First Harmful Event,FUN,Gr Nogr,Hitrun Not Hitrun,Injury Crashes,Intersection Type,Int Doc,K_CRASH,K People,Lgtruck Nonlgtruck,Light Condition,MAINLINE (group),Mainline Yn,Motor Nonmotor,Node Info,Ownership,Total People Killed & Injured,Ped Nonped,Persons Injured,VSP_Used,Rd Type,Relation To Roadway,Rns Mp,Roadway Alignment,Roadway Description,Roadway Surface Cond,Rte Nm,School Zone,Senior Notsenior,Speed Notspeed,Time Slicing,Total Crashes including Property Damage Only,Traffic Control Type,District_Used ,Weather Condition,Work Zone Related,Young Notyoung
Not ALCIHOL,Not UNBELTED,BIKE,2. Angle,10/29/2014,10/29/2014,22. Bicycle,500,B.Visiible Injury,Virginia Beach,Urban,22. Bicycle,3AM TO 6AM,134.Virginia Beach,470,Intersection,Wednesday,Not DEER,1,143035052,"1.Divided, no control of access",1. On Roadway,H.Urban Minor Arterial,Not GUARDRAIL,HIT_RUN,1,2. Two Approaches,143035052,0,0,Not LRTRUCK,4. Darkness - Road Lighted,MAINLINE,MAIN,Not MOTORCYCLE,541272. 13400012      13400012      13400013      13408739,SEC_URBAN,1,Not PED,1,5,NOT-RD,10. Intersection Related - Within 150 Feet,1.69,1. Straight - Level,"2. Two-Way, Divided, Unprotected Median",1. Dry,R-VA134UR00012WB,3. No,Not SENIOR,Not SPEED,3AM TO 6AM,1,3. Traffic Signal,5.Hampton Roads,1. No Adverse Condition (Clear/Cloudy),2. No,YOUNG
Not ALCIHOL,Not UNBELTED,BIKE,2. Angle,10/30/2014,10/30/2014,20. Motor Vehicle In Transport,1119,A.Ambulatory Injury,Poquoson,Urban,20. Motor Vehicle In Transport,9AM TO 12PM,147.Poquoson,792,Intersection,Thursday,Not DEER,1,143035244,"0.Two-way, non-divided",1. On Roadway,H.Urban Minor Arterial,Not GUARDRAIL,Not HIT_RUN,1,1. Not at Intersection,143035244,0,0,Not LRTRUCK,2. Daylight,MAINLINE,MAIN,Not MOTORCYCLE,672314.  SR00171       SR00171       SR00172       SR00172,PRI_URBAN,2,Not PED,2,5,NOT-RD,1. Main-Line Roadway,5.92,1. Straight - Level,"1. Two-Way, Not Divided",1. Dry,R-VA   SR00171WB,3. No,SENIOR,SPEED,9AM TO 12PM,1,1. No Traffic Control,5.Hampton Roads,1. No Adverse Condition (Clear/Cloudy),2. No,Not YOUNG
Not ALCIHOL,Not UNBELTED,BIKE,16. Other,10/31/2014,10/31/2014,22. Bicycle,551,K.Fatal Injury,Chesapeake,Urban,22. Bicycle,3AM TO 6AM,131.Chesapeake,42,Intersection,Friday,Not DEER,1,143045146,"0.Two-way, non-divided",1. On Roadway,H.Urban Minor Arterial,Not GUARDRAIL,Not HIT_RUN,0,4. Four Approaches,143045146,1,1,LRTRUCK,2. Daylight,MAINLINE,MAIN,Not MOTORCYCLE,483343.  SR00165       SR00165      13108648,PRI_URBAN,2,Not PED,1,5,NOT-RD,10. Intersection Related - Within 150 Feet,5.82,1. Straight - Level,"3. Two-Way, Divided, Positive Median Barrier",1. Dry,R-VA   SR00165NB,3. No,Not SENIOR,Not SPEED,3AM TO 6AM,1,3. Traffic Signal,5.Hampton Roads,1. No Adverse Condition (Clear/Cloudy),2. No,Not YOUNG
Not ALCIHOL,Not UNBELTED,BIKE,2. Angle,3/8/2016,3/8/2016,22. Bicycle,710,A.Ambulatory Injury,Virginia Beach,Urban,22. Bicycle,6AM TO 9AM,134.Virginia Beach,"4,763",Intersection,Tuesday,Not DEER,1,160705047,"1.Divided, no control of access",1. On Roadway,H.Urban Minor Arterial,Not GUARDRAIL,Not HIT_RUN,1,4. Four Approaches,160705047,0,0,Not LRTRUCK,2. Daylight,MAINLINE,MAIN,Not MOTORCYCLE,541230.  SR00279       SR00279      13408715,PRI_URBAN,1,Not PED,1,5,NOT-RD,1. Main-Line Roadway,3.58,1. Straight - Level,"3. Two-Way, Divided, Positive Median Barrier",1. Dry,R-VA   SR00279NB,2. Yes - With School Activity,Not SENIOR,Not SPEED,6AM TO 9AM,1,4. Stop Sign,5.Hampton Roads,1. No Adverse Condition (Clear/Cloudy),2. No,YOUNG
Not ALCIHOL,Not UNBELTED,BIKE,2. Angle,3/9/2016,3/9/2016,20. Motor Vehicle In Transport,2156,A.Ambulatory Injury,Chesapeake,Urban,20. Motor Vehicle In Transport,9PM TO 12AM,131.Chesapeake,48,Intersection,Wednesday,Not DEER,1,160980039,"0.Two-way, non-divided",1. On Roadway,H.Urban Minor Arterial,Not GUARDRAIL,Not HIT_RUN,1,4. Four Approaches,160980039,0,0,Not LRTRUCK,4. Darkness - Road Lighted,MAINLINE,MAIN,Not MOTORCYCLE,483773.  US00460       US00460      12208592      12208592,PRI_URBAN,1,Not PED,1,5,NOT-RD,10. Intersection Related - Within 150 Feet,396.91,1. Straight - Level,"1. Two-Way, Not Divided",1. Dry,R-VA   US00460WB,3. No,Not SENIOR,Not SPEED,9PM TO 12AM,1,3. Traffic Signal,5.Hampton Roads,1. No Adverse Condition (Clear/Cloudy),2. No,Not YOUNG
Not ALCIHOL,Not UNBELTED,BIKE,2. Angle,3/10/2016,3/10/2016,22. Bicycle,1910,B.Visiible Injury,Norfolk,Urban,22. Bicycle,6PM TO 9PM,122.Norfolk,11,Intersection,Thursday,Not DEER,1,160980041,"0.Two-way, non-divided",1. On Roadway,H.Urban Minor Arterial,Not GUARDRAIL,Not HIT_RUN,1,4. Four Approaches,160980041,0,0,Not LRTRUCK,4. Darkness - Road Lighted,MAINLINE,MAIN,Not MOTORCYCLE,485086. 12208563      12208563      12208572      12208572,SEC_URBAN,1,Not PED,1,5,NOT-RD,9. Within Intersection,0.98,1. Straight - Level,"2. Two-Way, Divided, Unprotected Median",1. Dry,R-VA122UR08563NB,3. No,Not SENIOR,Not SPEED,6PM TO 9PM,1,3. Traffic Signal,5.Hampton Roads,1. No Adverse Condition (Clear/Cloudy),2. No,Not YOUNG
Not ALCIHOL,Not UNBELTED,BIKE,2. Angle,3/10/2016,3/10/2016,20. Motor Vehicle In Transport,1830,A.Ambulatory Injury,Norfolk,Urban,20. Motor Vehicle In Transport,6PM TO 9PM,122.Norfolk,,Not Intersection,Thursday,Not DEER,1,160980042,,1. On Roadway,,Not GUARDRAIL,Not HIT_RUN,1,4. Four Approaches,,0,0,Not LRTRUCK,4. Darkness - Road Lighted,MAINLINE,,Not MOTORCYCLE,.,SEC_URBAN,1,Not PED,1,5,NOT-RD,9. Within Intersection,,1. Straight - Level,"2. Two-Way, Divided, Unprotected Median",1. Dry,U-VA122SC99999UK,3. No,Not SENIOR,Not SPEED,6PM TO 9PM,1,3. Traffic Signal,5.Hampton Roads,1. No Adverse Condition (Clear/Cloudy),2. No,YOUNG
Not ALCIHOL,Not UNBELTED,BIKE,1. Rear End,3/10/2016,3/10/2016,20. Motor Vehicle In Transport,1416,B.Visiible Injury,James City,Urban,20. Motor Vehicle In Transport,12PM TO 3PM,47.James City,0,Intersection,Thursday,Not DEER,1,160775249,"0.Two-way, non-divided",1. On Roadway,J.Urban Local,Not GUARDRAIL,Not HIT_RUN,1,3. Three Approaches,160775249,0,0,Not LRTRUCK,2. Daylight,MAINLINE,MAIN,Not MOTORCYCLE,398508.  4701517       4701517       4701551,VDOT_SEC,1,Not PED,1,5,NOT-RD,9. Within Intersection,0.59,9. Other,"1. Two-Way, Not Divided",1. Dry,R-VA047SC01517WB,3. No,SENIOR,Not SPEED,12PM TO 3PM,1,1. No Traffic Control,5.Hampton Roads,1. No Adverse Condition (Clear/Cloudy),2. No,YOUNG
ALCOHOL,Not UNBELTED,BIKE,2. Angle,3/10/2016,3/10/2016,20. Motor Vehicle In Transport,1208,B.Visiible Injury,Virginia Beach,Urban,20. Motor Vehicle In Transport,12PM TO 3PM,134.Virginia Beach,,Not Intersection,Thursday,Not DEER,1,160715088,,1. On Roadway,,Not GUARDRAIL,Not HIT_RUN,1,4. Four Approaches,,0,0,Not LRTRUCK,2. Daylight,MAINLINE,,Not MOTORCYCLE,.,SEC_URBAN,1,Not PED,1,5,NOT-RD,1. Main-Line Roadway,,1. Straight - Level,"3. Two-Way, Divided, Positive Median Barrier",1. Dry,U-VA134SC99999UK,3. No,Not SENIOR,Not SPEED,12PM TO 3PM,1,4. Stop Sign,5.Hampton Roads,1. No Adverse Condition (Clear/Cloudy),2. No,Not YOUNG
Not ALCIHOL,Not UNBELTED,BIKE,2. Angle,6/21/2013,6/21/2013,20. Motor Vehicle In Transport,1425,B.Visiible Injury,Virginia Beach,Urban,20. Motor Vehicle In Transport,12PM TO 3PM,134.Virginia Beach,370,Intersection,Friday,Not DEER,1,131775056,"0.Two-way, non-divided",2. Shoulder,E.Urban Other Principle Arterials; Connecting Links of Other Rural Principal Arterial,Not GUARDRAIL,Not HIT_RUN,1,1. Not at Intersection,131775056,0,0,Not LRTRUCK,2. Daylight,MAINLINE,MAIN,Not MOTORCYCLE,541057.  US00058       US00060       US00060      13408578,PRI_URBAN,2,Not PED,2,5,NOT-RD,8. Non-Intersection,302.10,1. Straight - Level,"2. Two-Way, Divided, Unprotected Median",7. Other,R-VA   US00060EB,3. No,Not SENIOR,Not SPEED,12PM TO 3PM,1,4. Stop Sign,5.Hampton Roads,4. Mist,2. No,Not YOUNG
Not ALCIHOL,Not UNBELTED,BIKE,2. Angle,6/22/2013,6/22/2013,20. Motor Vehicle In Transport,2205,B.Visiible Injury,Norfolk,Urban,20. Motor Vehicle In Transport,9PM TO 12AM,122.Norfolk,21,Intersection,Saturday,Not DEER,1,132970033,"0.Two-way, non-divided",1. On Roadway,H.Urban Minor Arterial,Not GUARDRAIL,Not HIT_RUN,1,4. Four Approaches,132970033,0,0,Not LRTRUCK,4. Darkness - Road Lighted,MAINLINE,MAIN,Not MOTORCYCLE,483416.  SR00168       SR00168       SR00404      12208576,PRI_URBAN,1,Not PED,1,5,NOT-RD,9. Within Intersection,0.00,1. Straight - Level,"1. Two-Way, Not Divided",1. Dry,R-VA   SR00404WB,3. No,Not SENIOR,Not SPEED,9PM TO 12AM,1,3. Traffic Signal,5.Hampton Roads,1. No Adverse Condition (Clear/Cloudy),2. No,YOUNG
Not ALCIHOL,Not UNBELTED,BIKE,2. Angle,11/8/2014,11/8/2014,22. Bicycle,1609,B.Visiible Injury,Virginia Beach,Urban,22. Bicycle,3PM TO 6PM,134.Virginia Beach,,Not Intersection,Saturday,Not DEER,1,143135158,,1. On Roadway,,Not GUARDRAIL,Not HIT_RUN,1,4. Four Approaches,,0,0,Not LRTRUCK,3. Dusk,MAINLINE,,Not MOTORCYCLE,.,SEC_URBAN,1,Not PED,1,5,NOT-RD,9. Within Intersection,,1. Straight - Level,"2. Two-Way, Divided, Unprotected Median",1. Dry,U-VA134SC99999UK,3. No,Not SENIOR,Not SPEED,3PM TO 6PM,1,14. Ped Crosswalk,5.Hampton Roads,1. No Adverse Condition (Clear/Cloudy),2. No,YOUNG
Not ALCIHOL,Not UNBELTED,BIKE,2. Angle,11/9/2014,11/9/2014,22. Bicycle,1044,C.Non-Visible Injury,Hampton,Urban,22. Bicycle,9AM TO 12PM,114.Hampton,69,Intersection,Sunday,Not DEER,1,143175110,"1.Divided, no control of access",1. On Roadway,H.Urban Minor Arterial,Not GUARDRAIL,Not HIT_RUN,1,4. Four Approaches,143175110,0,0,Not LRTRUCK,2. Daylight,MAINLINE,MAIN,Not MOTORCYCLE,253028.  SR00134       SR00134      11407035      11407035,SEC_URBAN,1,Not PED,1,5,NOT-RD,9. Within Intersection,4.20,1. Straight - Level,"2. Two-Way, Divided, Unprotected Median",1. Dry,R-VA114UR07035EB,3. No,Not SENIOR,Not SPEED,9AM TO 12PM,1,6. Traffic Lanes Marked,5.Hampton Roads,1. No Adverse Condition (Clear/Cloudy),2. No,Not YOUNG
ALCOHOL,Not UNBELTED,BIKE,2. Angle,11/11/2014,11/11/2014,22. Bicycle,1254,B.Visiible Injury,Norfolk,Urban,22. Bicycle,12PM TO 3PM,122.Norfolk,5,Intersection,Tuesday,Not DEER,1,143300023,"1.Divided, no control of access",1. On Roadway,E.Urban Other Principle Arterials; Connecting Links of Other Rural Principal Arterial,Not GUARDRAIL,Not HIT_RUN,1,4. Four Approaches,143300023,0,0,Not LRTRUCK,2. Daylight,MAINLINE,MAIN,Not MOTORCYCLE,483306.  SR00165       SR00165       US00460       US00460,PRI_URBAN,1,Not PED,1,5,NOT-RD,10. Intersection Related - Within 150 Feet,403.78,1. Straight - Level,"2. Two-Way, Divided, Unprotected Median",2. Wet,R-VA   US00460WB,3. No,Not SENIOR,Not SPEED,12PM TO 3PM,1,3. Traffic Signal,5.Hampton Roads,5. Rain,2. No,Not YOUNG
Not ALCIHOL,Not UNBELTED,BIKE,4. Sideswipe - Same Direction,6/23/2013,6/23/2013,20. Motor Vehicle In Transport,908,A.Ambulatory Injury,Hampton,Urban,20. Motor Vehicle In Transport,9AM TO 12PM,114.Hampton,"1,795",Intersection,Sunday,Not DEER,1,132970125,"0.Two-way, non-divided",1. On Roadway,H.Urban Minor Arterial,Not GUARDRAIL,Not HIT_RUN,1,1. Not at Intersection,132970125,0,0,Not LRTRUCK,2. Daylight,MAINLINE,MAIN,Not MOTORCYCLE,253078.  SR00152       US00258       US00258,PRI_URBAN,1,Not PED,1,5,NOT-RD,8. Non-Intersection,4.81,2. Curve - Level,"1. Two-Way, Not Divided",1. Dry,R-VA   SR00152WB,3. No,SENIOR,Not SPEED,9AM TO 12PM,1,1. No Traffic Control,5.Hampton Roads,1. No Adverse Condition (Clear/Cloudy),2. No,YOUNG
Not ALCIHOL,Not UNBELTED,BIKE,16. Other,6/26/2013,6/26/2013,22. Bicycle,1225,B.Visiible Injury,Chincoteaque,Rural,22. Bicycle,12PM TO 3PM,190.Chincoteaque,"1,088",Intersection,Wednesday,Not DEER,1,131855145,"0.Two-way, non-divided",1. On Roadway,5.Rural Minor Collector,Not GUARDRAIL,Not HIT_RUN,1,1. Not at Intersection,131855145,0,0,Not LRTRUCK,2. Daylight,MAINLINE,MAIN,Not MOTORCYCLE,106019. 19000004      19001622      19001622,VDOT_SEC,1,Not PED,1,5,NOT-RD,8. Non-Intersection,0.98,1. Straight - Level,"1. Two-Way, Not Divided",1. Dry,R-VA190UR01622WB,3. No,SENIOR,Not SPEED,12PM TO 3PM,1,6. Traffic Lanes Marked,5.Hampton Roads,1. No Adverse Condition (Clear/Cloudy),2. No,Not YOUNG
Not ALCIHOL,Not UNBELTED,BIKE,6. Fixed Object in Road,6/26/2013,6/26/2013,20. Motor Vehicle In Transport,1350,A.Ambulatory Injury,Smithfield,Urban,20. Motor Vehicle In Transport,12PM TO 3PM,300.Smithfield,"1,563",Intersection,Wednesday,Not DEER,1,131995067,"0.Two-way, non-divided",1. On Roadway,H.Urban Minor Arterial,Not GUARDRAIL,Not HIT_RUN,1,1. Not at Intersection,131995067,0,0,Not LRTRUCK,2. Daylight,MAINLINE,MAIN,Not MOTORCYCLE,393573. 30000643     C1US00258     C1US00258,VDOT_PRI,1,Not PED,1,5,NOT-RD,8. Non-Intersection,1.92,1. Straight - Level,"2. Two-Way, Divided, Unprotected Median",1. Dry,R-VA   US00258WBBUS001,3. No,SENIOR,Not SPEED,12PM TO 3PM,1,6. Traffic Lanes Marked,5.Hampton Roads,1. No Adverse Condition (Clear/Cloudy),2. No,Not YOUNG
Not ALCIHOL,Not UNBELTED,BIKE,2. Angle,6/27/2013,6/27/2013,22. Bicycle,1800,A.Ambulatory Injury,Norfolk,Urban,22. Bicycle,3PM TO 6PM,122.Norfolk,,Not Intersection,Thursday,Not DEER,1,133030044,,1. On Roadway,,Not GUARDRAIL,HIT_RUN,1,4. Four Approaches,,0,0,Not LRTRUCK,2. Daylight,MAINLINE,,Not MOTORCYCLE,.,SEC_URBAN,1,Not PED,1,5,NOT-RD,9. Within Intersection,,1. Straight - Level,"1. Two-Way, Not Divided",1. Dry,U-VA122SC99999UK,3. No,Not SENIOR,Not SPEED,3PM TO 6PM,1,1. No Traffic Control,5.Hampton Roads,1. No Adverse Condition (Clear/Cloudy),2. No,Not YOUNG
Not ALCIHOL,Not UNBELTED,BIKE,2. Angle,6/28/2013,6/28/2013,20. Motor Vehicle In Transport,1452,B.Visiible Injury,Northampton,Rural,20. Motor Vehicle In Transport,12PM TO 3PM,65.Northampton,"1,637",Intersection,Friday,Not DEER,1,131825348,"0.Two-way, non-divided",1. On Roadway,4.Rural Major Collector,Not GUARDRAIL,Not HIT_RUN,1,1. Not at Intersection,131825348,0,0,Not LRTRUCK,2. Daylight,MAINLINE,MAIN,Not MOTORCYCLE,488282.  6500684       6500684,VDOT_SEC,1,Not PED,1,5,NOT-RD,"13. Driveway, Alley-Access - Related",1.49,1. Straight - Level,"1. Two-Way, Not Divided",1. Dry,R-VA065SC00684NB,3. No,Not SENIOR,SPEED,12PM TO 3PM,1,1. No Traffic Control,5.Hampton Roads,1. No Adverse Condition (Clear/Cloudy),2. No,Not YOUNG
Not ALCIHOL,Not UNBELTED,BIKE,2. Angle,3/21/2016,3/21/2016,22. Bicycle,1856,C.Non-Visible Injury,Norfolk,Urban,22. Bicycle,6PM TO 9PM,122.Norfolk,,Not Intersection,Monday,Not DEER,1,160960064,,1. On Roadway,,Not GUARDRAIL,Not HIT_RUN,1,1. Not at Intersection,,0,0,Not LRTRUCK,1. Dawn,MAINLINE,,Not MOTORCYCLE,.,SEC_URBAN,1,Not PED,1,5,NOT-RD,8. Non-Intersection,,1. Straight - Level,"1. Two-Way, Not Divided",1. Dry,U-VA122SC99999UK,3. No,Not SENIOR,Not SPEED,6PM TO 9PM,1,1. No Traffic Control,5.Hampton Roads,1. No Adverse Condition (Clear/Cloudy),2. No,Not YOUNG
Not ALCIHOL,Not UNBELTED,BIKE,16. Other,3/22/2016,3/22/2016,22. Bicycle,1515,A.Ambulatory Injury,Suffolk,Urban,22. Bicycle,3PM TO 6PM,133.Suffolk,111,Intersection,Tuesday,Not DEER,1,160835010,"0.Two-way, non-divided",1. On Roadway,H.Urban Minor Arterial,Not GUARDRAIL,Not HIT_RUN,1,1. Not at Intersection,160835010,0,0,Not LRTRUCK,2. Daylight,MAINLINE,MAIN,Not MOTORCYCLE,468006. 13300602      13300603      13300603,SEC_URBAN,1,Not PED,1,5,NOT-RD,1. Main-Line Roadway,0.99,1. Straight - Level,"1. Two-Way, Not Divided",1. Dry,R-VA133UR00603EB,3. No,Not SENIOR,Not SPEED,3PM TO 6PM,1,6. Traffic Lanes Marked,5.Hampton Roads,1. No Adverse Condition (Clear/Cloudy),2. No,Not YOUNG
Not ALCIHOL,Not UNBELTED,BIKE,16. Other,3/23/2016,3/23/2016,22. Bicycle,906,B.Visiible Injury,Virginia Beach,Urban,22. Bicycle,9AM TO 12PM,134.Virginia Beach,37,Intersection,Wednesday,Not DEER,1,160845013,"0.Two-way, non-divided",1. On Roadway,H.Urban Minor Arterial,Not GUARDRAIL,Not HIT_RUN,1,4. Four Approaches,160845013,0,0,Not LRTRUCK,2. Daylight,MAINLINE,MAIN,Not MOTORCYCLE,541493. 13408669      13408669      13408724      13408724,SEC_URBAN,1,Not PED,1,5,NOT-RD,1. Main-Line Roadway,22.54,1. Straight - Level,"1. Two-Way, Not Divided",1. Dry,R-VA134UR08669NB,3. No,Not SENIOR,Not SPEED,9AM TO 12PM,1,3. Traffic Signal,5.Hampton Roads,1. No Adverse Condition (Clear/Cloudy),2. No,YOUNG
Not ALCIHOL,Not UNBELTED,BIKE,4. Sideswipe - Same Direction,11/15/2014,11/15/2014,20. Motor Vehicle In Transport,2030,B.Visiible Injury,Virginia Beach,Urban,20. Motor Vehicle In Transport,6PM TO 9PM,134.Virginia Beach,100,Intersection,Saturday,Not DEER,1,143205135,"1.Divided, no control of access",1. On Roadway,H.Urban Minor Arterial,Not GUARDRAIL,Not HIT_RUN,1,1. Not at Intersection,143205135,0,0,Not LRTRUCK,5. Darkness - Road Not Lighted,MAINLINE,MAIN,Not MOTORCYCLE,541014.  SR00166       US00013       US00013      13400008,PRI_URBAN,2,Not PED,2,5,NOT-RD,8. Non-Intersection,14.17,1. Straight - Level,"3. Two-Way, Divided, Positive Median Barrier",1. Dry,R-VA   SR00166WB,3. No,Not SENIOR,Not SPEED,6PM TO 9PM,1,6. Traffic Lanes Marked,5.Hampton Roads,1. No Adverse Condition (Clear/Cloudy),2. No,Not YOUNG
Not ALCIHOL,Not UNBELTED,BIKE,13. Bicyclist,11/17/2014,11/17/2014,22. Bicycle,1423,B.Visiible Injury,Newport News,Urban,22. Bicycle,12PM TO 3PM,121.Newport News,285,Intersection,Monday,Not DEER,1,143630045,"1.Divided, no control of access",1. On Roadway,H.Urban Minor Arterial,Not GUARDRAIL,Not HIT_RUN,1,2. Two Approaches,143630045,0,0,Not LRTRUCK,2. Daylight,MAINLINE,MAIN,Not MOTORCYCLE,646043.  SR00312       US00060       US00060,PRI_URBAN,1,Not PED,1,5,NOT-RD,"15. Other Crossing (Crossing for Bikes, School, etc.)",260.61,1. Straight - Level,"2. Two-Way, Divided, Unprotected Median",1. Dry,R-VA   US00060EB,3. No,Not SENIOR,Not SPEED,12PM TO 3PM,1,14. Ped Crosswalk,5.Hampton Roads,1. No Adverse Condition (Clear/Cloudy),2. No,Not YOUNG
Not ALCIHOL,Not UNBELTED,BIKE,2. Angle,6/29/2013,6/29/2013,22. Bicycle,606,B.Visiible Injury,Virginia Beach,Urban,22. Bicycle,6AM TO 9AM,134.Virginia Beach,,Not Intersection,Saturday,Not DEER,1,131845349,,1. On Roadway,,Not GUARDRAIL,Not HIT_RUN,1,1. Not at Intersection,,0,0,Not LRTRUCK,1. Dawn,MAINLINE,,Not MOTORCYCLE,.,SEC_URBAN,1,Not PED,1,5,NOT-RD,8. Non-Intersection,,1. Straight - Level,"1. Two-Way, Not Divided",1. Dry,U-VA134SC99999UK,3. No,Not SENIOR,Not SPEED,6AM TO 9AM,1,1. No Traffic Control,5.Hampton Roads,1. No Adverse Condition (Clear/Cloudy),2. No,Not YOUNG
Not ALCIHOL,Not UNBELTED,BIKE,2. Angle,6/30/2013,6/30/2013,22. Bicycle,1547,B.Visiible Injury,Norfolk,Urban,22. Bicycle,3PM TO 6PM,122.Norfolk,,Not Intersection,Sunday,Not DEER,1,132820040,,1. On Roadway,,Not GUARDRAIL,Not HIT_RUN,1,1. Not at Intersection,,0,0,Not LRTRUCK,2. Daylight,MAINLINE,,Not MOTORCYCLE,.,SEC_URBAN,1,Not PED,1,5,NOT-RD,8. Non-Intersection,,1. Straight - Level,"1. Two-Way, Not Divided",1. Dry,U-VA122SC99999UK,3. No,Not SENIOR,Not SPEED,3PM TO 6PM,1,1. No Traffic Control,5.Hampton Roads,1. No Adverse Condition (Clear/Cloudy),2. No,YOUNG
Not ALCIHOL,Not UNBELTED,BIKE,16. Other,3/24/2016,3/24/2016,22. Bicycle,1450,C.Non-Visible Injury,Hampton,Urban,22. Bicycle,12PM TO 3PM,114.Hampton,74,Intersection,Thursday,Not DEER,1,160855095,"0.Two-way, non-divided",1. On Roadway,H.Urban Minor Arterial,Not GUARDRAIL,Not HIT_RUN,1,4. Four Approaches,160855095,0,0,Not LRTRUCK,2. Daylight,MAINLINE,MAIN,Not MOTORCYCLE,253135.  US00258       US00258      11407025      11407025,SEC_URBAN,1,Not PED,1,5,NOT-RD,10. Intersection Related - Within 150 Feet,2.81,1. Straight - Level,"2. Two-Way, Divided, Unprotected Median",1. Dry,R-VA114UR07025NB,3. No,Not SENIOR,Not SPEED,12PM TO 3PM,1,3. Traffic Signal,5.Hampton Roads,1. No Adverse Condition (Clear/Cloudy),2. No,Not YOUNG
ALCOHOL,Not UNBELTED,BIKE,2. Angle,3/24/2016,3/24/2016,20. Motor Vehicle In Transport,2136,A.Ambulatory Injury,Virginia Beach,Urban,20. Motor Vehicle In Transport,9PM TO 12AM,134.Virginia Beach,"1,125",Intersection,Thursday,Not DEER,1,160905114,"0.Two-way, non-divided",1. On Roadway,I.Urban Collector,Not GUARDRAIL,Not HIT_RUN,1,4. Four Approaches,160905114,0,0,Not LRTRUCK,4. Darkness - Road Lighted,MAINLINE,MAIN,Not MOTORCYCLE,541982. 13408721      13408721      13408818      13408818,SEC_URBAN,1,Not PED,1,5,NOT-RD,9. Within Intersection,0.69,1. Straight - Level,"1. Two-Way, Not Divided",1. Dry,R-VA134UR08818WB,3. No,Not SENIOR,SPEED,9PM TO 12AM,1,4. Stop Sign,5.Hampton Roads,1. No Adverse Condition (Clear/Cloudy),2. No,Not YOUNG
Not ALCIHOL,Not UNBELTED,BIKE,13. Bicyclist,11/19/2014,11/19/2014,20. Motor Vehicle In Transport,2244,A.Ambulatory Injury,Hampton,Urban,20. Motor Vehicle In Transport,9PM TO 12AM,114.Hampton,676,Intersection,Wednesday,Not DEER,1,143440097,"1.Divided, no control of access",1. On Roadway,E.Urban Other Principle Arterials; Connecting Links of Other Rural Principal Arterial,Not GUARDRAIL,Not HIT_RUN,1,1. Not at Intersection,143440097,0,0,Not LRTRUCK,4. Darkness - Road Lighted,MAINLINE,MAIN,Not MOTORCYCLE,253135.  US00258       US00258      11407025      11407025,PRI_URBAN,1,Not PED,1,5,NOT-RD,8. Non-Intersection,61.95,1. Straight - Level,"2. Two-Way, Divided, Unprotected Median",1. Dry,R-VA   US00258WB,3. No,Not SENIOR,Not SPEED,9PM TO 12AM,1,6. Traffic Lanes Marked,5.Hampton Roads,1. No Adverse Condition (Clear/Cloudy),2. No,YOUNG
Not ALCIHOL,Not UNBELTED,BIKE,16. Other,11/19/2014,11/19/2014,10. Other,1247,B.Visiible Injury,Virginia Beach,Urban,Other,12PM TO 3PM,134.Virginia Beach,,Not Intersection,Wednesday,Not DEER,1,143245040,,1. On Roadway,,Not GUARDRAIL,Not HIT_RUN,1,3. Three Approaches,,0,0,Not LRTRUCK,2. Daylight,MAINLINE,,Not MOTORCYCLE,.,SEC_URBAN,1,Not PED,1,5,NOT-RD,9. Within Intersection,,1. Straight - Level,"2. Two-Way, Divided, Unprotected Median",1. Dry,U-VA134SC99999UK,3. No,SENIOR,Not SPEED,12PM TO 3PM,1,14. Ped Crosswalk,5.Hampton Roads,1. No Adverse Condition (Clear/Cloudy),2. No,YOUNG
Not ALCIHOL,Not UNBELTED,BIKE,2. Angle,7/2/2013,7/2/2013,20. Motor Vehicle In Transport,1841,B.Visiible Injury,Virginia Beach,Urban,20. Motor Vehicle In Transport,6PM TO 9PM,134.Virginia Beach,"1,832",Intersection,Tuesday,Not DEER,1,131855013,"1.Divided, no control of access",1. On Roadway,H.Urban Minor Arterial,Not GUARDRAIL,Not HIT_RUN,1,4. Four Approaches,131855013,0,0,Not LRTRUCK,2. Daylight,MAINLINE,MAIN,Not MOTORCYCLE,541272. 13400012      13400012      13400013      13408739,SEC_URBAN,1,Not PED,1,5,NOT-RD,1. Main-Line Roadway,2.13,1. Straight - Level,"1. Two-Way, Not Divided",2. Wet,R-VA134UR00012WB,3. No,SENIOR,SPEED,6PM TO 9PM,1,3. Traffic Signal,5.Hampton Roads,1. No Adverse Condition (Clear/Cloudy),2. No,Not YOUNG