Alcohol Notalcohol,Belted Unbelted,Bike Nonbike,Collision Type,CRASH_DT (copy),Crash Dt,Crash Event Type Dsc,Crash Military Tm,Crash Severity,Juris Name Used,Area Type Used,First Harmful Event of Entire Crash,Time Slicing Used,Phy_Juris_Nm,Offset-Ft,Intersection Analysis,Day Of Week,Deer Nodeer,TOTAL CRASH,Document Nbr,FAC,First Harmful Event,FUN,Gr Nogr,Hitrun Not Hitrun,Injury Crashes,Intersection Type,Int Doc,K_CRASH,K People,Lgtruck Nonlgtruck,Light Condition,MAINLINE (group),Mainline Yn,Motor Nonmotor,Node Info,Ownership,Total People Killed & Injured,Ped Nonped,Persons Injured,VSP_Used,Rd Type,Relation To Roadway,Rns Mp,Roadway Alignment,Roadway Description,Roadway Surface Cond,Rte Nm,School Zone,Senior Notsenior,Speed Notspeed,Time Slicing,Total Crashes including Property Damage Only,Traffic Control Type,District_Used ,Weather Condition,Work Zone Related,Young Notyoung
ALCOHOL,Not UNBELTED,BIKE,2. Angle,7/2/2013,7/2/2013,20. Motor Vehicle In Transport,1037,B.Visiible Injury,Newport News,Urban,20. Motor Vehicle In Transport,9AM TO 12PM,121.Newport News,0,Intersection,Tuesday,Not DEER,1,133040020,"0.Two-way, non-divided",1. On Roadway,H.Urban Minor Arterial,Not GUARDRAIL,Not HIT_RUN,1,4. Four Approaches,133040020,0,0,Not LRTRUCK,2. Daylight,MAINLINE,MAIN,Not MOTORCYCLE,646172.  SR00351       SR00351      12107015      12107015,PRI_URBAN,1,Not PED,1,5,NOT-RD,9. Within Intersection,0.64,1. Straight - Level,"1. Two-Way, Not Divided",1. Dry,R-VA   SR00351EB,3. No,Not SENIOR,Not SPEED,9AM TO 12PM,1,3. Traffic Signal,5.Hampton Roads,1. No Adverse Condition (Clear/Cloudy),2. No,Not YOUNG
Not ALCIHOL,Not UNBELTED,BIKE,2. Angle,7/3/2013,7/3/2013,22. Bicycle,1620,B.Visiible Injury,Virginia Beach,Urban,22. Bicycle,3PM TO 6PM,134.Virginia Beach,507,Intersection,Wednesday,Not DEER,1,131855122,"0.Two-way, non-divided",1. On Roadway,H.Urban Minor Arterial,Not GUARDRAIL,Not HIT_RUN,1,4. Four Approaches,131855122,0,0,Not LRTRUCK,2. Daylight,MAINLINE,MAIN,Not MOTORCYCLE,541089.  US00060       US00060      13408669     C7US00058,PRI_URBAN,1,Not PED,1,5,NOT-RD,9. Within Intersection,3.87,1. Straight - Level,"2. Two-Way, Divided, Unprotected Median",1. Dry,R-VA   US00058WBBUS007,3. No,Not SENIOR,Not SPEED,3PM TO 6PM,1,3. Traffic Signal,5.Hampton Roads,1. No Adverse Condition (Clear/Cloudy),2. No,Not YOUNG
Not ALCIHOL,Not UNBELTED,BIKE,5. Sideswipe - Opposite Direction,7/3/2013,7/3/2013,22. Bicycle,1630,B.Visiible Injury,Virginia Beach,Urban,22. Bicycle,3PM TO 6PM,134.Virginia Beach,26,Intersection,Wednesday,Not DEER,1,131865123,"1.Divided, no control of access",1. On Roadway,H.Urban Minor Arterial,Not GUARDRAIL,Not HIT_RUN,1,4. Four Approaches,131865123,0,0,Not LRTRUCK,2. Daylight,MAINLINE,MAIN,Not MOTORCYCLE,541479. 13408669      13408669      13408729,SEC_URBAN,1,Not PED,1,5,NOT-RD,9. Within Intersection,19.18,1. Straight - Level,"2. Two-Way, Divided, Unprotected Median",1. Dry,R-VA134UR08669SB,3. No,Not SENIOR,Not SPEED,3PM TO 6PM,1,3. Traffic Signal,5.Hampton Roads,1. No Adverse Condition (Clear/Cloudy),2. No,YOUNG
Not ALCIHOL,Not UNBELTED,BIKE,2. Angle,7/4/2013,7/4/2013,22. Bicycle,933,B.Visiible Injury,Williamsburg,Urban,22. Bicycle,9AM TO 12PM,137.Williamsburg,16,Intersection,Thursday,Not DEER,1,133110003,"0.Two-way, non-divided",1. On Roadway,H.Urban Minor Arterial,Not GUARDRAIL,Not HIT_RUN,1,4. Four Approaches,133110003,0,0,Not LRTRUCK,2. Daylight,MAINLINE,MAIN,Not MOTORCYCLE,398722.  SR00005       SR00031       SR00199       SR00199,VDOT_PRI,1,Not PED,1,5,NOT-RD,9. Within Intersection,24.56,1. Straight - Level,"3. Two-Way, Divided, Positive Median Barrier",1. Dry,R-VA   SR00031SB,3. No,SENIOR,Not SPEED,9AM TO 12PM,1,3. Traffic Signal,5.Hampton Roads,1. No Adverse Condition (Clear/Cloudy),2. No,Not YOUNG
Not ALCIHOL,Not UNBELTED,BIKE,1. Rear End,7/4/2013,7/4/2013,20. Motor Vehicle In Transport,2000,B.Visiible Injury,Virginia Beach,Urban,20. Motor Vehicle In Transport,6PM TO 9PM,134.Virginia Beach,,Not Intersection,Thursday,Not DEER,1,131865137,,1. On Roadway,,Not GUARDRAIL,HIT_RUN,1,3. Three Approaches,,0,0,Not LRTRUCK,2. Daylight,MAINLINE,,Not MOTORCYCLE,.,SEC_URBAN,1,Not PED,1,5,NOT-RD,9. Within Intersection,,1. Straight - Level,"1. Two-Way, Not Divided",1. Dry,U-VA134SC99999UK,3. No,Not SENIOR,Not SPEED,6PM TO 9PM,1,13. Other,5.Hampton Roads,1. No Adverse Condition (Clear/Cloudy),2. No,Not YOUNG
Not ALCIHOL,Not UNBELTED,BIKE,2. Angle,3/28/2016,3/28/2016,22. Bicycle,1750,B.Visiible Injury,Virginia Beach,Urban,22. Bicycle,3PM TO 6PM,134.Virginia Beach,"1,093",Intersection,Monday,Not DEER,1,160915250,"1.Divided, no control of access",1. On Roadway,H.Urban Minor Arterial,Not GUARDRAIL,Not HIT_RUN,1,4. Four Approaches,160915250,0,0,Not LRTRUCK,2. Daylight,MAINLINE,MAIN,Not MOTORCYCLE,724415. 13400008      13408678      13408678,SEC_URBAN,1,Not PED,1,5,NOT-RD,9. Within Intersection,2.17,1. Straight - Level,"1. Two-Way, Not Divided",1. Dry,R-VA134UR08678EB,3. No,Not SENIOR,Not SPEED,3PM TO 6PM,1,1. No Traffic Control,5.Hampton Roads,1. No Adverse Condition (Clear/Cloudy),2. No,YOUNG
Not ALCIHOL,Not UNBELTED,BIKE,5. Sideswipe - Opposite Direction,11/20/2014,11/20/2014,22. Bicycle,1456,B.Visiible Injury,Virginia Beach,Urban,22. Bicycle,12PM TO 3PM,134.Virginia Beach,0,Intersection,Thursday,Not DEER,1,143245394,"1.Divided, no control of access",1. On Roadway,H.Urban Minor Arterial,Not GUARDRAIL,Not HIT_RUN,1,1. Not at Intersection,143245394,0,0,Not LRTRUCK,2. Daylight,MAINLINE,MAIN,Not MOTORCYCLE,541256. 13400009      13400009      13408817,SEC_URBAN,1,Not PED,1,5,NOT-RD,8. Non-Intersection,1.66,1. Straight - Level,"2. Two-Way, Divided, Unprotected Median",1. Dry,R-VA134UR00009NB,3. No,Not SENIOR,Not SPEED,12PM TO 3PM,1,6. Traffic Lanes Marked,5.Hampton Roads,1. No Adverse Condition (Clear/Cloudy),2. No,Not YOUNG
ALCOHOL,Not UNBELTED,BIKE,13. Bicyclist,11/22/2014,11/22/2014,20. Motor Vehicle In Transport,1338,A.Ambulatory Injury,Hampton,Urban,20. Motor Vehicle In Transport,12PM TO 3PM,114.Hampton,201,Intersection,Saturday,Not DEER,1,143440106,"1.Divided, no control of access",1. On Roadway,E.Urban Other Principle Arterials; Connecting Links of Other Rural Principal Arterial,Not GUARDRAIL,Not HIT_RUN,1,4. Four Approaches,143440106,0,0,Not LRTRUCK,2. Daylight,MAINLINE,MAIN,Not MOTORCYCLE,253135.  US00258       US00258      11407025      11407025,PRI_URBAN,1,Not PED,1,5,NOT-RD,11. Intersection Related - Outside 150 Feet,61.78,1. Straight - Level,"3. Two-Way, Divided, Positive Median Barrier",1. Dry,R-VA   US00258EB,3. No,Not SENIOR,Not SPEED,12PM TO 3PM,1,3. Traffic Signal,5.Hampton Roads,1. No Adverse Condition (Clear/Cloudy),2. No,Not YOUNG
ALCOHOL,Not UNBELTED,BIKE,2. Angle,3/31/2016,3/31/2016,20. Motor Vehicle In Transport,1300,B.Visiible Injury,Virginia Beach,Urban,20. Motor Vehicle In Transport,12PM TO 3PM,134.Virginia Beach,"2,181",Intersection,Thursday,Not DEER,1,161115207,"1.Divided, no control of access",1. On Roadway,E.Urban Other Principle Arterials; Connecting Links of Other Rural Principal Arterial,Not GUARDRAIL,Not HIT_RUN,1,4. Four Approaches,161115207,0,0,Not LRTRUCK,2. Daylight,MAINLINE,MAIN,Not MOTORCYCLE,541075.  US00058       US00058      13408711      13408711,PRI_URBAN,1,Not PED,1,5,NOT-RD,9. Within Intersection,503.47,1. Straight - Level,"2. Two-Way, Divided, Unprotected Median",1. Dry,R-VA   US00058EB,3. No,SENIOR,Not SPEED,12PM TO 3PM,1,3. Traffic Signal,5.Hampton Roads,1. No Adverse Condition (Clear/Cloudy),2. No,Not YOUNG
Not ALCIHOL,Not UNBELTED,BIKE,2. Angle,11/24/2014,11/24/2014,20. Motor Vehicle In Transport,1135,A.Ambulatory Injury,James City,Urban,20. Motor Vehicle In Transport,9AM TO 12PM,47.James City,32,Intersection,Monday,Not DEER,1,143305301,"0.Two-way, non-divided",1. On Roadway,I.Urban Collector,Not GUARDRAIL,Not HIT_RUN,1,3. Three Approaches,143305301,0,0,Not LRTRUCK,2. Daylight,MAINLINE,MAIN,Not MOTORCYCLE,671200.  9900641       9900641       9900642,VDOT_SEC,1,Not PED,1,5,NOT-RD,9. Within Intersection,1.19,1. Straight - Level,"2. Two-Way, Divided, Unprotected Median",1. Dry,R-VA099SC00641WB,3. No,Not SENIOR,Not SPEED,9AM TO 12PM,1,4. Stop Sign,5.Hampton Roads,1. No Adverse Condition (Clear/Cloudy),2. No,Not YOUNG
ALCOHOL,Not UNBELTED,BIKE,2. Angle,7/4/2013,7/4/2013,36. Cross Centerline,1825,C.Non-Visible Injury,James City,Urban,36. Cross Centerline,6PM TO 9PM,47.James City,153,Intersection,Thursday,Not DEER,1,131855176,"0.Two-way, non-divided",1. On Roadway,H.Urban Minor Arterial,Not GUARDRAIL,Not HIT_RUN,1,1. Not at Intersection,131855176,0,0,Not LRTRUCK,2. Daylight,MAINLINE,MAIN,Not MOTORCYCLE,671197.  9900641       9900641       SR00143       SR00143,VDOT_PRI,1,Not PED,1,5,NOT-RD,8. Non-Intersection,33.23,1. Straight - Level,"1. Two-Way, Not Divided",1. Dry,R-VA   SR00143SB,3. No,Not SENIOR,Not SPEED,6PM TO 9PM,1,6. Traffic Lanes Marked,5.Hampton Roads,1. No Adverse Condition (Clear/Cloudy),2. No,Not YOUNG
Not ALCIHOL,Not UNBELTED,BIKE,2. Angle,7/5/2013,7/5/2013,22. Bicycle,750,B.Visiible Injury,Virginia Beach,Urban,22. Bicycle,6AM TO 9AM,134.Virginia Beach,0,Intersection,Friday,Not DEER,1,131875043,"1.Divided, no control of access",1. On Roadway,H.Urban Minor Arterial,Not GUARDRAIL,Not HIT_RUN,1,4. Four Approaches,131875043,0,0,Not LRTRUCK,2. Daylight,MAINLINE,MAIN,Not MOTORCYCLE,541106.  US00060       US00060      13408818,PRI_URBAN,1,Not PED,1,5,NOT-RD,9. Within Intersection,302.86,1. Straight - Level,"2. Two-Way, Divided, Unprotected Median",1. Dry,R-VA   US00060EB,3. No,Not SENIOR,SPEED,6AM TO 9AM,1,3. Traffic Signal,5.Hampton Roads,1. No Adverse Condition (Clear/Cloudy),2. No,YOUNG
Not ALCIHOL,Not UNBELTED,BIKE,2. Angle,7/5/2013,7/5/2013,22. Bicycle,1605,C.Non-Visible Injury,Virginia Beach,Urban,22. Bicycle,3PM TO 6PM,134.Virginia Beach,"1,595",Intersection,Friday,Not DEER,1,131965226,"2.Divided, partial control of access",1. On Roadway,E.Urban Other Principle Arterials; Connecting Links of Other Rural Principal Arterial,Not GUARDRAIL,Not HIT_RUN,1,4. Four Approaches,131965226,0,0,Not LRTRUCK,2. Daylight,MAINLINE,MAIN,Not MOTORCYCLE,541066.  US00058       US00058      13400009      13400009,PRI_URBAN,1,Not PED,1,5,NOT-RD,9. Within Intersection,506.52,1. Straight - Level,"2. Two-Way, Divided, Unprotected Median",1. Dry,R-VA   US00058WB,3. No,SENIOR,Not SPEED,3PM TO 6PM,1,3. Traffic Signal,5.Hampton Roads,1. No Adverse Condition (Clear/Cloudy),2. No,YOUNG
Not ALCIHOL,Not UNBELTED,BIKE,2. Angle,7/6/2013,7/6/2013,22. Bicycle,1630,B.Visiible Injury,Virginia Beach,Urban,22. Bicycle,3PM TO 6PM,134.Virginia Beach,"2,196",Intersection,Saturday,Not DEER,1,131885094,"1.Divided, no control of access",1. On Roadway,H.Urban Minor Arterial,Not GUARDRAIL,Not HIT_RUN,1,3. Three Approaches,131885094,0,0,Not LRTRUCK,2. Daylight,MAINLINE,MAIN,Not MOTORCYCLE,541156.  SR00165       SR00165      13408779      13408779,SEC_URBAN,1,Not PED,1,5,NOT-RD,9. Within Intersection,2.76,1. Straight - Level,"3. Two-Way, Divided, Positive Median Barrier",1. Dry,R-VA134UR08779NB,3. No,Not SENIOR,Not SPEED,3PM TO 6PM,1,3. Traffic Signal,5.Hampton Roads,1. No Adverse Condition (Clear/Cloudy),2. No,Not YOUNG
Not ALCIHOL,Not UNBELTED,BIKE,2. Angle,7/7/2013,7/7/2013,20. Motor Vehicle In Transport,1820,C.Non-Visible Injury,Norfolk,Urban,20. Motor Vehicle In Transport,6PM TO 9PM,122.Norfolk,676,Intersection,Sunday,Not DEER,1,133170055,"0.Two-way, non-divided",1. On Roadway,H.Urban Minor Arterial,Not GUARDRAIL,Not HIT_RUN,1,4. Four Approaches,133170055,0,0,Not LRTRUCK,2. Daylight,MAINLINE,MAIN,Not MOTORCYCLE,483548.  SR00247       SR00247      12208613,PRI_URBAN,1,Not PED,1,5,NOT-RD,9. Within Intersection,2.94,1. Straight - Level,"1. Two-Way, Not Divided",1. Dry,R-VA   SR00247WB,3. No,Not SENIOR,Not SPEED,6PM TO 9PM,1,6. Traffic Lanes Marked,5.Hampton Roads,1. No Adverse Condition (Clear/Cloudy),2. No,Not YOUNG
Not ALCIHOL,Not UNBELTED,BIKE,2. Angle,4/2/2016,4/2/2016,22. Bicycle,2042,C.Non-Visible Injury,Hampton,Urban,22. Bicycle,6PM TO 9PM,114.Hampton,137,Intersection,Saturday,Not DEER,1,160945095,"1.Divided, no control of access",1. On Roadway,I.Urban Collector,Not GUARDRAIL,HIT_RUN,1,4. Four Approaches,160945095,0,0,Not LRTRUCK,4. Darkness - Road Lighted,MAINLINE,MAIN,Not MOTORCYCLE,253130.  US00258       US00258      11407011      11407011,SEC_URBAN,1,Not PED,1,5,NOT-RD,10. Intersection Related - Within 150 Feet,0.21,1. Straight - Level,"3. Two-Way, Divided, Positive Median Barrier",1. Dry,R-VA114UR07011SB,3. No,Not SENIOR,Not SPEED,6PM TO 9PM,1,14. Ped Crosswalk,5.Hampton Roads,1. No Adverse Condition (Clear/Cloudy),2. No,YOUNG
Not ALCIHOL,Not UNBELTED,BIKE,2. Angle,4/3/2016,4/3/2016,22. Bicycle,1359,C.Non-Visible Injury,Portsmouth,Urban,22. Bicycle,12PM TO 3PM,124.Portsmouth,48,Intersection,Sunday,Not DEER,1,160955374,"4.One-way, part of a one-way system",1. On Roadway,A.Urban Interstate,Not GUARDRAIL,Not HIT_RUN,1,2. Two Approaches,160955374,0,0,Not LRTRUCK,2. Daylight,RAMP,NOT_MAIN,Not MOTORCYCLE,483075.  IS00264W005A  US00017       US00017,VDOT_IS,1,Not PED,1,5,NOT-RD,5. On Entrance/Exit Ramp,0.24,10. On/Off Ramp,"4. One-Way, Not Divided",1. Dry,R-VA   IS00264WB      RMP005.00A,3. No,SENIOR,Not SPEED,12PM TO 3PM,1,8. Yield Sign,5.Hampton Roads,1. No Adverse Condition (Clear/Cloudy),2. No,Not YOUNG
Not ALCIHOL,Not UNBELTED,BIKE,2. Angle,4/4/2016,4/4/2016,20. Motor Vehicle In Transport,2014,C.Non-Visible Injury,Norfolk,Urban,20. Motor Vehicle In Transport,6PM TO 9PM,122.Norfolk,465,Intersection,Monday,Not DEER,1,161130321,"0.Two-way, non-divided",1. On Roadway,H.Urban Minor Arterial,Not GUARDRAIL,Not HIT_RUN,1,3. Three Approaches,161130321,0,0,Not LRTRUCK,4. Darkness - Road Lighted,MAINLINE,MAIN,Not MOTORCYCLE,483437.  SR00168       SR00168      12208621,PRI_URBAN,1,Not PED,1,5,NOT-RD,9. Within Intersection,30.02,2. Curve - Level,"2. Two-Way, Divided, Unprotected Median",1. Dry,R-VA   SR00168NB,3. No,Not SENIOR,Not SPEED,6PM TO 9PM,1,4. Stop Sign,5.Hampton Roads,1. No Adverse Condition (Clear/Cloudy),2. No,Not YOUNG
Not ALCIHOL,Not UNBELTED,BIKE,2. Angle,7/10/2013,7/10/2013,20. Motor Vehicle In Transport,2039,B.Visiible Injury,Virginia Beach,Urban,20. Motor Vehicle In Transport,6PM TO 9PM,134.Virginia Beach,718,Intersection,Wednesday,Not DEER,1,131985431,"0.Two-way, non-divided",1. On Roadway,I.Urban Collector,Not GUARDRAIL,Not HIT_RUN,1,1. Not at Intersection,131985431,0,0,Not LRTRUCK,4. Darkness - Road Lighted,MAINLINE,MAIN,Not MOTORCYCLE,541659. 13408684      13408719      13408719,SEC_URBAN,2,Not PED,2,5,NOT-RD,8. Non-Intersection,0.16,1. Straight - Level,"1. Two-Way, Not Divided",1. Dry,R-VA134UR08719NB,3. No,Not SENIOR,Not SPEED,6PM TO 9PM,1,6. Traffic Lanes Marked,5.Hampton Roads,1. No Adverse Condition (Clear/Cloudy),2. No,Not YOUNG
Not ALCIHOL,Not UNBELTED,BIKE,2. Angle,4/6/2016,4/6/2016,22. Bicycle,1747,B.Visiible Injury,Virginia Beach,Urban,22. Bicycle,3PM TO 6PM,134.Virginia Beach,"1,267",Intersection,Wednesday,Not DEER,1,160995137,"2.Divided, partial control of access",1. On Roadway,H.Urban Minor Arterial,Not GUARDRAIL,Not HIT_RUN,1,3. Three Approaches,160995137,0,0,Not LRTRUCK,2. Daylight,MAINLINE,MAIN,Not MOTORCYCLE,541099.  IS00264E020BC7US00058     C7US00058,PRI_URBAN,1,Not PED,1,5,NOT-RD,9. Within Intersection,0.73,1. Straight - Level,"2. Two-Way, Divided, Unprotected Median",1. Dry,R-VA   US00058WBBUS007,3. No,Not SENIOR,Not SPEED,3PM TO 6PM,1,4. Stop Sign,5.Hampton Roads,1. No Adverse Condition (Clear/Cloudy),2. No,Not YOUNG
Not ALCIHOL,Not UNBELTED,BIKE,4. Sideswipe - Same Direction,4/6/2016,4/6/2016,22. Bicycle,2220,B.Visiible Injury,Virginia Beach,Urban,22. Bicycle,9PM TO 12AM,134.Virginia Beach,317,Intersection,Wednesday,Not DEER,1,161045024,"0.Two-way, non-divided",1. On Roadway,I.Urban Collector,Not GUARDRAIL,HIT_RUN,1,3. Three Approaches,161045024,0,0,Not LRTRUCK,4. Darkness - Road Lighted,MAINLINE,MAIN,Not MOTORCYCLE,541194.  SR00225       SR00225      13408683      13408683,SEC_URBAN,1,Not PED,1,5,NOT-RD,9. Within Intersection,0.41,1. Straight - Level,"1. Two-Way, Not Divided",1. Dry,R-VA134UR08683NB,3. No,Not SENIOR,Not SPEED,9PM TO 12AM,1,6. Traffic Lanes Marked,5.Hampton Roads,1. No Adverse Condition (Clear/Cloudy),2. No,Not YOUNG
Not ALCIHOL,Not UNBELTED,BIKE,16. Other,4/9/2016,4/9/2016,20. Motor Vehicle In Transport,1105,B.Visiible Injury,Virginia Beach,Urban,20. Motor Vehicle In Transport,9AM TO 12PM,134.Virginia Beach,11,Intersection,Saturday,Not DEER,1,161025039,"0.Two-way, non-divided",1. On Roadway,H.Urban Minor Arterial,Not GUARDRAIL,Not HIT_RUN,1,4. Four Approaches,161025039,0,0,Not LRTRUCK,2. Daylight,MAINLINE,MAIN,Not MOTORCYCLE,541161.  SR00165       SR00165      13408667,PRI_URBAN,2,Not PED,2,5,NOT-RD,9. Within Intersection,17.23,1. Straight - Level,"1. Two-Way, Not Divided",1. Dry,R-VA   SR00165NB,3. No,Not SENIOR,Not SPEED,9AM TO 12PM,1,4. Stop Sign,5.Hampton Roads,1. No Adverse Condition (Clear/Cloudy),2. No,YOUNG
Not ALCIHOL,Not UNBELTED,BIKE,2. Angle,7/12/2013,7/12/2013,20. Motor Vehicle In Transport,745,B.Visiible Injury,Newport News,Urban,20. Motor Vehicle In Transport,6AM TO 9AM,121.Newport News,,Not Intersection,Friday,Not DEER,1,133190078,,1. On Roadway,,Not GUARDRAIL,Not HIT_RUN,1,1. Not at Intersection,,0,0,Not LRTRUCK,2. Daylight,MAINLINE,,Not MOTORCYCLE,.,SEC_URBAN,1,Not PED,1,5,NOT-RD,1. Main-Line Roadway,,1. Straight - Level,"1. Two-Way, Not Divided",2. Wet,U-VA121SC99999UK,3. No,Not SENIOR,Not SPEED,6AM TO 9AM,1,1. No Traffic Control,5.Hampton Roads,5. Rain,2. No,Not YOUNG
Not ALCIHOL,Not UNBELTED,BIKE,2. Angle,7/14/2013,7/14/2013,22. Bicycle,825,C.Non-Visible Injury,Newport News,Urban,22. Bicycle,6AM TO 9AM,121.Newport News,,Not Intersection,Sunday,Not DEER,1,133240208,,1. On Roadway,,Not GUARDRAIL,Not HIT_RUN,1,4. Four Approaches,,0,0,Not LRTRUCK,2. Daylight,MAINLINE,,Not MOTORCYCLE,.,SEC_URBAN,1,Not PED,1,5,NOT-RD,1. Main-Line Roadway,,1. Straight - Level,"1. Two-Way, Not Divided",1. Dry,U-VA121SC99999UK,3. No,Not SENIOR,Not SPEED,6AM TO 9AM,1,3. Traffic Signal,5.Hampton Roads,1. No Adverse Condition (Clear/Cloudy),2. No,Not YOUNG
Not ALCIHOL,Not UNBELTED,BIKE,4. Sideswipe - Same Direction,11/29/2014,11/29/2014,22. Bicycle,309,C.Non-Visible Injury,Norfolk,Urban,22. Bicycle,3AM TO 6AM,122.Norfolk,396,Intersection,Saturday,Not DEER,1,143530098,"1.Divided, no control of access",1. On Roadway,E.Urban Other Principle Arterials; Connecting Links of Other Rural Principal Arterial,Not GUARDRAIL,HIT_RUN,1,1. Not at Intersection,143530098,0,0,Not LRTRUCK,4. Darkness - Road Lighted,MAINLINE,MAIN,Not MOTORCYCLE,483771.  US00460       US00460      12208639,PRI_URBAN,1,Not PED,1,5,NOT-RD,1. Main-Line Roadway,398.28,5. Hillcrest - Straight,"3. Two-Way, Divided, Positive Median Barrier",1. Dry,R-VA   US00460EB,3. No,Not SENIOR,Not SPEED,3AM TO 6AM,1,1. No Traffic Control,5.Hampton Roads,1. No Adverse Condition (Clear/Cloudy),2. No,Not YOUNG
Not ALCIHOL,Not UNBELTED,BIKE,2. Angle,4/15/2016,4/15/2016,22. Bicycle,1559,A.Ambulatory Injury,York,Urban,22. Bicycle,3PM TO 6PM,99.York,63,Intersection,Friday,Not DEER,1,161125504,"1.Divided, no control of access",1. On Roadway,E.Urban Other Principle Arterials; Connecting Links of Other Rural Principal Arterial,Not GUARDRAIL,Not HIT_RUN,1,1. Not at Intersection,161125504,0,0,Not LRTRUCK,2. Daylight,MAINLINE,MAIN,Not MOTORCYCLE,752141.  9901379       US00017       US00017,VDOT_PRI,1,Not PED,1,5,NOT-RD,8. Non-Intersection,64.14,1. Straight - Level,"2. Two-Way, Divided, Unprotected Median",1. Dry,R-VA   US00017NB,3. No,Not SENIOR,Not SPEED,3PM TO 6PM,1,6. Traffic Lanes Marked,5.Hampton Roads,1. No Adverse Condition (Clear/Cloudy),2. No,Not YOUNG
Not ALCIHOL,Not UNBELTED,BIKE,2. Angle,4/16/2016,4/16/2016,22. Bicycle,1135,B.Visiible Injury,Virginia Beach,Urban,22. Bicycle,9AM TO 12PM,134.Virginia Beach,37,Intersection,Saturday,Not DEER,1,161095460,"0.Two-way, non-divided",1. On Roadway,I.Urban Collector,Not GUARDRAIL,Not HIT_RUN,1,2. Two Approaches,161095460,0,0,Not LRTRUCK,2. Daylight,MAINLINE,MAIN,Not MOTORCYCLE,541300. 13400014      13400014      13408725,SEC_URBAN,2,Not PED,2,5,NOT-RD,9. Within Intersection,0.01,1. Straight - Level,"2. Two-Way, Divided, Unprotected Median",1. Dry,R-VA134UR08725SB,3. No,Not SENIOR,Not SPEED,9AM TO 12PM,1,4. Stop Sign,5.Hampton Roads,1. No Adverse Condition (Clear/Cloudy),2. No,YOUNG
ALCOHOL,Not UNBELTED,BIKE,3. Head On,4/17/2016,4/17/2016,20. Motor Vehicle In Transport,1030,C.Non-Visible Injury,Norfolk,Urban,20. Motor Vehicle In Transport,9AM TO 12PM,122.Norfolk,,Not Intersection,Sunday,Not DEER,1,161960021,,1. On Roadway,,Not GUARDRAIL,Not HIT_RUN,1,3. Three Approaches,,0,0,Not LRTRUCK,2. Daylight,MAINLINE,,Not MOTORCYCLE,.,SEC_URBAN,1,Not PED,1,5,RD-UNKNOWN,1. Main-Line Roadway,,1. Straight - Level,"1. Two-Way, Not Divided",1. Dry,U-VA122SC99999UK,3. No,Not SENIOR,Not SPEED,9AM TO 12PM,1,4. Stop Sign,5.Hampton Roads,1. No Adverse Condition (Clear/Cloudy),2. No,Not YOUNG
Not ALCIHOL,Not UNBELTED,BIKE,16. Other,7/15/2013,7/15/2013,22. Bicycle,1654,B.Visiible Injury,Virginia Beach,Urban,22. Bicycle,3PM TO 6PM,134.Virginia Beach,"1,748",Intersection,Monday,Not DEER,1,131985281,"0.Two-way, non-divided",1. On Roadway,H.Urban Minor Arterial,Not GUARDRAIL,Not HIT_RUN,1,4. Four Approaches,131985281,0,0,Not LRTRUCK,2. Daylight,MAINLINE,MAIN,Not MOTORCYCLE,541473. 13408669      13408669      13408783,SEC_URBAN,1,Not PED,1,5,NOT-RD,9. Within Intersection,15.94,1. Straight - Level,"1. Two-Way, Not Divided",1. Dry,R-VA134UR08669SB,1. Yes,Not SENIOR,Not SPEED,3PM TO 6PM,1,3. Traffic Signal,5.Hampton Roads,1. No Adverse Condition (Clear/Cloudy),2. No,Not YOUNG
Not ALCIHOL,Not UNBELTED,BIKE,2. Angle,7/15/2013,7/15/2013,20. Motor Vehicle In Transport,2215,C.Non-Visible Injury,Hampton,Urban,20. Motor Vehicle In Transport,9PM TO 12AM,114.Hampton,776,Intersection,Monday,Not DEER,1,133240194,"1.Divided, no control of access",1. On Roadway,H.Urban Minor Arterial,Not GUARDRAIL,Not HIT_RUN,1,1. Not at Intersection,133240194,0,0,Not LRTRUCK,4. Darkness - Road Lighted,MAINLINE,MAIN,Not MOTORCYCLE,253181.  SR00415       SR00415      11407012      11407059,PRI_URBAN,1,Not PED,1,5,NOT-RD,1. Main-Line Roadway,1.04,1. Straight - Level,"1. Two-Way, Not Divided",1. Dry,R-VA   SR00415WB,3. No,Not SENIOR,Not SPEED,9PM TO 12AM,1,6. Traffic Lanes Marked,5.Hampton Roads,1. No Adverse Condition (Clear/Cloudy),2. No,YOUNG