Alcohol Notalcohol,Belted Unbelted,Bike Nonbike,Collision Type,CRASH_DT (copy),Crash Dt,Crash Event Type Dsc,Crash Military Tm,Crash Severity,Juris Name Used,Area Type Used,First Harmful Event of Entire Crash,Time Slicing Used,Phy_Juris_Nm,Offset-Ft,Intersection Analysis,Day Of Week,Deer Nodeer,TOTAL CRASH,Document Nbr,FAC,First Harmful Event,FUN,Gr Nogr,Hitrun Not Hitrun,Injury Crashes,Intersection Type,Int Doc,K_CRASH,K People,Lgtruck Nonlgtruck,Light Condition,MAINLINE (group),Mainline Yn,Motor Nonmotor,Node Info,Ownership,Total People Killed & Injured,Ped Nonped,Persons Injured,VSP_Used,Rd Type,Relation To Roadway,Rns Mp,Roadway Alignment,Roadway Description,Roadway Surface Cond,Rte Nm,School Zone,Senior Notsenior,Speed Notspeed,Time Slicing,Total Crashes including Property Damage Only,Traffic Control Type,District_Used ,Weather Condition,Work Zone Related,Young Notyoung
Not ALCIHOL,Not UNBELTED,BIKE,13. Bicyclist,7/15/2013,7/15/2013,20. Motor Vehicle In Transport,1110,C.Non-Visible Injury,Norfolk,Urban,20. Motor Vehicle In Transport,9AM TO 12PM,122.Norfolk,137,Intersection,Monday,Not DEER,1,133240175,"4.One-way, part of a one-way system",1. On Roadway,H.Urban Minor Arterial,Not GUARDRAIL,Not HIT_RUN,1,4. Four Approaches,133240175,0,0,Not LRTRUCK,2. Daylight,MAINLINE,MAIN,Not MOTORCYCLE,483564. 12208575      12208575      1SR00247P     1SR00247P,PRI_URBAN,1,Not PED,1,5,NOT-RD,9. Within Intersection,1.31,1. Straight - Level,"3. Two-Way, Divided, Positive Median Barrier",1. Dry,R-VA   SR00247PA001,3. No,SENIOR,Not SPEED,9AM TO 12PM,1,3. Traffic Signal,5.Hampton Roads,1. No Adverse Condition (Clear/Cloudy),2. No,Not YOUNG
Not ALCIHOL,Not UNBELTED,BIKE,8. Non-Collision,7/16/2013,7/16/2013,10. Other,1105,B.Visiible Injury,Franklin,Urban,Other,9AM TO 12PM,145.Franklin,106,Intersection,Tuesday,Not DEER,1,132045030,"0.Two-way, non-divided",1. On Roadway,H.Urban Minor Arterial,Not GUARDRAIL,Not HIT_RUN,1,2. Two Approaches,132045030,0,0,Not LRTRUCK,2. Daylight,MAINLINE,MAIN,Not MOTORCYCLE,611793. 14503914     C2US00258     C2US00258,PRI_URBAN,1,Not PED,1,5,NOT-RD,1. Main-Line Roadway,0.56,1. Straight - Level,"1. Two-Way, Not Divided",1. Dry,R-VA   US00258WBBUS002,3. No,Not SENIOR,Not SPEED,9AM TO 12PM,1,4. Stop Sign,5.Hampton Roads,1. No Adverse Condition (Clear/Cloudy),2. No,Not YOUNG
Not ALCIHOL,Not UNBELTED,BIKE,2. Angle,7/16/2013,7/16/2013,22. Bicycle,1821,B.Visiible Injury,Virginia Beach,Urban,22. Bicycle,6PM TO 9PM,134.Virginia Beach,"1,632",Intersection,Tuesday,Not DEER,1,132015102,"0.Two-way, non-divided",1. On Roadway,H.Urban Minor Arterial,Not GUARDRAIL,Not HIT_RUN,1,4. Four Approaches,132015102,0,0,Not LRTRUCK,2. Daylight,MAINLINE,MAIN,Not MOTORCYCLE,541091. 13408721     C7US00058     C7US00058,PRI_URBAN,1,Not PED,1,5,NOT-RD,10. Intersection Related - Within 150 Feet,3.44,1. Straight - Level,"1. Two-Way, Not Divided",1. Dry,R-VA   US00058EBBUS007,3. No,Not SENIOR,Not SPEED,6PM TO 9PM,1,1. No Traffic Control,5.Hampton Roads,1. No Adverse Condition (Clear/Cloudy),2. No,Not YOUNG
Not ALCIHOL,Not UNBELTED,BIKE,2. Angle,7/16/2013,7/16/2013,20. Motor Vehicle In Transport,1352,B.Visiible Injury,Williamsburg,Urban,20. Motor Vehicle In Transport,12PM TO 3PM,137.Williamsburg,"2,276",Intersection,Tuesday,Not DEER,1,133250002,"0.Two-way, non-divided",1. On Roadway,E.Urban Other Principle Arterials; Connecting Links of Other Rural Principal Arterial,Not GUARDRAIL,Not HIT_RUN,1,3. Three Approaches,133250002,0,0,Not LRTRUCK,2. Daylight,MAINLINE,MAIN,Not MOTORCYCLE,398768.  US00060       US00060      13707081,PRI_URBAN,1,Not PED,1,5,NOT-RD,9. Within Intersection,237.66,1. Straight - Level,"2. Two-Way, Divided, Unprotected Median",1. Dry,R-VA   US00060EB,3. No,Not SENIOR,SPEED,12PM TO 3PM,1,14. Ped Crosswalk,5.Hampton Roads,1. No Adverse Condition (Clear/Cloudy),2. No,YOUNG
Not ALCIHOL,Not UNBELTED,BIKE,16. Other,7/16/2013,7/16/2013,22. Bicycle,1711,B.Visiible Injury,Virginia Beach,Urban,22. Bicycle,3PM TO 6PM,134.Virginia Beach,0,Intersection,Tuesday,Not DEER,1,132015104,"1.Divided, no control of access",1. On Roadway,H.Urban Minor Arterial,Not GUARDRAIL,HIT_RUN,1,4. Four Approaches,132015104,0,0,Not LRTRUCK,2. Daylight,MAINLINE,MAIN,Not MOTORCYCLE,541224.  SR00279       SR00279      13408714,PRI_URBAN,1,Not PED,1,5,NOT-RD,1. Main-Line Roadway,0.82,1. Straight - Level,"2. Two-Way, Divided, Unprotected Median",1. Dry,R-VA   SR00279NB,3. No,Not SENIOR,Not SPEED,3PM TO 6PM,1,3. Traffic Signal,5.Hampton Roads,1. No Adverse Condition (Clear/Cloudy),2. No,Not YOUNG
Not ALCIHOL,Not UNBELTED,BIKE,5. Sideswipe - Opposite Direction,7/17/2013,7/17/2013,22. Bicycle,1848,B.Visiible Injury,Hampton,Urban,22. Bicycle,6PM TO 9PM,114.Hampton,639,Intersection,Wednesday,Not DEER,1,133250073,"0.Two-way, non-divided","8. Off Roadway, Location Unknown",H.Urban Minor Arterial,Not GUARDRAIL,Not HIT_RUN,1,1. Not at Intersection,133250073,0,0,Not LRTRUCK,2. Daylight,MAINLINE,MAIN,Not MOTORCYCLE,253010.  SR00143       US00060       US00060,PRI_URBAN,1,Not PED,1,5,NOT-RD,8. Non-Intersection,272.84,1. Straight - Level,"1. Two-Way, Not Divided",1. Dry,R-VA   US00060WB,3. No,Not SENIOR,Not SPEED,6PM TO 9PM,1,1. No Traffic Control,5.Hampton Roads,1. No Adverse Condition (Clear/Cloudy),2. No,Not YOUNG
Not ALCIHOL,Not UNBELTED,BIKE,16. Other,4/22/2016,4/22/2016,20. Motor Vehicle In Transport,1724,B.Visiible Injury,Virginia Beach,Urban,20. Motor Vehicle In Transport,3PM TO 6PM,134.Virginia Beach,48,Intersection,Friday,Not DEER,1,161205222,"0.Two-way, non-divided",1. On Roadway,H.Urban Minor Arterial,Not GUARDRAIL,Not HIT_RUN,1,4. Four Approaches,161205222,0,0,Not LRTRUCK,2. Daylight,MAINLINE,MAIN,Not MOTORCYCLE,541940. 13408717      13408717      13408739      13408739,SEC_URBAN,1,Not PED,1,5,NOT-RD,9. Within Intersection,1.45,1. Straight - Level,"3. Two-Way, Divided, Positive Median Barrier",2. Wet,R-VA134UR08739NB,3. No,Not SENIOR,Not SPEED,3PM TO 6PM,1,3. Traffic Signal,5.Hampton Roads,5. Rain,2. No,Not YOUNG
Not ALCIHOL,Not UNBELTED,BIKE,2. Angle,4/23/2016,4/23/2016,20. Motor Vehicle In Transport,1245,B.Visiible Injury,Virginia Beach,Urban,20. Motor Vehicle In Transport,12PM TO 3PM,134.Virginia Beach,,Not Intersection,Saturday,Not DEER,1,161155050,,1. On Roadway,,Not GUARDRAIL,HIT_RUN,1,3. Three Approaches,,0,0,Not LRTRUCK,2. Daylight,MAINLINE,,Not MOTORCYCLE,.,SEC_URBAN,1,Not PED,1,5,NOT-RD,9. Within Intersection,,1. Straight - Level,"1. Two-Way, Not Divided",1. Dry,U-VA134SC99999UK,3. No,Not SENIOR,Not SPEED,12PM TO 3PM,1,4. Stop Sign,5.Hampton Roads,1. No Adverse Condition (Clear/Cloudy),2. No,Not YOUNG
Not ALCIHOL,Not UNBELTED,BIKE,1. Rear End,7/18/2013,7/18/2013,22. Bicycle,1610,B.Visiible Injury,Virginia Beach,Urban,22. Bicycle,3PM TO 6PM,134.Virginia Beach,48,Intersection,Thursday,Not DEER,1,132005013,"0.Two-way, non-divided",1. On Roadway,I.Urban Collector,Not GUARDRAIL,Not HIT_RUN,1,3. Three Approaches,132005013,0,0,Not LRTRUCK,2. Daylight,MAINLINE,MAIN,Not MOTORCYCLE,541622. 13408681      13408681      13408705,SEC_URBAN,1,Not PED,1,5,NOT-RD,9. Within Intersection,0.33,1. Straight - Level,"1. Two-Way, Not Divided",1. Dry,R-VA134UR08681NB,3. No,Not SENIOR,Not SPEED,3PM TO 6PM,1,3. Traffic Signal,5.Hampton Roads,1. No Adverse Condition (Clear/Cloudy),2. No,Not YOUNG
Not ALCIHOL,Not UNBELTED,BIKE,2. Angle,7/18/2013,7/18/2013,20. Motor Vehicle In Transport,1356,B.Visiible Injury,Norfolk,Urban,20. Motor Vehicle In Transport,12PM TO 3PM,122.Norfolk,,Not Intersection,Thursday,Not DEER,1,133250097,,1. On Roadway,,Not GUARDRAIL,Not HIT_RUN,1,4. Four Approaches,,0,0,Not LRTRUCK,2. Daylight,MAINLINE,,Not MOTORCYCLE,.,SEC_URBAN,1,Not PED,1,5,NOT-RD,9. Within Intersection,,1. Straight - Level,"1. Two-Way, Not Divided",1. Dry,U-VA122SC99999UK,3. No,Not SENIOR,Not SPEED,12PM TO 3PM,1,4. Stop Sign,5.Hampton Roads,1. No Adverse Condition (Clear/Cloudy),2. No,YOUNG
Not ALCIHOL,Not UNBELTED,BIKE,2. Angle,7/19/2013,7/19/2013,28. Ran Off Road,1029,B.Visiible Injury,Virginia Beach,Urban,28. Ran Off Road,9AM TO 12PM,134.Virginia Beach,11,Intersection,Friday,Not DEER,1,132035041,"0.Two-way, non-divided",1. On Roadway,I.Urban Collector,Not GUARDRAIL,Not HIT_RUN,1,3. Three Approaches,132035041,0,0,Not LRTRUCK,2. Daylight,MAINLINE,MAIN,Not MOTORCYCLE,541172.  SR00190       SR00190      13408731,SEC_URBAN,1,Not PED,1,5,NOT-RD,9. Within Intersection,0.00,1. Straight - Level,"2. Two-Way, Divided, Unprotected Median",1. Dry,R-VA134UR08731NB,3. No,SENIOR,Not SPEED,9AM TO 12PM,1,1. No Traffic Control,5.Hampton Roads,1. No Adverse Condition (Clear/Cloudy),2. No,Not YOUNG
Not ALCIHOL,Not UNBELTED,BIKE,2. Angle,7/20/2013,7/20/2013,22. Bicycle,1425,B.Visiible Injury,Norfolk,Urban,22. Bicycle,12PM TO 3PM,122.Norfolk,"1,690",Intersection,Saturday,Not DEER,1,133290048,"0.Two-way, non-divided",1. On Roadway,I.Urban Collector,Not GUARDRAIL,Not HIT_RUN,1,4. Four Approaches,133290048,0,0,Not LRTRUCK,2. Daylight,MAINLINE,MAIN,Not MOTORCYCLE,485568. 12208620      12208620      12208621      12208621,SEC_URBAN,1,Not PED,1,5,NOT-RD,9. Within Intersection,0.32,1. Straight - Level,"1. Two-Way, Not Divided",1. Dry,R-VA122UR08621NB,3. No,Not SENIOR,Not SPEED,12PM TO 3PM,1,4. Stop Sign,5.Hampton Roads,1. No Adverse Condition (Clear/Cloudy),2. No,Not YOUNG
Not ALCIHOL,Not UNBELTED,BIKE,2. Angle,7/23/2013,7/23/2013,22. Bicycle,1644,A.Ambulatory Injury,Portsmouth,Urban,22. Bicycle,3PM TO 6PM,124.Portsmouth,"1,114",Intersection,Tuesday,Not DEER,1,132395201,"0.Two-way, non-divided",1. On Roadway,H.Urban Minor Arterial,Not GUARDRAIL,Not HIT_RUN,1,4. Four Approaches,132395201,0,0,Not LRTRUCK,2. Daylight,MAINLINE,MAIN,Not MOTORCYCLE,484362. 12408558      12408558      12408760      12408760,SEC_URBAN,1,Not PED,1,5,NOT-RD,1. Main-Line Roadway,0.56,1. Straight - Level,"2. Two-Way, Divided, Unprotected Median",1. Dry,R-VA124UR08558NB,3. No,Not SENIOR,Not SPEED,3PM TO 6PM,1,3. Traffic Signal,5.Hampton Roads,1. No Adverse Condition (Clear/Cloudy),2. No,Not YOUNG
Not ALCIHOL,Not UNBELTED,BIKE,2. Angle,7/23/2013,7/23/2013,39. Fell/Jumped From Vehicle,1217,B.Visiible Injury,Williamsburg,Urban,39. Fell/Jumped From Vehicle,12PM TO 3PM,137.Williamsburg,908,Intersection,Tuesday,Not DEER,1,133380003,"0.Two-way, non-divided",1. On Roadway,H.Urban Minor Arterial,Not GUARDRAIL,Not HIT_RUN,1,2. Two Approaches,133380003,0,0,Not LRTRUCK,2. Daylight,MAINLINE,MAIN,Not MOTORCYCLE,398813. 13707075      13707075      13707077      13707083,SEC_URBAN,1,Not PED,1,5,NOT-RD,9. Within Intersection,0.54,1. Straight - Level,"2. Two-Way, Divided, Unprotected Median",1. Dry,R-VA137UR07075EB,3. No,Not SENIOR,Not SPEED,12PM TO 3PM,1,4. Stop Sign,5.Hampton Roads,1. No Adverse Condition (Clear/Cloudy),2. No,Not YOUNG
Not ALCIHOL,Not UNBELTED,BIKE,2. Angle,4/24/2016,4/24/2016,20. Motor Vehicle In Transport,1745,B.Visiible Injury,Virginia Beach,Urban,20. Motor Vehicle In Transport,3PM TO 6PM,134.Virginia Beach,,Not Intersection,Sunday,Not DEER,1,161585313,,1. On Roadway,,Not GUARDRAIL,Not HIT_RUN,1,1. Not at Intersection,,0,0,Not LRTRUCK,2. Daylight,MAINLINE,,Not MOTORCYCLE,.,SEC_URBAN,2,Not PED,2,5,NOT-RD,8. Non-Intersection,,1. Straight - Level,"1. Two-Way, Not Divided",1. Dry,U-VA134SC99999UK,3. No,Not SENIOR,Not SPEED,3PM TO 6PM,1,6. Traffic Lanes Marked,5.Hampton Roads,1. No Adverse Condition (Clear/Cloudy),2. No,Not YOUNG
Not ALCIHOL,Not UNBELTED,BIKE,1. Rear End,4/24/2016,4/24/2016,22. Bicycle,2111,A.Ambulatory Injury,Hampton,Urban,22. Bicycle,9PM TO 12AM,114.Hampton,"1,468",Intersection,Sunday,Not DEER,1,161235196,"0.Two-way, non-divided",1. On Roadway,H.Urban Minor Arterial,Not GUARDRAIL,HIT_RUN,1,1. Not at Intersection,161235196,0,0,Not LRTRUCK,4. Darkness - Road Lighted,MAINLINE,MAIN,Not MOTORCYCLE,253177.  SR00351       SR00351      11407059      11407059,PRI_URBAN,1,Not PED,1,5,NOT-RD,1. Main-Line Roadway,2.76,1. Straight - Level,"2. Two-Way, Divided, Unprotected Median",1. Dry,R-VA   SR00351EB,3. No,Not SENIOR,Not SPEED,9PM TO 12AM,1,1. No Traffic Control,5.Hampton Roads,1. No Adverse Condition (Clear/Cloudy),2. No,Not YOUNG
Not ALCIHOL,Not UNBELTED,BIKE,2. Angle,4/26/2016,4/26/2016,20. Motor Vehicle In Transport,1249,C.Non-Visible Injury,Virginia Beach,Urban,20. Motor Vehicle In Transport,12PM TO 3PM,134.Virginia Beach,16,Intersection,Tuesday,Not DEER,1,161185074,"1.Divided, no control of access","8. Off Roadway, Location Unknown",E.Urban Other Principle Arterials; Connecting Links of Other Rural Principal Arterial,Not GUARDRAIL,Not HIT_RUN,1,1. Not at Intersection,161185074,0,0,Not LRTRUCK,2. Daylight,MAINLINE,MAIN,Not MOTORCYCLE,541083.  SR00225       SR00225       US00058       US00058,PRI_URBAN,1,Not PED,1,5,NOT-RD,"7. Other location not listed above within an interchange area (median, shoulder , roadside)",500.20,1. Straight - Level,"1. Two-Way, Not Divided",1. Dry,R-VA   US00058EB,3. No,Not SENIOR,Not SPEED,12PM TO 3PM,1,1. No Traffic Control,5.Hampton Roads,1. No Adverse Condition (Clear/Cloudy),2. No,Not YOUNG
Not ALCIHOL,Not UNBELTED,BIKE,2. Angle,7/24/2013,7/24/2013,22. Bicycle,1512,B.Visiible Injury,Virginia Beach,Urban,22. Bicycle,3PM TO 6PM,134.Virginia Beach,496,Intersection,Wednesday,Not DEER,1,132065123,"1.Divided, no control of access",4. Roadside,H.Urban Minor Arterial,Not GUARDRAIL,Not HIT_RUN,1,1. Not at Intersection,132065123,0,0,Not LRTRUCK,2. Daylight,MAINLINE,MAIN,Not MOTORCYCLE,541318. 13408590      13408590      13408717      13408717,SEC_URBAN,1,Not PED,1,5,NOT-RD,1. Main-Line Roadway,2.02,1. Straight - Level,"2. Two-Way, Divided, Unprotected Median",1. Dry,R-VA134UR08717WB,3. No,SENIOR,Not SPEED,3PM TO 6PM,1,1. No Traffic Control,5.Hampton Roads,1. No Adverse Condition (Clear/Cloudy),2. No,Not YOUNG
Not ALCIHOL,Not UNBELTED,BIKE,4. Sideswipe - Same Direction,7/25/2013,7/25/2013,22. Bicycle,500,B.Visiible Injury,Norfolk,Urban,22. Bicycle,3AM TO 6AM,122.Norfolk,0,Intersection,Thursday,Not DEER,1,133380086,"1.Divided, no control of access",1. On Roadway,H.Urban Minor Arterial,Not GUARDRAIL,Not HIT_RUN,1,3. Three Approaches,133380086,0,0,Not LRTRUCK,4. Darkness - Road Lighted,MAINLINE,MAIN,Not MOTORCYCLE,483310.  IS00064W276C  SR00165       SR00165,PRI_URBAN,1,Not PED,1,5,NOT-RD,1. Main-Line Roadway,37.38,1. Straight - Level,"3. Two-Way, Divided, Positive Median Barrier",2. Wet,R-VA   SR00165SB,3. No,Not SENIOR,Not SPEED,3AM TO 6AM,1,3. Traffic Signal,5.Hampton Roads,1. No Adverse Condition (Clear/Cloudy),2. No,Not YOUNG
Not ALCIHOL,Not UNBELTED,BIKE,2. Angle,7/25/2013,7/25/2013,22. Bicycle,1214,B.Visiible Injury,Virginia Beach,Urban,22. Bicycle,12PM TO 3PM,134.Virginia Beach,"2,772",Intersection,Thursday,Not DEER,1,132075047,"1.Divided, no control of access",2. Shoulder,H.Urban Minor Arterial,Not GUARDRAIL,Not HIT_RUN,1,1. Not at Intersection,132075047,0,0,Not LRTRUCK,2. Daylight,MAINLINE,MAIN,Not MOTORCYCLE,541318. 13408590      13408590      13408717      13408717,SEC_URBAN,1,Not PED,1,5,NOT-RD,"13. Driveway, Alley-Access - Related",2.63,1. Straight - Level,"2. Two-Way, Divided, Unprotected Median",1. Dry,R-VA134UR08717WB,3. No,Not SENIOR,Not SPEED,12PM TO 3PM,1,6. Traffic Lanes Marked,5.Hampton Roads,1. No Adverse Condition (Clear/Cloudy),2. No,Not YOUNG
Not ALCIHOL,Not UNBELTED,BIKE,2. Angle,7/26/2013,7/26/2013,22. Bicycle,1545,A.Ambulatory Injury,Hampton,Urban,22. Bicycle,3PM TO 6PM,114.Hampton,,Not Intersection,Friday,Not DEER,1,133380119,,7. In Parking Lane or Zone,,Not GUARDRAIL,Not HIT_RUN,1,3. Three Approaches,,0,0,Not LRTRUCK,2. Daylight,MAINLINE,,Not MOTORCYCLE,.,SEC_URBAN,1,Not PED,1,5,NOT-RD,10. Intersection Related - Within 150 Feet,,1. Straight - Level,"1. Two-Way, Not Divided",1. Dry,U-VA114SC99999UK,3. No,SENIOR,Not SPEED,3PM TO 6PM,1,4. Stop Sign,5.Hampton Roads,1. No Adverse Condition (Clear/Cloudy),2. No,Not YOUNG
Not ALCIHOL,Not UNBELTED,BIKE,2. Angle,7/29/2013,7/29/2013,19. Ped,1521,C.Non-Visible Injury,Norfolk,Urban,19. Ped,3PM TO 6PM,122.Norfolk,"1,917",Intersection,Monday,Not DEER,1,133380157,"1.Divided, no control of access",1. On Roadway,E.Urban Other Principle Arterials; Connecting Links of Other Rural Principal Arterial,Not GUARDRAIL,Not HIT_RUN,1,3. Three Approaches,133380157,0,0,Not LRTRUCK,2. Daylight,MAINLINE,MAIN,Not MOTORCYCLE,483647.  SR00337       SR00337      12208610,PRI_URBAN,1,Not PED,1,5,NOT-RD,9. Within Intersection,33.72,1. Straight - Level,"3. Two-Way, Divided, Positive Median Barrier",1. Dry,R-VA   SR00337EB,3. No,Not SENIOR,Not SPEED,3PM TO 6PM,1,3. Traffic Signal,5.Hampton Roads,1. No Adverse Condition (Clear/Cloudy),2. No,YOUNG
Not ALCIHOL,Not UNBELTED,BIKE,2. Angle,7/31/2013,7/31/2013,22. Bicycle,2050,C.Non-Visible Injury,Norfolk,Urban,22. Bicycle,6PM TO 9PM,122.Norfolk,602,Intersection,Wednesday,Not DEER,1,133380283,"1.Divided, no control of access",1. On Roadway,H.Urban Minor Arterial,Not GUARDRAIL,HIT_RUN,1,4. Four Approaches,133380283,0,0,Not LRTRUCK,5. Darkness - Road Not Lighted,MAINLINE,MAIN,Not MOTORCYCLE,483809.  IS00264W015A  SR00403       SR00403,PRI_URBAN,1,Not PED,1,5,NOT-RD,9. Within Intersection,0.70,1. Straight - Level,"3. Two-Way, Divided, Positive Median Barrier",1. Dry,R-VA   SR00403SB,3. No,Not SENIOR,Not SPEED,6PM TO 9PM,1,3. Traffic Signal,5.Hampton Roads,1. No Adverse Condition (Clear/Cloudy),2. No,Not YOUNG
Not ALCIHOL,Not UNBELTED,BIKE,2. Angle,8/1/2013,8/1/2013,22. Bicycle,2300,A.Ambulatory Injury,Virginia Beach,Urban,22. Bicycle,9PM TO 12AM,134.Virginia Beach,"1,236",Intersection,Thursday,Not DEER,1,132275338,"0.Two-way, non-divided",4. Roadside,H.Urban Minor Arterial,Not GUARDRAIL,Not HIT_RUN,1,1. Not at Intersection,132275338,0,0,Not LRTRUCK,4. Darkness - Road Lighted,MAINLINE,MAIN,Not MOTORCYCLE,541093. 13408723      13408723     C7US00058     C7US00058,PRI_URBAN,1,Not PED,1,5,NOT-RD,8. Non-Intersection,3.03,1. Straight - Level,"1. Two-Way, Not Divided",2. Wet,R-VA   US00058WBBUS007,3. No,Not SENIOR,Not SPEED,9PM TO 12AM,1,6. Traffic Lanes Marked,5.Hampton Roads,5. Rain,2. No,YOUNG
Not ALCIHOL,Not UNBELTED,BIKE,2. Angle,8/2/2013,8/2/2013,22. Bicycle,1730,C.Non-Visible Injury,Virginia Beach,Urban,22. Bicycle,3PM TO 6PM,134.Virginia Beach,"5,718",Intersection,Friday,Not DEER,1,132185125,"0.Two-way, non-divided",1. On Roadway,I.Urban Collector,Not GUARDRAIL,Not HIT_RUN,1,4. Four Approaches,132185125,0,0,Not LRTRUCK,2. Daylight,MAINLINE,MAIN,Not MOTORCYCLE,541279.  IS00264W018A 13400013      13400013      13408738,SEC_URBAN,1,Not PED,1,5,NOT-RD,9. Within Intersection,2.57,1. Straight - Level,"1. Two-Way, Not Divided",1. Dry,R-VA134UR08738EB,3. No,Not SENIOR,Not SPEED,3PM TO 6PM,1,3. Traffic Signal,5.Hampton Roads,1. No Adverse Condition (Clear/Cloudy),2. No,Not YOUNG
Not ALCIHOL,Not UNBELTED,BIKE,2. Angle,8/2/2013,8/2/2013,22. Bicycle,1020,B.Visiible Injury,Virginia Beach,Urban,22. Bicycle,9AM TO 12PM,134.Virginia Beach,,Not Intersection,Friday,Not DEER,1,132215193,,"8. Off Roadway, Location Unknown",,Not GUARDRAIL,Not HIT_RUN,1,1. Not at Intersection,,0,0,Not LRTRUCK,2. Daylight,MAINLINE,,Not MOTORCYCLE,.,SEC_URBAN,2,Not PED,2,5,NOT-RD,8. Non-Intersection,,1. Straight - Level,"4. One-Way, Not Divided",1. Dry,U-VA134SC99999UK,3. No,Not SENIOR,Not SPEED,9AM TO 12PM,1,1. No Traffic Control,5.Hampton Roads,1. No Adverse Condition (Clear/Cloudy),2. No,Not YOUNG
Not ALCIHOL,Not UNBELTED,BIKE,2. Angle,8/2/2013,8/2/2013,22. Bicycle,1340,B.Visiible Injury,Virginia Beach,Urban,22. Bicycle,12PM TO 3PM,134.Virginia Beach,"3,369",Intersection,Friday,Not DEER,1,132165025,"1.Divided, no control of access",1. On Roadway,E.Urban Other Principle Arterials; Connecting Links of Other Rural Principal Arterial,Not GUARDRAIL,Not HIT_RUN,1,1. Not at Intersection,132165025,0,0,Not LRTRUCK,2. Daylight,MAINLINE,MAIN,Not MOTORCYCLE,541475. 13408669      13408669      13408688      13408688,SEC_URBAN,1,Not PED,1,5,NOT-RD,8. Non-Intersection,17.96,1. Straight - Level,"2. Two-Way, Divided, Unprotected Median",1. Dry,R-VA134UR08669SB,3. No,Not SENIOR,Not SPEED,12PM TO 3PM,1,1. No Traffic Control,5.Hampton Roads,1. No Adverse Condition (Clear/Cloudy),2. No,YOUNG
Not ALCIHOL,Not UNBELTED,BIKE,2. Angle,8/2/2013,8/2/2013,22. Bicycle,1615,B.Visiible Injury,Virginia Beach,Urban,22. Bicycle,3PM TO 6PM,134.Virginia Beach,"1,003",Intersection,Friday,Not DEER,1,132155187,"1.Divided, no control of access",1. On Roadway,H.Urban Minor Arterial,Not GUARDRAIL,Not HIT_RUN,1,4. Four Approaches,132155187,0,0,Not LRTRUCK,2. Daylight,MAINLINE,MAIN,Not MOTORCYCLE,541060.  US00058       US00058      13408723,SEC_URBAN,2,Not PED,2,5,NOT-RD,9. Within Intersection,3.80,1. Straight - Level,"2. Two-Way, Divided, Unprotected Median",1. Dry,R-VA134UR08723SB,3. No,Not SENIOR,Not SPEED,3PM TO 6PM,1,4. Stop Sign,5.Hampton Roads,1. No Adverse Condition (Clear/Cloudy),2. No,Not YOUNG
Not ALCIHOL,Not UNBELTED,BIKE,2. Angle,5/3/2016,5/3/2016,20. Motor Vehicle In Transport,830,A.Ambulatory Injury,Norfolk,Urban,20. Motor Vehicle In Transport,6AM TO 9AM,122.Norfolk,470,Intersection,Tuesday,Not DEER,1,161740045,"0.Two-way, non-divided",1. On Roadway,E.Urban Other Principle Arterials; Connecting Links of Other Rural Principal Arterial,Not GUARDRAIL,Not HIT_RUN,1,1. Not at Intersection,161740045,0,0,Not LRTRUCK,2. Daylight,MAINLINE,MAIN,Not MOTORCYCLE,483460.  SR00170       SR00170      12208629,PRI_URBAN,1,Not PED,1,5,NOT-RD,8. Non-Intersection,0.47,1. Straight - Level,"2. Two-Way, Divided, Unprotected Median",1. Dry,R-VA   SR00170WB,3. No,Not SENIOR,Not SPEED,6AM TO 9AM,1,6. Traffic Lanes Marked,5.Hampton Roads,1. No Adverse Condition (Clear/Cloudy),2. No,YOUNG
Not ALCIHOL,Not UNBELTED,BIKE,2. Angle,5/3/2016,5/3/2016,22. Bicycle,1730,C.Non-Visible Injury,Norfolk,Urban,22. Bicycle,3PM TO 6PM,122.Norfolk,"1,484",Intersection,Tuesday,Not DEER,1,161960028,"1.Divided, no control of access",1. On Roadway,E.Urban Other Principle Arterials; Connecting Links of Other Rural Principal Arterial,Not GUARDRAIL,Not HIT_RUN,1,3. Three Approaches,161960028,0,0,Not LRTRUCK,2. Daylight,MAINLINE,MAIN,Not MOTORCYCLE,483354.  SR00166       SR00166      12208641      12208641,PRI_URBAN,1,Not PED,1,5,NOT-RD,9. Within Intersection,10.38,1. Straight - Level,"3. Two-Way, Divided, Positive Median Barrier",1. Dry,R-VA   SR00166WB,3. No,Not SENIOR,Not SPEED,3PM TO 6PM,1,4. Stop Sign,5.Hampton Roads,1. No Adverse Condition (Clear/Cloudy),2. No,Not YOUNG
Not ALCIHOL,Not UNBELTED,BIKE,2. Angle,8/3/2013,8/3/2013,22. Bicycle,1530,B.Visiible Injury,Virginia Beach,Urban,22. Bicycle,3PM TO 6PM,134.Virginia Beach,681,Intersection,Saturday,Not DEER,1,132175162,"1.Divided, no control of access","8. Off Roadway, Location Unknown",H.Urban Minor Arterial,Not GUARDRAIL,Not HIT_RUN,1,1. Not at Intersection,132175162,0,0,Not LRTRUCK,2. Daylight,MAINLINE,MAIN,Not MOTORCYCLE,50671.  SR00165       SR00165       SR00403      12208678,PRI_URBAN,1,Not PED,1,5,NOT-RD,8. Non-Intersection,29.64,1. Straight - Level,"3. Two-Way, Divided, Positive Median Barrier",1. Dry,R-VA   SR00165NB,3. No,SENIOR,Not SPEED,3PM TO 6PM,1,1. No Traffic Control,5.Hampton Roads,1. No Adverse Condition (Clear/Cloudy),2. No,Not YOUNG