Alcohol Notalcohol,Belted Unbelted,Bike Nonbike,Collision Type,CRASH_DT (copy),Crash Dt,Crash Event Type Dsc,Crash Military Tm,Crash Severity,Juris Name Used,Area Type Used,First Harmful Event of Entire Crash,Time Slicing Used,Phy_Juris_Nm,Offset-Ft,Intersection Analysis,Day Of Week,Deer Nodeer,TOTAL CRASH,Document Nbr,FAC,First Harmful Event,FUN,Gr Nogr,Hitrun Not Hitrun,Injury Crashes,Intersection Type,Int Doc,K_CRASH,K People,Lgtruck Nonlgtruck,Light Condition,MAINLINE (group),Mainline Yn,Motor Nonmotor,Node Info,Ownership,Total People Killed & Injured,Ped Nonped,Persons Injured,VSP_Used,Rd Type,Relation To Roadway,Rns Mp,Roadway Alignment,Roadway Description,Roadway Surface Cond,Rte Nm,School Zone,Senior Notsenior,Speed Notspeed,Time Slicing,Total Crashes including Property Damage Only,Traffic Control Type,District_Used ,Weather Condition,Work Zone Related,Young Notyoung
Not ALCIHOL,Not UNBELTED,BIKE,2. Angle,1/10/2015,1/10/2015,20. Motor Vehicle In Transport,1900,B.Visiible Injury,Newport News,Urban,20. Motor Vehicle In Transport,6PM TO 9PM,121.Newport News,180,Intersection,Saturday,Not DEER,1,150440005,"0.Two-way, non-divided",1. On Roadway,H.Urban Minor Arterial,Not GUARDRAIL,Not HIT_RUN,1,1. Not at Intersection,150440005,0,0,Not LRTRUCK,4. Darkness - Road Lighted,MAINLINE,MAIN,Not MOTORCYCLE,646041.  SR00152       US00060       US00060,PRI_URBAN,1,Not PED,1,5,NOT-RD,1. Main-Line Roadway,0.03,1. Straight - Level,"1. Two-Way, Not Divided",1. Dry,R-VA   SR00152WB,3. No,Not SENIOR,Not SPEED,6PM TO 9PM,1,6. Traffic Lanes Marked,5.Hampton Roads,1. No Adverse Condition (Clear/Cloudy),2. No,Not YOUNG
Not ALCIHOL,Not UNBELTED,BIKE,1. Rear End,1/13/2015,1/13/2015,22. Bicycle,710,A.Ambulatory Injury,Suffolk,Urban,22. Bicycle,6AM TO 9AM,133.Suffolk,269,Intersection,Tuesday,Not DEER,1,150775072,"1.Divided, no control of access",1. On Roadway,E.Urban Other Principle Arterials; Connecting Links of Other Rural Principal Arterial,Not GUARDRAIL,Not HIT_RUN,1,1. Not at Intersection,150775072,0,0,Not LRTRUCK,1. Dawn,MAINLINE,MAIN,Not MOTORCYCLE,756159.  US00017       US00017,PRI_URBAN,2,Not PED,2,5,NOT-RD,1. Main-Line Roadway,34.44,3. Grade - Straight,"2. Two-Way, Divided, Unprotected Median",2. Wet,R-VA   US00017SB,3. No,Not SENIOR,Not SPEED,6AM TO 9AM,1,6. Traffic Lanes Marked,5.Hampton Roads,1. No Adverse Condition (Clear/Cloudy),2. No,Not YOUNG
Not ALCIHOL,Not UNBELTED,BIKE,2. Angle,1/14/2015,1/14/2015,22. Bicycle,1057,B.Visiible Injury,Virginia Beach,Urban,22. Bicycle,9AM TO 12PM,134.Virginia Beach,301,Intersection,Wednesday,Not DEER,1,150505241,"0.Two-way, non-divided",1. On Roadway,H.Urban Minor Arterial,Not GUARDRAIL,Not HIT_RUN,1,4. Four Approaches,150505241,0,0,LRTRUCK,2. Daylight,MAINLINE,MAIN,Not MOTORCYCLE,541094. 13408729     C7US00058     C7US00058,PRI_URBAN,1,Not PED,1,5,NOT-RD,9. Within Intersection,1.78,1. Straight - Level,"1. Two-Way, Not Divided",2. Wet,R-VA   US00058EBBUS007,3. No,Not SENIOR,Not SPEED,9AM TO 12PM,1,6. Traffic Lanes Marked,5.Hampton Roads,5. Rain,2. No,Not YOUNG
Not ALCIHOL,Not UNBELTED,BIKE,2. Angle,8/20/2013,8/20/2013,22. Bicycle,939,C.Non-Visible Injury,Portsmouth,Urban,22. Bicycle,9AM TO 12PM,124.Portsmouth,32,Intersection,Tuesday,Not DEER,1,133640014,"0.Two-way, non-divided",1. On Roadway,I.Urban Collector,Not GUARDRAIL,Not HIT_RUN,1,4. Four Approaches,133640014,0,0,Not LRTRUCK,2. Daylight,MAINLINE,MAIN,Not MOTORCYCLE,483148.  US00058       US00058      12408544      12408544,SEC_URBAN,1,Not PED,1,5,NOT-RD,9. Within Intersection,0.76,1. Straight - Level,"1. Two-Way, Not Divided",1. Dry,R-VA124UR08544NB,3. No,Not SENIOR,Not SPEED,9AM TO 12PM,1,4. Stop Sign,5.Hampton Roads,1. No Adverse Condition (Clear/Cloudy),2. No,Not YOUNG
Not ALCIHOL,Not UNBELTED,BIKE,2. Angle,8/20/2013,8/20/2013,20. Motor Vehicle In Transport,1143,B.Visiible Injury,Virginia Beach,Urban,20. Motor Vehicle In Transport,9AM TO 12PM,134.Virginia Beach,90,Intersection,Tuesday,Not DEER,1,132345022,"1.Divided, no control of access",1. On Roadway,E.Urban Other Principle Arterials; Connecting Links of Other Rural Principal Arterial,Not GUARDRAIL,Not HIT_RUN,1,4. Four Approaches,132345022,0,0,Not LRTRUCK,2. Daylight,MAINLINE,MAIN,Not MOTORCYCLE,541083.  SR00225       SR00225       US00058       US00058,PRI_URBAN,2,Not PED,2,5,NOT-RD,9. Within Intersection,0.83,1. Straight - Level,"3. Two-Way, Divided, Positive Median Barrier",1. Dry,R-VA   SR00225NB,3. No,SENIOR,Not SPEED,9AM TO 12PM,1,3. Traffic Signal,5.Hampton Roads,1. No Adverse Condition (Clear/Cloudy),2. No,Not YOUNG
Not ALCIHOL,Not UNBELTED,BIKE,2. Angle,8/21/2013,8/21/2013,22. Bicycle,1352,B.Visiible Injury,Virginia Beach,Urban,22. Bicycle,12PM TO 3PM,134.Virginia Beach,169,Intersection,Wednesday,Not DEER,1,132345027,"1.Divided, no control of access",4. Roadside,E.Urban Other Principle Arterials; Connecting Links of Other Rural Principal Arterial,Not GUARDRAIL,Not HIT_RUN,1,1. Not at Intersection,132345027,0,0,Not LRTRUCK,2. Daylight,MAINLINE,MAIN,Not MOTORCYCLE,541083.  SR00225       SR00225       US00058       US00058,PRI_URBAN,1,Not PED,1,5,NOT-RD,10. Intersection Related - Within 150 Feet,500.19,1. Straight - Level,"3. Two-Way, Divided, Positive Median Barrier",1. Dry,R-VA   US00058WB,3. No,Not SENIOR,Not SPEED,12PM TO 3PM,1,1. No Traffic Control,5.Hampton Roads,1. No Adverse Condition (Clear/Cloudy),2. No,Not YOUNG
Not ALCIHOL,Not UNBELTED,BIKE,2. Angle,8/21/2013,8/21/2013,22. Bicycle,1458,A.Ambulatory Injury,Hampton,Urban,22. Bicycle,12PM TO 3PM,114.Hampton,739,Intersection,Wednesday,Not DEER,1,133640086,"0.Two-way, non-divided",1. On Roadway,H.Urban Minor Arterial,Not GUARDRAIL,Not HIT_RUN,1,1. Not at Intersection,133640086,0,0,Not LRTRUCK,2. Daylight,MAINLINE,MAIN,Not MOTORCYCLE,253170.  SR00351       SR00351      11407049      11407049,PRI_URBAN,1,Not PED,1,5,NOT-RD,8. Non-Intersection,7.18,1. Straight - Level,"2. Two-Way, Divided, Unprotected Median",1. Dry,R-VA   SR00351EB,3. No,SENIOR,Not SPEED,12PM TO 3PM,1,6. Traffic Lanes Marked,5.Hampton Roads,1. No Adverse Condition (Clear/Cloudy),2. No,Not YOUNG
ALCOHOL,Not UNBELTED,BIKE,2. Angle,1/17/2015,1/17/2015,42. Other Non-Collision,1205,B.Visiible Injury,Virginia Beach,Urban,42. Other Non-Collision,12PM TO 3PM,134.Virginia Beach,"1,420",Intersection,Saturday,Not DEER,1,150385089,"0.Two-way, non-divided",1. On Roadway,H.Urban Minor Arterial,Not GUARDRAIL,Not HIT_RUN,1,1. Not at Intersection,150385089,0,0,Not LRTRUCK,2. Daylight,MAINLINE,MAIN,Not MOTORCYCLE,541095. 13400009      13408726     C7US00058     C7US00058,PRI_URBAN,2,Not PED,2,5,NOT-RD,1. Main-Line Roadway,1.13,1. Straight - Level,"1. Two-Way, Not Divided",1. Dry,R-VA   US00058WBBUS007,3. No,SENIOR,Not SPEED,12PM TO 3PM,1,6. Traffic Lanes Marked,5.Hampton Roads,1. No Adverse Condition (Clear/Cloudy),2. No,Not YOUNG
Not ALCIHOL,Not UNBELTED,BIKE,3. Head On,8/24/2013,8/24/2013,22. Bicycle,2330,B.Visiible Injury,Virginia Beach,Urban,22. Bicycle,9PM TO 12AM,134.Virginia Beach,"3,311",Intersection,Saturday,Not DEER,1,132385186,"0.Two-way, non-divided",1. On Roadway,I.Urban Collector,Not GUARDRAIL,Not HIT_RUN,1,1. Not at Intersection,132385186,0,0,Not LRTRUCK,4. Darkness - Road Lighted,MAINLINE,MAIN,Not MOTORCYCLE,541493. 13408669      13408669      13408724      13408724,SEC_URBAN,1,Not PED,1,5,RD-UNKNOWN,8. Non-Intersection,0.77,1. Straight - Level,"2. Two-Way, Divided, Unprotected Median",1. Dry,R-VA134UR08724WB,3. No,Not SENIOR,Not SPEED,9PM TO 12AM,1,6. Traffic Lanes Marked,5.Hampton Roads,1. No Adverse Condition (Clear/Cloudy),2. No,Not YOUNG
Not ALCIHOL,Not UNBELTED,BIKE,2. Angle,8/24/2013,8/24/2013,20. Motor Vehicle In Transport,1058,K.Fatal Injury,York,Urban,20. Motor Vehicle In Transport,9AM TO 12PM,99.York,565,Intersection,Saturday,Not DEER,1,132375111,"0.Two-way, non-divided",1. On Roadway,I.Urban Collector,Not GUARDRAIL,Not HIT_RUN,0,1. Not at Intersection,132375111,1,1,Not LRTRUCK,2. Daylight,MAINLINE,MAIN,Not MOTORCYCLE,671179.  9900634       9900704       9900704,VDOT_SEC,1,Not PED,0,5,NOT-RD,"13. Driveway, Alley-Access - Related",0.86,3. Grade - Straight,"1. Two-Way, Not Divided",1. Dry,R-VA099SC00704NB,3. No,SENIOR,Not SPEED,9AM TO 12PM,1,6. Traffic Lanes Marked,5.Hampton Roads,1. No Adverse Condition (Clear/Cloudy),2. No,Not YOUNG
Not ALCIHOL,Not UNBELTED,BIKE,1. Rear End,8/25/2013,8/25/2013,22. Bicycle,2020,K.Fatal Injury,Accomack,Rural,22. Bicycle,6PM TO 9PM,1.Accomack,"1,320",Intersection,Sunday,Not DEER,1,132535235,"0.Two-way, non-divided",1. On Roadway,4.Rural Major Collector,Not GUARDRAIL,Not HIT_RUN,0,1. Not at Intersection,132535235,1,1,Not LRTRUCK,5. Darkness - Road Not Lighted,MAINLINE,MAIN,Not MOTORCYCLE,105361.  0100679       0100679       SR00175       SR00175,VDOT_SEC,1,Not PED,0,5,NOT-RD,8. Non-Intersection,15.67,1. Straight - Level,"1. Two-Way, Not Divided",1. Dry,R-VA001SC00679NB,3. No,Not SENIOR,Not SPEED,6PM TO 9PM,1,6. Traffic Lanes Marked,5.Hampton Roads,1. No Adverse Condition (Clear/Cloudy),2. No,Not YOUNG
Not ALCIHOL,Not UNBELTED,BIKE,2. Angle,8/25/2013,8/25/2013,20. Motor Vehicle In Transport,1711,B.Visiible Injury,Virginia Beach,Urban,20. Motor Vehicle In Transport,3PM TO 6PM,134.Virginia Beach,,Not Intersection,Sunday,Not DEER,1,132385192,,1. On Roadway,,Not GUARDRAIL,Not HIT_RUN,1,4. Four Approaches,,0,0,Not LRTRUCK,2. Daylight,MAINLINE,,Not MOTORCYCLE,.,SEC_URBAN,1,Not PED,1,5,NOT-RD,9. Within Intersection,,1. Straight - Level,"1. Two-Way, Not Divided",1. Dry,U-VA134SC99999UK,3. No,Not SENIOR,Not SPEED,3PM TO 6PM,1,4. Stop Sign,5.Hampton Roads,1. No Adverse Condition (Clear/Cloudy),2. No,Not YOUNG
ALCOHOL,Not UNBELTED,BIKE,4. Sideswipe - Same Direction,8/26/2013,8/26/2013,22. Bicycle,2015,A.Ambulatory Injury,Chesapeake,Urban,22. Bicycle,6PM TO 9PM,131.Chesapeake,322,Intersection,Monday,Not DEER,1,132395004,"1.Divided, no control of access",1. On Roadway,E.Urban Other Principle Arterials; Connecting Links of Other Rural Principal Arterial,Not GUARDRAIL,HIT_RUN,1,1. Not at Intersection,132395004,0,0,Not LRTRUCK,4. Darkness - Road Lighted,MAINLINE,MAIN,Not MOTORCYCLE,726477.C1SR00168     C1SR00168,PRI_URBAN,2,Not PED,2,5,NOT-RD,8. Non-Intersection,12.00,1. Straight - Level,"3. Two-Way, Divided, Positive Median Barrier",1. Dry,R-VA   SR00168SBBUS001,3. No,Not SENIOR,Not SPEED,6PM TO 9PM,1,6. Traffic Lanes Marked,5.Hampton Roads,1. No Adverse Condition (Clear/Cloudy),2. No,Not YOUNG
ALCOHOL,Not UNBELTED,BIKE,4. Sideswipe - Same Direction,8/26/2013,8/26/2013,20. Motor Vehicle In Transport,236,B.Visiible Injury,Chesapeake,Urban,20. Motor Vehicle In Transport,0AM TO 3AM,131.Chesapeake,"1,225",Intersection,Monday,Not DEER,1,132525023,"1.Divided, no control of access",1. On Roadway,H.Urban Minor Arterial,Not GUARDRAIL,HIT_RUN,1,1. Not at Intersection,132525023,0,0,Not LRTRUCK,4. Darkness - Road Lighted,MAINLINE,MAIN,Not MOTORCYCLE,483826.  SR00407       SR00407      13108645      13108645,PRI_URBAN,1,Not PED,1,5,NOT-RD,8. Non-Intersection,1.90,1. Straight - Level,"3. Two-Way, Divided, Positive Median Barrier",1. Dry,R-VA   SR00407EB,3. No,Not SENIOR,Not SPEED,0AM TO 3AM,1,6. Traffic Lanes Marked,5.Hampton Roads,1. No Adverse Condition (Clear/Cloudy),2. No,Not YOUNG
Not ALCIHOL,Not UNBELTED,BIKE,2. Angle,8/27/2013,8/27/2013,20. Motor Vehicle In Transport,1712,A.Ambulatory Injury,Williamsburg,Urban,20. Motor Vehicle In Transport,3PM TO 6PM,137.Williamsburg,"1,309",Intersection,Tuesday,Not DEER,1,140070032,"1.Divided, no control of access",2. Shoulder,E.Urban Other Principle Arterials; Connecting Links of Other Rural Principal Arterial,Not GUARDRAIL,Not HIT_RUN,1,2. Two Approaches,140070032,0,0,Not LRTRUCK,2. Daylight,MAINLINE,MAIN,Not MOTORCYCLE,398129.  4700645       US00060       US00060,PRI_URBAN,1,Not PED,1,5,NOT-RD,1. Main-Line Roadway,236.78,1. Straight - Level,"1. Two-Way, Not Divided",1. Dry,R-VA   US00060EB,3. No,Not SENIOR,Not SPEED,3PM TO 6PM,1,4. Stop Sign,5.Hampton Roads,1. No Adverse Condition (Clear/Cloudy),2. No,YOUNG
Not ALCIHOL,Not UNBELTED,BIKE,2. Angle,8/27/2013,8/27/2013,22. Bicycle,1150,B.Visiible Injury,Chesapeake,Urban,22. Bicycle,9AM TO 12PM,131.Chesapeake,26,Intersection,Tuesday,Not DEER,1,132395241,"0.Two-way, non-divided",1. On Roadway,H.Urban Minor Arterial,Not GUARDRAIL,Not HIT_RUN,1,4. Four Approaches,132395241,0,0,Not LRTRUCK,2. Daylight,MAINLINE,MAIN,Not MOTORCYCLE,483343.  SR00165       SR00165      13108648,PRI_URBAN,1,Not PED,1,5,NOT-RD,9. Within Intersection,5.82,1. Straight - Level,"2. Two-Way, Divided, Unprotected Median",1. Dry,R-VA   SR00165SB,3. No,Not SENIOR,Not SPEED,9AM TO 12PM,1,3. Traffic Signal,5.Hampton Roads,1. No Adverse Condition (Clear/Cloudy),2. No,YOUNG
Not ALCIHOL,Not UNBELTED,BIKE,2. Angle,8/28/2013,8/28/2013,20. Motor Vehicle In Transport,2025,B.Visiible Injury,Virginia Beach,Urban,20. Motor Vehicle In Transport,6PM TO 9PM,134.Virginia Beach,0,Intersection,Wednesday,Not DEER,1,132425210,"0.Two-way, non-divided",1. On Roadway,I.Urban Collector,Not GUARDRAIL,Not HIT_RUN,1,4. Four Approaches,132425210,0,0,Not LRTRUCK,4. Darkness - Road Lighted,MAINLINE,MAIN,Not MOTORCYCLE,541352. 13408627      13408627      13408829      13408829,SEC_URBAN,1,Not PED,1,5,NOT-RD,9. Within Intersection,0.66,1. Straight - Level,"1. Two-Way, Not Divided",1. Dry,R-VA134UR08829EB,1. Yes,Not SENIOR,Not SPEED,6PM TO 9PM,1,3. Traffic Signal,5.Hampton Roads,1. No Adverse Condition (Clear/Cloudy),2. No,YOUNG
Not ALCIHOL,Not UNBELTED,BIKE,2. Angle,8/29/2013,8/29/2013,20. Motor Vehicle In Transport,1529,B.Visiible Injury,Norfolk,Urban,20. Motor Vehicle In Transport,3PM TO 6PM,122.Norfolk,,Not Intersection,Thursday,Not DEER,1,140080050,,1. On Roadway,,Not GUARDRAIL,Not HIT_RUN,1,4. Four Approaches,,0,0,Not LRTRUCK,2. Daylight,MAINLINE,,Not MOTORCYCLE,.,SEC_URBAN,1,Not PED,1,5,NOT-RD,9. Within Intersection,,1. Straight - Level,"1. Two-Way, Not Divided",1. Dry,U-VA122SC99999UK,3. No,Not SENIOR,Not SPEED,3PM TO 6PM,1,6. Traffic Lanes Marked,5.Hampton Roads,1. No Adverse Condition (Clear/Cloudy),2. No,Not YOUNG
Not ALCIHOL,Not UNBELTED,BIKE,4. Sideswipe - Same Direction,8/31/2013,8/31/2013,20. Motor Vehicle In Transport,830,B.Visiible Injury,James City,Urban,20. Motor Vehicle In Transport,6AM TO 9AM,47.James City,0,Intersection,Saturday,Not DEER,1,132465061,"1.Divided, no control of access",1. On Roadway,H.Urban Minor Arterial,Not GUARDRAIL,Not HIT_RUN,1,"5. Five-Point, or More",132465061,0,0,Not LRTRUCK,2. Daylight,MAINLINE,MAIN,Not MOTORCYCLE,741163.  SR00199W006B  SR00321       SR00321,VDOT_PRI,1,Not PED,1,5,NOT-RD,2. Acceleration/Deceleration Lanes,0.14,1. Straight - Level,"2. Two-Way, Divided, Unprotected Median",1. Dry,R-VA   SR00321EB,3. No,Not SENIOR,Not SPEED,6AM TO 9AM,1,6. Traffic Lanes Marked,5.Hampton Roads,1. No Adverse Condition (Clear/Cloudy),2. No,Not YOUNG
Not ALCIHOL,Not UNBELTED,BIKE,2. Angle,8/31/2013,8/31/2013,22. Bicycle,1547,B.Visiible Injury,Virginia Beach,Urban,22. Bicycle,3PM TO 6PM,134.Virginia Beach,95,Intersection,Saturday,Not DEER,1,132445080,"0.Two-way, non-divided",1. On Roadway,I.Urban Collector,Not GUARDRAIL,Not HIT_RUN,1,3. Three Approaches,132445080,0,0,Not LRTRUCK,2. Daylight,MAINLINE,MAIN,Not MOTORCYCLE,541300. 13400014      13400014      13408725,SEC_URBAN,1,Not PED,1,5,NOT-RD,9. Within Intersection,0.02,1. Straight - Level,"1. Two-Way, Not Divided",1. Dry,R-VA134UR08725SB,3. No,Not SENIOR,Not SPEED,3PM TO 6PM,1,4. Stop Sign,5.Hampton Roads,1. No Adverse Condition (Clear/Cloudy),2. No,YOUNG
Not ALCIHOL,Not UNBELTED,BIKE,3. Head On,8/31/2013,8/31/2013,22. Bicycle,100,C.Non-Visible Injury,Virginia Beach,Urban,22. Bicycle,0AM TO 3AM,134.Virginia Beach,,Not Intersection,Saturday,Not DEER,1,132515068,,1. On Roadway,,Not GUARDRAIL,HIT_RUN,1,4. Four Approaches,,0,0,Not LRTRUCK,4. Darkness - Road Lighted,MAINLINE,,Not MOTORCYCLE,.,SEC_URBAN,1,Not PED,1,5,NOT-RD,9. Within Intersection,,1. Straight - Level,"1. Two-Way, Not Divided",1. Dry,U-VA134SC99999UK,3. No,Not SENIOR,Not SPEED,0AM TO 3AM,1,4. Stop Sign,5.Hampton Roads,1. No Adverse Condition (Clear/Cloudy),2. No,YOUNG
Not ALCIHOL,Not UNBELTED,BIKE,2. Angle,9/2/2013,9/2/2013,22. Bicycle,1105,B.Visiible Injury,Virginia Beach,Urban,22. Bicycle,9AM TO 12PM,134.Virginia Beach,106,Intersection,Monday,Not DEER,1,132475122,"1.Divided, no control of access",1. On Roadway,I.Urban Collector,Not GUARDRAIL,Not HIT_RUN,1,4. Four Approaches,132475122,0,0,Not LRTRUCK,2. Daylight,MAINLINE,MAIN,Not MOTORCYCLE,541086.  US00058       US00058      13408679,SEC_URBAN,2,Not PED,2,5,NOT-RD,9. Within Intersection,0.02,1. Straight - Level,"3. Two-Way, Divided, Positive Median Barrier",1. Dry,R-VA134UR08679SB,3. No,SENIOR,Not SPEED,9AM TO 12PM,1,3. Traffic Signal,5.Hampton Roads,1. No Adverse Condition (Clear/Cloudy),2. No,Not YOUNG
Not ALCIHOL,Not UNBELTED,BIKE,2. Angle,9/2/2013,9/2/2013,19. Ped,1824,C.Non-Visible Injury,Norfolk,Urban,19. Ped,6PM TO 9PM,122.Norfolk,,Not Intersection,Monday,Not DEER,1,140100037,,1. On Roadway,,Not GUARDRAIL,HIT_RUN,1,1. Not at Intersection,,0,0,Not LRTRUCK,2. Daylight,MAINLINE,,Not MOTORCYCLE,.,SEC_URBAN,1,Not PED,1,5,NOT-RD,8. Non-Intersection,,1. Straight - Level,"1. Two-Way, Not Divided",1. Dry,U-VA122SC99999UK,3. No,Not SENIOR,Not SPEED,6PM TO 9PM,1,1. No Traffic Control,5.Hampton Roads,1. No Adverse Condition (Clear/Cloudy),2. No,Not YOUNG
Not ALCIHOL,Not UNBELTED,BIKE,16. Other,9/3/2013,9/3/2013,22. Bicycle,1236,B.Visiible Injury,Chesapeake,Urban,22. Bicycle,12PM TO 3PM,131.Chesapeake,26,Intersection,Tuesday,Not DEER,1,132625098,"0.Two-way, non-divided",1. On Roadway,H.Urban Minor Arterial,Not GUARDRAIL,Not HIT_RUN,1,4. Four Approaches,132625098,0,0,Not LRTRUCK,2. Daylight,MAINLINE,MAIN,Not MOTORCYCLE,483343.  SR00165       SR00165      13108648,PRI_URBAN,1,Not PED,1,5,NOT-RD,9. Within Intersection,5.82,1. Straight - Level,"1. Two-Way, Not Divided",1. Dry,R-VA   SR00165SB,3. No,Not SENIOR,Not SPEED,12PM TO 3PM,1,3. Traffic Signal,5.Hampton Roads,1. No Adverse Condition (Clear/Cloudy),2. No,Not YOUNG
Not ALCIHOL,Not UNBELTED,BIKE,2. Angle,9/4/2013,9/4/2013,20. Motor Vehicle In Transport,1011,B.Visiible Injury,Virginia Beach,Urban,20. Motor Vehicle In Transport,9AM TO 12PM,134.Virginia Beach,,Not Intersection,Wednesday,Not DEER,1,132555236,,1. On Roadway,,Not GUARDRAIL,Not HIT_RUN,1,4. Four Approaches,,0,0,Not LRTRUCK,2. Daylight,MAINLINE,,Not MOTORCYCLE,.,SEC_URBAN,1,Not PED,1,5,NOT-RD,9. Within Intersection,,1. Straight - Level,"2. Two-Way, Divided, Unprotected Median",1. Dry,U-VA134SC99999UK,3. No,Not SENIOR,Not SPEED,9AM TO 12PM,1,3. Traffic Signal,5.Hampton Roads,1. No Adverse Condition (Clear/Cloudy),2. No,Not YOUNG
Not ALCIHOL,Not UNBELTED,BIKE,2. Angle,9/4/2013,9/4/2013,39. Fell/Jumped From Vehicle,2028,B.Visiible Injury,Chesapeake,Urban,39. Fell/Jumped From Vehicle,6PM TO 9PM,131.Chesapeake,,Not Intersection,Wednesday,Not DEER,1,132485015,,1. On Roadway,,Not GUARDRAIL,Not HIT_RUN,1,4. Four Approaches,,0,0,Not LRTRUCK,4. Darkness - Road Lighted,MAINLINE,,Not MOTORCYCLE,.,SEC_URBAN,1,Not PED,1,5,NOT-RD,9. Within Intersection,,1. Straight - Level,"1. Two-Way, Not Divided",1. Dry,U-VA131SC99999UK,3. No,Not SENIOR,Not SPEED,6PM TO 9PM,1,4. Stop Sign,5.Hampton Roads,1. No Adverse Condition (Clear/Cloudy),2. No,Not YOUNG
Not ALCIHOL,Not UNBELTED,BIKE,2. Angle,9/4/2013,9/4/2013,20. Motor Vehicle In Transport,950,PDO.Property Damage Only,Virginia Beach,Urban,20. Motor Vehicle In Transport,9AM TO 12PM,134.Virginia Beach,0,Intersection,Wednesday,Not DEER,1,132505100,,1. On Roadway,,Not GUARDRAIL,Not HIT_RUN,0,3. Three Approaches,132505100,0,0,Not LRTRUCK,2. Daylight,MAINLINE,,Not MOTORCYCLE,541659. 13408684      13408719      13408719,SEC_URBAN,0,Not PED,0,5,NOT-RD,9. Within Intersection,0.60,1. Straight - Level,"2. Two-Way, Divided, Unprotected Median",1. Dry,R-VA134UR08684WB,3. No,Not SENIOR,Not SPEED,9AM TO 12PM,1,3. Traffic Signal,5.Hampton Roads,1. No Adverse Condition (Clear/Cloudy),2. No,YOUNG
Not ALCIHOL,Not UNBELTED,BIKE,2. Angle,9/5/2013,9/5/2013,22. Bicycle,1011,B.Visiible Injury,James City,Rural,22. Bicycle,9AM TO 12PM,47.James City,0,Intersection,Thursday,Not DEER,1,132665230,,1. On Roadway,,Not GUARDRAIL,Not HIT_RUN,1,3. Three Approaches,132665230,0,0,Not LRTRUCK,2. Daylight,MAINLINE,,Not MOTORCYCLE,739590.  4700742       4705000       4705000,VDOT_SEC,1,Not PED,1,5,NOT-RD,10. Intersection Related - Within 150 Feet,0.68,1. Straight - Level,"1. Two-Way, Not Divided",1. Dry,R-VA047SC00742SB,3. No,Not SENIOR,Not SPEED,9AM TO 12PM,1,6. Traffic Lanes Marked,5.Hampton Roads,1. No Adverse Condition (Clear/Cloudy),2. No,Not YOUNG
Not ALCIHOL,Not UNBELTED,BIKE,2. Angle,9/5/2013,9/5/2013,22. Bicycle,1845,B.Visiible Injury,Norfolk,Urban,22. Bicycle,6PM TO 9PM,122.Norfolk,,Not Intersection,Thursday,Not DEER,1,140140081,,1. On Roadway,,Not GUARDRAIL,Not HIT_RUN,1,1. Not at Intersection,,0,0,Not LRTRUCK,7. Unknown,MAINLINE,,Not MOTORCYCLE,.,SEC_URBAN,1,Not PED,1,5,NOT-RD,8. Non-Intersection,,1. Straight - Level,"1. Two-Way, Not Divided",1. Dry,U-VA122SC99999UK,3. No,Not SENIOR,Not SPEED,6PM TO 9PM,1,1. No Traffic Control,5.Hampton Roads,1. No Adverse Condition (Clear/Cloudy),2. No,Not YOUNG
Not ALCIHOL,Not UNBELTED,BIKE,2. Angle,9/5/2013,9/5/2013,22. Bicycle,700,B.Visiible Injury,Virginia Beach,Urban,22. Bicycle,6AM TO 9AM,134.Virginia Beach,,Not Intersection,Thursday,Not DEER,1,132495032,,1. On Roadway,,Not GUARDRAIL,HIT_RUN,1,2. Two Approaches,,0,0,Not LRTRUCK,2. Daylight,MAINLINE,,Not MOTORCYCLE,.,SEC_URBAN,1,Not PED,1,5,NOT-RD,9. Within Intersection,,1. Straight - Level,"1. Two-Way, Not Divided",1. Dry,U-VA134SC99999UK,1. Yes,Not SENIOR,Not SPEED,6AM TO 9AM,1,4. Stop Sign,5.Hampton Roads,1. No Adverse Condition (Clear/Cloudy),2. No,YOUNG
Not ALCIHOL,Not UNBELTED,BIKE,2. Angle,9/5/2013,9/5/2013,22. Bicycle,1353,B.Visiible Injury,Chesapeake,Urban,22. Bicycle,12PM TO 3PM,131.Chesapeake,"1,193",Intersection,Thursday,Not DEER,1,132485172,"1.Divided, no control of access",1. On Roadway,H.Urban Minor Arterial,Not GUARDRAIL,Not HIT_RUN,1,4. Four Approaches,132485172,0,0,Not LRTRUCK,2. Daylight,MAINLINE,MAIN,Not MOTORCYCLE,484713. 13108640      13108640      13108645      13108645,SEC_URBAN,1,Not PED,1,5,NOT-RD,9. Within Intersection,1.97,1. Straight - Level,"3. Two-Way, Divided, Positive Median Barrier",1. Dry,R-VA131UR08640WB,3. No,Not SENIOR,Not SPEED,12PM TO 3PM,1,3. Traffic Signal,5.Hampton Roads,1. No Adverse Condition (Clear/Cloudy),2. No,YOUNG