Alcohol Notalcohol,Belted Unbelted,Bike Nonbike,Collision Type,CRASH_DT (copy),Crash Dt,Crash Event Type Dsc,Crash Military Tm,Crash Severity,Juris Name Used,Area Type Used,First Harmful Event of Entire Crash,Time Slicing Used,Phy_Juris_Nm,Offset-Ft,Intersection Analysis,Day Of Week,Deer Nodeer,TOTAL CRASH,Document Nbr,FAC,First Harmful Event,FUN,Gr Nogr,Hitrun Not Hitrun,Injury Crashes,Intersection Type,Int Doc,K_CRASH,K People,Lgtruck Nonlgtruck,Light Condition,MAINLINE (group),Mainline Yn,Motor Nonmotor,Node Info,Ownership,Total People Killed & Injured,Ped Nonped,Persons Injured,VSP_Used,Rd Type,Relation To Roadway,Rns Mp,Roadway Alignment,Roadway Description,Roadway Surface Cond,Rte Nm,School Zone,Senior Notsenior,Speed Notspeed,Time Slicing,Total Crashes including Property Damage Only,Traffic Control Type,District_Used ,Weather Condition,Work Zone Related,Young Notyoung
Not ALCIHOL,Not UNBELTED,BIKE,2. Angle,9/6/2013,9/6/2013,22. Bicycle,1655,B.Visiible Injury,Hampton,Urban,22. Bicycle,3PM TO 6PM,114.Hampton,16,Intersection,Friday,Not DEER,1,140140157,"0.Two-way, non-divided",1. On Roadway,H.Urban Minor Arterial,Not GUARDRAIL,Not HIT_RUN,1,3. Three Approaches,140140157,0,0,Not LRTRUCK,2. Daylight,MAINLINE,MAIN,Not MOTORCYCLE,253058.  SR00152       SR00152      11407017,PRI_URBAN,1,Not PED,1,5,NOT-RD,9. Within Intersection,1.90,1. Straight - Level,"2. Two-Way, Divided, Unprotected Median",1. Dry,R-VA   SR00152EB,3. No,Not SENIOR,Not SPEED,3PM TO 6PM,1,3. Traffic Signal,5.Hampton Roads,1. No Adverse Condition (Clear/Cloudy),2. No,Not YOUNG
Not ALCIHOL,Not UNBELTED,BIKE,2. Angle,9/6/2013,9/6/2013,20. Motor Vehicle In Transport,1817,B.Visiible Injury,Hampton,Urban,20. Motor Vehicle In Transport,6PM TO 9PM,114.Hampton,"4,002",Intersection,Friday,Not DEER,1,140140154,"0.Two-way, non-divided",1. On Roadway,I.Urban Collector,Not GUARDRAIL,Not HIT_RUN,1,3. Three Approaches,140140154,0,0,Not LRTRUCK,2. Daylight,MAINLINE,MAIN,Not MOTORCYCLE,646380. 12107027      12107034      12107034,SEC_URBAN,1,Not PED,1,5,NOT-RD,9. Within Intersection,2.78,1. Straight - Level,"1. Two-Way, Not Divided",1. Dry,R-VA121UR07034EB,3. No,Not SENIOR,Not SPEED,6PM TO 9PM,1,6. Traffic Lanes Marked,5.Hampton Roads,1. No Adverse Condition (Clear/Cloudy),2. No,Not YOUNG
Not ALCIHOL,Not UNBELTED,BIKE,2. Angle,9/6/2013,9/6/2013,20. Motor Vehicle In Transport,1530,B.Visiible Injury,Virginia Beach,Urban,20. Motor Vehicle In Transport,3PM TO 6PM,134.Virginia Beach,,Not Intersection,Friday,Not DEER,1,132515095,,1. On Roadway,,Not GUARDRAIL,Not HIT_RUN,1,4. Four Approaches,,0,0,Not LRTRUCK,2. Daylight,MAINLINE,,Not MOTORCYCLE,.,SEC_URBAN,1,Not PED,1,5,NOT-RD,9. Within Intersection,,1. Straight - Level,"2. Two-Way, Divided, Unprotected Median",1. Dry,U-VA134SC99999UK,3. No,Not SENIOR,Not SPEED,3PM TO 6PM,1,14. Ped Crosswalk,5.Hampton Roads,1. No Adverse Condition (Clear/Cloudy),2. No,Not YOUNG
Not ALCIHOL,Not UNBELTED,BIKE,2. Angle,9/6/2013,9/6/2013,20. Motor Vehicle In Transport,1200,B.Visiible Injury,Virginia Beach,Urban,20. Motor Vehicle In Transport,9AM TO 12PM,134.Virginia Beach,0,Intersection,Friday,Not DEER,1,132665048,"1.Divided, no control of access",1. On Roadway,H.Urban Minor Arterial,Not GUARDRAIL,Not HIT_RUN,1,4. Four Approaches,132665048,0,0,Not LRTRUCK,2. Daylight,MAINLINE,MAIN,Not MOTORCYCLE,542019. 13408723      13408723      13408724,SEC_URBAN,2,Not PED,2,5,NOT-RD,9. Within Intersection,2.77,1. Straight - Level,"3. Two-Way, Divided, Positive Median Barrier",1. Dry,R-VA134UR08723SB,3. No,Not SENIOR,Not SPEED,9AM TO 12PM,1,3. Traffic Signal,5.Hampton Roads,1. No Adverse Condition (Clear/Cloudy),2. No,YOUNG
Not ALCIHOL,Not UNBELTED,BIKE,2. Angle,9/7/2013,9/7/2013,22. Bicycle,1626,C.Non-Visible Injury,Norfolk,Urban,22. Bicycle,3PM TO 6PM,122.Norfolk,,Not Intersection,Saturday,Not DEER,1,140240007,,1. On Roadway,,Not GUARDRAIL,Not HIT_RUN,1,2. Two Approaches,,0,0,Not LRTRUCK,2. Daylight,MAINLINE,,Not MOTORCYCLE,.,SEC_URBAN,1,Not PED,1,5,NOT-RD,9. Within Intersection,,1. Straight - Level,"1. Two-Way, Not Divided",1. Dry,U-VA122SC99999UK,3. No,Not SENIOR,SPEED,3PM TO 6PM,1,1. No Traffic Control,5.Hampton Roads,1. No Adverse Condition (Clear/Cloudy),2. No,Not YOUNG
Not ALCIHOL,Not UNBELTED,BIKE,2. Angle,9/7/2013,9/7/2013,22. Bicycle,1200,B.Visiible Injury,Chesapeake,Urban,22. Bicycle,9AM TO 12PM,131.Chesapeake,58,Intersection,Saturday,Not DEER,1,132565230,"1.Divided, no control of access",1. On Roadway,H.Urban Minor Arterial,Not GUARDRAIL,HIT_RUN,1,4. Four Approaches,132565230,0,0,Not LRTRUCK,2. Daylight,MAINLINE,MAIN,Not MOTORCYCLE,483450.  SR00190       SR00190     C1SR00168     C1SR00168,PRI_URBAN,1,Not PED,1,5,NOT-RD,9. Within Intersection,11.51,1. Straight - Level,"3. Two-Way, Divided, Positive Median Barrier",1. Dry,R-VA   SR00168SBBUS001,3. No,Not SENIOR,Not SPEED,9AM TO 12PM,1,3. Traffic Signal,5.Hampton Roads,1. No Adverse Condition (Clear/Cloudy),2. No,YOUNG
Not ALCIHOL,Not UNBELTED,BIKE,2. Angle,9/8/2013,9/8/2013,22. Bicycle,1520,C.Non-Visible Injury,Suffolk,Urban,22. Bicycle,3PM TO 6PM,133.Suffolk,5,Intersection,Sunday,Not DEER,1,132705048,"0.Two-way, non-divided",1. On Roadway,H.Urban Minor Arterial,Not GUARDRAIL,HIT_RUN,1,4. Four Approaches,132705048,0,0,Not LRTRUCK,2. Daylight,MAINLINE,MAIN,Not MOTORCYCLE,468629.  SR00337       SR00337      13301308      13301308,PRI_URBAN,1,Not PED,1,5,NOT-RD,9. Within Intersection,1.89,1. Straight - Level,"1. Two-Way, Not Divided",1. Dry,R-VA   SR00337WB,3. No,Not SENIOR,Not SPEED,3PM TO 6PM,1,4. Stop Sign,5.Hampton Roads,1. No Adverse Condition (Clear/Cloudy),2. No,Not YOUNG
Not ALCIHOL,Not UNBELTED,BIKE,4. Sideswipe - Same Direction,9/9/2013,9/9/2013,20. Motor Vehicle In Transport,1830,B.Visiible Injury,Virginia Beach,Urban,20. Motor Vehicle In Transport,6PM TO 9PM,134.Virginia Beach,100,Intersection,Monday,Not DEER,1,132745188,"1.Divided, no control of access",1. On Roadway,H.Urban Minor Arterial,Not GUARDRAIL,Not HIT_RUN,1,1. Not at Intersection,132745188,0,0,Not LRTRUCK,2. Daylight,MAINLINE,MAIN,Not MOTORCYCLE,541014.  SR00166       US00013       US00013      13400008,PRI_URBAN,2,Not PED,2,5,NOT-RD,1. Main-Line Roadway,14.17,1. Straight - Level,"3. Two-Way, Divided, Positive Median Barrier",1. Dry,R-VA   SR00166WB,3. No,Not SENIOR,Not SPEED,6PM TO 9PM,1,6. Traffic Lanes Marked,5.Hampton Roads,1. No Adverse Condition (Clear/Cloudy),2. No,Not YOUNG
Not ALCIHOL,Not UNBELTED,BIKE,2. Angle,9/9/2013,9/9/2013,20. Motor Vehicle In Transport,800,C.Non-Visible Injury,Norfolk,Urban,20. Motor Vehicle In Transport,6AM TO 9AM,122.Norfolk,750,Intersection,Monday,Not DEER,1,140240086,"0.Two-way, non-divided",1. On Roadway,H.Urban Minor Arterial,Not GUARDRAIL,Not HIT_RUN,1,4. Four Approaches,140240086,0,0,Not LRTRUCK,2. Daylight,MAINLINE,MAIN,Not MOTORCYCLE,485075. 12208563      12208563      12208576      12208576,SEC_URBAN,1,Not PED,1,5,NOT-RD,1. Main-Line Roadway,0.84,1. Straight - Level,"1. Two-Way, Not Divided",1. Dry,R-VA122UR08576EB,3. No,Not SENIOR,Not SPEED,6AM TO 9AM,1,3. Traffic Signal,5.Hampton Roads,1. No Adverse Condition (Clear/Cloudy),2. No,Not YOUNG
Not ALCIHOL,Not UNBELTED,BIKE,2. Angle,9/9/2013,9/9/2013,22. Bicycle,1750,PDO.Property Damage Only,Virginia Beach,Urban,22. Bicycle,3PM TO 6PM,134.Virginia Beach,"5,623",Intersection,Monday,Not DEER,1,132575078,"1.Divided, no control of access",1. On Roadway,E.Urban Other Principle Arterials; Connecting Links of Other Rural Principal Arterial,Not GUARDRAIL,Not HIT_RUN,0,1. Not at Intersection,132575078,0,0,Not LRTRUCK,2. Daylight,MAINLINE,MAIN,Not MOTORCYCLE,541475. 13408669      13408669      13408688      13408688,SEC_URBAN,0,Not PED,0,5,NOT-RD,8. Non-Intersection,17.53,1. Straight - Level,"3. Two-Way, Divided, Positive Median Barrier",1. Dry,R-VA134UR08669SB,3. No,SENIOR,Not SPEED,3PM TO 6PM,1,1. No Traffic Control,5.Hampton Roads,1. No Adverse Condition (Clear/Cloudy),2. No,Not YOUNG
Not ALCIHOL,Not UNBELTED,BIKE,2. Angle,9/9/2013,9/9/2013,22. Bicycle,1650,C.Non-Visible Injury,Virginia Beach,Urban,22. Bicycle,3PM TO 6PM,134.Virginia Beach,164,Intersection,Monday,Not DEER,1,133125169,"0.Two-way, non-divided",1. On Roadway,I.Urban Collector,Not GUARDRAIL,HIT_RUN,1,4. Four Approaches,133125169,0,0,Not LRTRUCK,1. Dawn,MAINLINE,MAIN,Not MOTORCYCLE,715409. 13408688      13408688      13408690      13408690,SEC_URBAN,1,Not PED,1,5,NOT-RD,9. Within Intersection,0.48,1. Straight - Level,"2. Two-Way, Divided, Unprotected Median",1. Dry,R-VA134UR08690WB,3. No,Not SENIOR,Not SPEED,3PM TO 6PM,1,3. Traffic Signal,5.Hampton Roads,1. No Adverse Condition (Clear/Cloudy),2. No,Not YOUNG
Not ALCIHOL,Not UNBELTED,BIKE,1. Rear End,9/10/2013,9/10/2013,20. Motor Vehicle In Transport,1618,B.Visiible Injury,Chesapeake,Urban,20. Motor Vehicle In Transport,3PM TO 6PM,131.Chesapeake,16,Intersection,Tuesday,Not DEER,1,132535317,"1.Divided, no control of access",1. On Roadway,H.Urban Minor Arterial,Not GUARDRAIL,Not HIT_RUN,1,3. Three Approaches,132535317,0,0,Not LRTRUCK,2. Daylight,MAINLINE,MAIN,Not MOTORCYCLE,483686.  SR00337       SR00337       SR00337E023A,PRI_URBAN,1,Not PED,1,5,NOT-RD,5. On Entrance/Exit Ramp,23.46,4. Grade - Curve,"3. Two-Way, Divided, Positive Median Barrier",1. Dry,R-VA   SR00337EB,3. No,Not SENIOR,Not SPEED,3PM TO 6PM,1,3. Traffic Signal,5.Hampton Roads,1. No Adverse Condition (Clear/Cloudy),2. No,Not YOUNG
Not ALCIHOL,Not UNBELTED,BIKE,8. Non-Collision,9/11/2013,9/11/2013,28. Ran Off Road,800,C.Non-Visible Injury,Hampton,Urban,28. Ran Off Road,6AM TO 9AM,114.Hampton,,Not Intersection,Wednesday,Not DEER,1,140290052,,1. On Roadway,,Not GUARDRAIL,Not HIT_RUN,1,1. Not at Intersection,,0,0,Not LRTRUCK,2. Daylight,MAINLINE,,Not MOTORCYCLE,.,SEC_URBAN,1,Not PED,1,5,RD-UNKNOWN,11. Intersection Related - Outside 150 Feet,,1. Straight - Level,"1. Two-Way, Not Divided",1. Dry,U-VA114SC99999UK,3. No,Not SENIOR,Not SPEED,6AM TO 9AM,1,1. No Traffic Control,5.Hampton Roads,1. No Adverse Condition (Clear/Cloudy),2. No,Not YOUNG
Not ALCIHOL,Not UNBELTED,BIKE,2. Angle,9/11/2013,9/11/2013,20. Motor Vehicle In Transport,1722,A.Ambulatory Injury,Chesapeake,Urban,20. Motor Vehicle In Transport,3PM TO 6PM,131.Chesapeake,,Not Intersection,Wednesday,Not DEER,1,132545254,,1. On Roadway,,Not GUARDRAIL,Not HIT_RUN,1,1. Not at Intersection,,0,0,Not LRTRUCK,2. Daylight,MAINLINE,,Not MOTORCYCLE,.,SEC_URBAN,2,Not PED,2,5,NOT-RD,"13. Driveway, Alley-Access - Related",,1. Straight - Level,"3. Two-Way, Divided, Positive Median Barrier",1. Dry,U-VA131SC99999UK,3. No,Not SENIOR,Not SPEED,3PM TO 6PM,1,6. Traffic Lanes Marked,5.Hampton Roads,1. No Adverse Condition (Clear/Cloudy),2. No,YOUNG
Not ALCIHOL,Not UNBELTED,BIKE,2. Angle,9/11/2013,9/11/2013,22. Bicycle,1939,B.Visiible Injury,Virginia Beach,Urban,22. Bicycle,6PM TO 9PM,134.Virginia Beach,,Not Intersection,Wednesday,Not DEER,1,132555106,,1. On Roadway,,Not GUARDRAIL,Not HIT_RUN,1,3. Three Approaches,,0,0,Not LRTRUCK,4. Darkness - Road Lighted,MAINLINE,,Not MOTORCYCLE,.,SEC_URBAN,1,Not PED,1,5,NOT-RD,9. Within Intersection,,1. Straight - Level,"1. Two-Way, Not Divided",1. Dry,U-VA134SC99999UK,3. No,SENIOR,Not SPEED,6PM TO 9PM,1,4. Stop Sign,5.Hampton Roads,1. No Adverse Condition (Clear/Cloudy),2. No,Not YOUNG
Not ALCIHOL,Not UNBELTED,BIKE,2. Angle,1/22/2015,1/22/2015,20. Motor Vehicle In Transport,1400,B.Visiible Injury,Virginia Beach,Urban,20. Motor Vehicle In Transport,12PM TO 3PM,134.Virginia Beach,776,Intersection,Thursday,Not DEER,1,150235048,"1.Divided, no control of access",1. On Roadway,H.Urban Minor Arterial,Not GUARDRAIL,Not HIT_RUN,1,2. Two Approaches,150235048,0,0,Not LRTRUCK,2. Daylight,MAINLINE,MAIN,Not MOTORCYCLE,737252.  IS00264E017A 13400011      13400011,SEC_URBAN,2,Not PED,2,5,NOT-RD,9. Within Intersection,0.20,1. Straight - Level,"3. Two-Way, Divided, Positive Median Barrier",1. Dry,R-VA134UR00011WB,3. No,Not SENIOR,Not SPEED,12PM TO 3PM,1,4. Stop Sign,5.Hampton Roads,1. No Adverse Condition (Clear/Cloudy),2. No,Not YOUNG
Not ALCIHOL,Not UNBELTED,BIKE,2. Angle,9/12/2013,9/12/2013,22. Bicycle,1448,B.Visiible Injury,Virginia Beach,Urban,22. Bicycle,12PM TO 3PM,134.Virginia Beach,26,Intersection,Thursday,Not DEER,1,132565119,"1.Divided, no control of access",1. On Roadway,H.Urban Minor Arterial,Not GUARDRAIL,Not HIT_RUN,1,4. Four Approaches,132565119,0,0,Not LRTRUCK,2. Daylight,MAINLINE,MAIN,Not MOTORCYCLE,541475. 13408669      13408669      13408688      13408688,SEC_URBAN,1,Not PED,1,5,NOT-RD,9. Within Intersection,4.49,1. Straight - Level,"2. Two-Way, Divided, Unprotected Median",1. Dry,R-VA134UR08688EB,3. No,Not SENIOR,Not SPEED,12PM TO 3PM,1,3. Traffic Signal,5.Hampton Roads,1. No Adverse Condition (Clear/Cloudy),2. No,Not YOUNG
Not ALCIHOL,Not UNBELTED,BIKE,2. Angle,9/14/2013,9/14/2013,22. Bicycle,1331,B.Visiible Injury,Hampton,Urban,22. Bicycle,12PM TO 3PM,114.Hampton,523,Intersection,Saturday,Not DEER,1,140300062,"1.Divided, no control of access",1. On Roadway,H.Urban Minor Arterial,Not GUARDRAIL,Not HIT_RUN,1,1. Not at Intersection,140300062,0,0,Not LRTRUCK,2. Daylight,MAINLINE,MAIN,Not MOTORCYCLE,253121.  SR00169       US00258       US00258,PRI_URBAN,1,Not PED,1,5,NOT-RD,8. Non-Intersection,65.49,1. Straight - Level,"2. Two-Way, Divided, Unprotected Median",1. Dry,R-VA   US00258WB,3. No,Not SENIOR,Not SPEED,12PM TO 3PM,1,1. No Traffic Control,5.Hampton Roads,1. No Adverse Condition (Clear/Cloudy),2. No,YOUNG
Not ALCIHOL,Not UNBELTED,BIKE,2. Angle,9/15/2013,9/15/2013,20. Motor Vehicle In Transport,930,B.Visiible Injury,York,Urban,20. Motor Vehicle In Transport,9AM TO 12PM,99.York,317,Intersection,Sunday,Not DEER,1,132605132,"0.Two-way, non-divided",1. On Roadway,I.Urban Collector,Not GUARDRAIL,Not HIT_RUN,1,1. Not at Intersection,132605132,0,0,Not LRTRUCK,2. Daylight,MAINLINE,MAIN,Not MOTORCYCLE,671470.  9900782       9900782       SR00171       SR00171,VDOT_SEC,1,Not PED,1,5,NOT-RD,8. Non-Intersection,1.56,1. Straight - Level,"1. Two-Way, Not Divided",1. Dry,R-VA099SC00782SB,3. No,SENIOR,Not SPEED,9AM TO 12PM,1,6. Traffic Lanes Marked,5.Hampton Roads,1. No Adverse Condition (Clear/Cloudy),2. No,Not YOUNG
Not ALCIHOL,Not UNBELTED,BIKE,2. Angle,9/16/2013,9/16/2013,20. Motor Vehicle In Transport,1214,A.Ambulatory Injury,Norfolk,Urban,20. Motor Vehicle In Transport,12PM TO 3PM,122.Norfolk,586,Intersection,Monday,Not DEER,1,140300376,"1.Divided, no control of access",4. Roadside,E.Urban Other Principle Arterials; Connecting Links of Other Rural Principal Arterial,Not GUARDRAIL,Not HIT_RUN,1,4. Four Approaches,140300376,0,0,Not LRTRUCK,2. Daylight,MAINLINE,MAIN,Not MOTORCYCLE,483650.  SR00337       SR00337      12208609,PRI_URBAN,1,Not PED,1,5,NOT-RD,1. Main-Line Roadway,32.67,1. Straight - Level,"3. Two-Way, Divided, Positive Median Barrier",1. Dry,R-VA   SR00337WB,3. No,SENIOR,Not SPEED,12PM TO 3PM,1,1. No Traffic Control,5.Hampton Roads,1. No Adverse Condition (Clear/Cloudy),2. No,Not YOUNG
Not ALCIHOL,Not UNBELTED,BIKE,2. Angle,9/20/2013,9/20/2013,22. Bicycle,1445,B.Visiible Injury,Virginia Beach,Urban,22. Bicycle,12PM TO 3PM,134.Virginia Beach,"2,561",Intersection,Friday,Not DEER,1,133275144,"1.Divided, no control of access",1. On Roadway,E.Urban Other Principle Arterials; Connecting Links of Other Rural Principal Arterial,Not GUARDRAIL,Not HIT_RUN,1,1. Not at Intersection,133275144,0,0,Not LRTRUCK,2. Daylight,MAINLINE,MAIN,Not MOTORCYCLE,541017.  US00013       US00013      13400007      13400007,PRI_URBAN,2,Not PED,2,5,NOT-RD,9. Within Intersection,46.04,1. Straight - Level,"3. Two-Way, Divided, Positive Median Barrier",1. Dry,R-VA   US00013NB,3. No,Not SENIOR,Not SPEED,12PM TO 3PM,1,6. Traffic Lanes Marked,5.Hampton Roads,1. No Adverse Condition (Clear/Cloudy),2. No,Not YOUNG
Not ALCIHOL,Not UNBELTED,BIKE,2. Angle,9/20/2013,9/20/2013,22. Bicycle,1828,A.Ambulatory Injury,Hampton,Urban,22. Bicycle,6PM TO 9PM,114.Hampton,,Not Intersection,Friday,Not DEER,1,140310086,,1. On Roadway,,Not GUARDRAIL,Not HIT_RUN,1,3. Three Approaches,,0,0,Not LRTRUCK,2. Daylight,MAINLINE,,Not MOTORCYCLE,.,SEC_URBAN,1,Not PED,1,5,NOT-RD,9. Within Intersection,,1. Straight - Level,"2. Two-Way, Divided, Unprotected Median",1. Dry,U-VA114SC99999UK,3. No,Not SENIOR,SPEED,6PM TO 9PM,1,1. No Traffic Control,5.Hampton Roads,1. No Adverse Condition (Clear/Cloudy),2. No,Not YOUNG
Not ALCIHOL,Not UNBELTED,BIKE,2. Angle,9/21/2013,9/21/2013,22. Bicycle,1103,B.Visiible Injury,Williamsburg,Urban,22. Bicycle,9AM TO 12PM,137.Williamsburg,"4,066",Intersection,Saturday,Not DEER,1,140310142,"0.Two-way, non-divided",1. On Roadway,J.Urban Local,Not GUARDRAIL,Not HIT_RUN,1,3. Three Approaches,140310142,0,0,Not LRTRUCK,2. Daylight,MAINLINE,MAIN,Not MOTORCYCLE,398073.  4700615       4700615       SR00321       SR00321,VDOT_PRI,1,Not PED,1,5,NOT-RD,9. Within Intersection,1.69,3. Grade - Straight,"1. Two-Way, Not Divided",1. Dry,R-VA   SR00321EB,3. No,SENIOR,Not SPEED,9AM TO 12PM,1,4. Stop Sign,5.Hampton Roads,1. No Adverse Condition (Clear/Cloudy),2. No,Not YOUNG
Not ALCIHOL,Not UNBELTED,BIKE,1. Rear End,9/24/2013,9/24/2013,22. Bicycle,1135,C.Non-Visible Injury,Hampton,Urban,22. Bicycle,9AM TO 12PM,114.Hampton,"1,616",Intersection,Tuesday,Not DEER,1,140310293,"1.Divided, no control of access",1. On Roadway,I.Urban Collector,Not GUARDRAIL,Not HIT_RUN,1,4. Four Approaches,140310293,0,0,Not LRTRUCK,2. Daylight,MAINLINE,MAIN,Not MOTORCYCLE,253133.  US00258       US00258      11407021      11407021,SEC_URBAN,1,Not PED,1,5,NOT-RD,9. Within Intersection,0.82,1. Straight - Level,"3. Two-Way, Divided, Positive Median Barrier",1. Dry,R-VA114UR07021SB,3. No,SENIOR,Not SPEED,9AM TO 12PM,1,3. Traffic Signal,5.Hampton Roads,1. No Adverse Condition (Clear/Cloudy),2. No,Not YOUNG
Not ALCIHOL,Not UNBELTED,BIKE,2. Angle,9/25/2013,9/25/2013,20. Motor Vehicle In Transport,818,B.Visiible Injury,Virginia Beach,Urban,20. Motor Vehicle In Transport,6AM TO 9AM,134.Virginia Beach,,Not Intersection,Wednesday,Not DEER,1,132705039,,1. On Roadway,,Not GUARDRAIL,Not HIT_RUN,1,3. Three Approaches,,0,0,Not LRTRUCK,2. Daylight,MAINLINE,,Not MOTORCYCLE,.,SEC_URBAN,1,Not PED,1,5,NOT-RD,9. Within Intersection,,1. Straight - Level,"2. Two-Way, Divided, Unprotected Median",1. Dry,U-VA134SC99999UK,3. No,SENIOR,Not SPEED,6AM TO 9AM,1,3. Traffic Signal,5.Hampton Roads,1. No Adverse Condition (Clear/Cloudy),2. No,Not YOUNG
Not ALCIHOL,Not UNBELTED,BIKE,2. Angle,9/25/2013,9/25/2013,22. Bicycle,1400,B.Visiible Injury,Hampton,Urban,22. Bicycle,12PM TO 3PM,114.Hampton,792,Intersection,Wednesday,Not DEER,1,140340079,"1.Divided, no control of access",1. On Roadway,I.Urban Collector,Not GUARDRAIL,HIT_RUN,1,3. Three Approaches,140340079,0,0,Not LRTRUCK,2. Daylight,MAINLINE,MAIN,Not MOTORCYCLE,253252. 11407008      11407008      11407053      11407053,SEC_URBAN,1,Not PED,1,5,NOT-RD,9. Within Intersection,0.81,1. Straight - Level,"2. Two-Way, Divided, Unprotected Median",1. Dry,R-VA114UR07008WB,3. No,Not SENIOR,Not SPEED,12PM TO 3PM,1,4. Stop Sign,5.Hampton Roads,1. No Adverse Condition (Clear/Cloudy),2. No,YOUNG
Not ALCIHOL,Not UNBELTED,BIKE,2. Angle,9/26/2013,9/26/2013,22. Bicycle,1937,A.Ambulatory Injury,Chesapeake,Urban,22. Bicycle,6PM TO 9PM,131.Chesapeake,"4,710",Intersection,Thursday,Not DEER,1,132705172,"0.Two-way, non-divided",1. On Roadway,I.Urban Collector,Not GUARDRAIL,Not HIT_RUN,1,4. Four Approaches,132705172,0,0,Not LRTRUCK,4. Darkness - Road Lighted,MAINLINE,MAIN,Not MOTORCYCLE,484544. 13108530      13108530      13108532,SEC_URBAN,1,Not PED,1,5,NOT-RD,9. Within Intersection,0.89,1. Straight - Level,"2. Two-Way, Divided, Unprotected Median",1. Dry,R-VA131UR08532WB,3. No,Not SENIOR,Not SPEED,6PM TO 9PM,1,3. Traffic Signal,5.Hampton Roads,1. No Adverse Condition (Clear/Cloudy),2. No,YOUNG
Not ALCIHOL,Not UNBELTED,BIKE,2. Angle,9/26/2013,9/26/2013,22. Bicycle,955,B.Visiible Injury,Chesapeake,Urban,22. Bicycle,9AM TO 12PM,131.Chesapeake,634,Intersection,Thursday,Not DEER,1,132695129,"1.Divided, no control of access",1. On Roadway,E.Urban Other Principle Arterials; Connecting Links of Other Rural Principal Arterial,Not GUARDRAIL,Not HIT_RUN,1,4. Four Approaches,132695129,0,0,Not LRTRUCK,2. Daylight,MAINLINE,MAIN,Not MOTORCYCLE,483056.  US00017       US00017      13108524,PRI_URBAN,2,PED,2,5,NOT-RD,9. Within Intersection,33.02,1. Straight - Level,"1. Two-Way, Not Divided",1. Dry,R-VA   US00017SB,3. No,SENIOR,Not SPEED,9AM TO 12PM,1,3. Traffic Signal,5.Hampton Roads,1. No Adverse Condition (Clear/Cloudy),2. No,Not YOUNG
Not ALCIHOL,Not UNBELTED,BIKE,2. Angle,9/27/2013,9/27/2013,20. Motor Vehicle In Transport,1653,B.Visiible Injury,Hampton,Urban,20. Motor Vehicle In Transport,3PM TO 6PM,114.Hampton,,Not Intersection,Friday,Not DEER,1,140340140,,1. On Roadway,,Not GUARDRAIL,Not HIT_RUN,1,2. Two Approaches,,0,0,Not LRTRUCK,2. Daylight,MAINLINE,,Not MOTORCYCLE,.,SEC_URBAN,1,Not PED,1,5,NOT-RD,9. Within Intersection,,1. Straight - Level,"1. Two-Way, Not Divided",1. Dry,U-VA114SC99999UK,3. No,Not SENIOR,Not SPEED,3PM TO 6PM,1,4. Stop Sign,5.Hampton Roads,1. No Adverse Condition (Clear/Cloudy),2. No,YOUNG
ALCOHOL,Not UNBELTED,BIKE,2. Angle,9/27/2013,9/27/2013,22. Bicycle,2300,B.Visiible Injury,Chesapeake,Urban,22. Bicycle,9PM TO 12AM,131.Chesapeake,"1,304",Intersection,Friday,Not DEER,1,132765034,"1.Divided, no control of access",1. On Roadway,E.Urban Other Principle Arterials; Connecting Links of Other Rural Principal Arterial,Not GUARDRAIL,Not HIT_RUN,1,4. Four Approaches,132765034,0,0,Not LRTRUCK,4. Darkness - Road Lighted,MAINLINE,MAIN,Not MOTORCYCLE,483056.  US00017       US00017      13108524,PRI_URBAN,1,Not PED,1,5,NOT-RD,9. Within Intersection,33.02,1. Straight - Level,"3. Two-Way, Divided, Positive Median Barrier",1. Dry,R-VA   US00017SB,3. No,Not SENIOR,Not SPEED,9PM TO 12AM,1,3. Traffic Signal,5.Hampton Roads,1. No Adverse Condition (Clear/Cloudy),2. No,Not YOUNG
Not ALCIHOL,Not UNBELTED,BIKE,2. Angle,9/28/2013,9/28/2013,22. Bicycle,1945,B.Visiible Injury,Hampton,Urban,22. Bicycle,6PM TO 9PM,114.Hampton,"1,658",Intersection,Saturday,Not DEER,1,140340274,"1.Divided, no control of access",1. On Roadway,E.Urban Other Principle Arterials; Connecting Links of Other Rural Principal Arterial,Not GUARDRAIL,Not HIT_RUN,1,1. Not at Intersection,140340274,0,0,Not LRTRUCK,4. Darkness - Road Lighted,MAINLINE,MAIN,Not MOTORCYCLE,754221.  IS00064W263B  US00258       US00258,PRI_URBAN,1,Not PED,1,5,NOT-RD,8. Non-Intersection,63.10,1. Straight - Level,"2. Two-Way, Divided, Unprotected Median",1. Dry,R-VA   US00258EB,3. No,Not SENIOR,Not SPEED,6PM TO 9PM,1,6. Traffic Lanes Marked,5.Hampton Roads,1. No Adverse Condition (Clear/Cloudy),2. No,Not YOUNG